pair_id,x,y,th1,th2,angle_distance,token_distance
0,68.82571749219802,96.95872942806193,1.7135928257232722,-1.3784810899651903,3.0920739156884625,312.6425476074219
1,76.59513306121286,80.10165075828938,1.2486949509193632,-1.4759883513250418,2.7246833022444052,454.22845458984375
2,81.15435866869669,76.79201425150268,-0.30805529873771054,-2.4741438567971046,2.166088558059394,322.6560974121094
3,39.20029950506795,70.60732501954456,-2.190688265710182,1.5992385845429276,2.4932584569264766,367.2056579589844
4,73.62144076791179,42.56037573080056,2.4092839197735536,1.6477670094721457,0.7615169103014079,327.0084228515625
5,36.73744875407201,78.64082076836586,1.9177838633065036,0.6356009883507849,1.2821828749557187,312.99334716796875
6,80.7138383671092,43.28504322318072,-2.709550582221081,-1.1048529479051465,1.6046976343159343,335.2474365234375
7,75.58801255325864,90.49809477584122,-2.5962413634603285,2.5823084118569417,1.1046355318623162,237.08236694335938
8,40.53767028001226,91.36673367186654,2.673877698743599,-1.5235721246218572,2.08573548381413,496.1651306152344
9,52.905525713218154,49.33474768264762,1.7739947369376887,-3.0879205825043785,1.4212699877375192,287.21240234375
10,42.67461614352514,61.87442729901144,0.22583990328615666,-1.4465827886486393,1.672422691934796,364.2460632324219
11,77.12884359405774,53.44756891577143,-1.7498456043127653,1.9116648176349909,2.6216748852318306,399.11016845703125
12,98.27787606477445,82.56275600047636,0.7980940688996849,-1.321898446643854,2.119992515543539,376.8961181640625
13,90.41661632485904,36.85275608687782,-0.31042249074058414,1.705132005021377,2.015554495761961,475.1955261230469
14,58.12743097550772,57.563421180649115,-1.8706542982663652,2.615780189986957,1.7967508189262642,348.7910461425781
15,55.69138215842045,88.73395795747058,2.1515387692133405,0.3721647321746593,1.7793740370386812,280.27252197265625
16,73.28393236010062,97.97218698233847,0.3110339336293495,2.0614160551320193,1.7503821215026698,404.8708190917969
17,44.54790047354316,35.24554550259745,2.510102729656583,-1.2468176824256312,2.5262648950973725,416.1946716308594
18,77.38503339251177,69.01716721698551,0.5394223031789873,-3.0222489661014453,2.7215140378991536,254.01048278808594
19,73.22777026849738,87.31413948032571,0.5465973752162747,-0.4139979715453008,0.9605953467615755,270.45196533203125
20,73.68169298043944,81.25186678743935,-1.406615306845808,-2.8192695926660014,1.4126542858201934,399.71954345703125
21,62.87221280314208,100.77047679938617,2.084664207643457,-2.082408281314529,2.1161128182216005,276.08563232421875
22,68.90288170881377,47.23192577503389,1.5632768911001946,-1.8918461523955963,2.8280622636837958,421.8515930175781
23,77.25496211196176,82.18438379222906,1.4536717384519822,1.708870067821052,0.25519832936906983,109.61176300048828
24,95.92788764484499,37.92835502838664,-2.8666729185310804,-0.964865293361846,1.9018076251692344,328.9613342285156
25,79.00186763201259,43.18740623404022,0.7476159077798283,1.3252902488870584,0.5776743411072301,337.6997985839844
26,81.82883213895633,82.71175656490271,-1.6637692679605784,-0.7719794460337992,0.8917898219267791,373.3266296386719
27,56.18121438581747,85.27861284998149,-1.5089344298498044,1.3414344732237566,2.8503689030735613,409.26922607421875
28,78.86945144217286,90.95993534051092,1.1542373960207506,-1.4481412685957047,2.602378664616455,382.2677917480469
29,35.17315058898859,76.90279551620146,-0.7859028047374363,0.46092777354050307,1.2468305782779394,295.6654052734375
30,95.76808883295976,81.64081879943191,3.102132919333373,0.8540339221023912,2.248098997230982,274.9845886230469
31,76.69903399353704,76.93005373955472,1.264810836479139,1.69585903179052,0.43104819531138094,243.5908966064453
32,97.4174292453043,94.92765526731637,2.7565069001360643,-1.6588713146127423,1.8678070924307797,420.58502197265625
33,81.77551331095502,89.16487654178815,1.214309030193971,1.9168424342978847,0.7025334041039137,193.28347778320312
34,80.05274993305359,82.87746927514185,1.9616746882056653,-1.096244768611598,3.057919456817263,290.34967041015625
35,91.71201878382055,46.76878709288855,-0.45472153609403954,-0.8987113120899788,0.44398977599593925,205.6479949951172
36,95.90518119728202,82.48048279306809,2.777195428618504,1.760505879607548,1.0166895490109562,312.69696044921875
37,79.77679694577242,50.82009645715391,0.3031639507208368,2.053297862204034,1.7501339114831973,296.77252197265625
38,70.37388466561092,60.36439844242204,-2.8690993855039073,0.004453890367616342,2.8735532758715236,231.73130798339844
39,86.6918945319114,65.85012948516888,1.165694738136561,-0.7642066035553854,1.9299013416919464,365.593017578125
40,99.95015773744706,101.52245383315514,0.6284832579980968,0.19465121852450373,0.4338320394735931,181.50540161132812
41,94.83514219176794,53.37731742866852,-3.0777303368890667,0.44198991427670364,2.7634650560138163,239.18576049804688
42,69.59132878960003,93.80786543738938,-1.975639943359396,2.5815279478941395,1.7260174159260508,314.4540710449219
43,41.93382784728922,65.47617054927362,0.7963910935084901,0.31909135390331267,0.47729973960517746,312.0542297363281
44,39.35021977664001,49.72536587063156,-3.039467653524615,-1.1168361074786635,1.9226315460459515,365.3089599609375
45,90.27275979818096,50.25159228456593,0.19799702497752625,-2.955778267004052,3.129410015198008,223.67808532714844
46,38.82276932809449,74.96432910504481,0.8714190289946178,1.6359567534363944,0.7645377244417766,300.78289794921875
47,74.01761466431572,75.22238877195937,3.0436051068494807,-0.2561282244759191,2.983451975854187,251.95071411132812
48,37.35122712078107,88.98646164785728,-2.755300581626448,-1.685876024355659,1.069424557270789,467.31683349609375
49,40.74707316499354,88.17361506151221,-2.7462025082576593,0.1889005658937113,2.9351030741513706,466.9482727050781
50,96.48022437963836,61.476162699608984,-2.0040420477132805,0.49077391375987345,2.494815961473154,343.4883728027344
51,52.713816440077466,94.9209001253877,-1.3928643100871942,2.0956865608657047,2.7946344362266875,374.6723937988281
52,49.91952194852316,73.88754531910442,2.3600387911522303,1.046412301477126,1.3136264896751042,229.99522399902344
53,52.657615651343725,75.66446467878737,-0.17677619001185496,-0.7592560701754665,0.5824798801636115,232.85232543945312
54,91.63476409184231,93.0099011725868,2.2602677178860695,2.8720890876845777,0.6118213697985082,235.3656463623047
55,87.67694500610699,99.70484124325274,0.2750652510660627,-2.8324195864764707,3.1074848375425335,260.6219177246094
56,58.531393344006744,44.32802734463504,2.972169129262949,-0.15725906820035984,3.1294281974633087,254.86123657226562
57,95.33300828354575,61.654666760374596,-0.15971705665907443,0.8753410774957313,1.0350581341548057,268.6629638671875
58,73.643262245563,89.96109837213461,-0.8237093374941731,-0.16515054529991913,0.658558792194254,248.5222930908203
59,41.713359883842514,80.55959432974285,-0.43609719264851865,2.0674443812747043,2.503541573923223,264.17803955078125
60,49.447755867363924,82.55436347224557,-3.015586681927366,-0.7921753137132423,2.2234113682141237,305.2319030761719
61,74.05892343147015,75.03260384247395,-1.190788007572102,1.3880473168245935,2.5788353243966955,330.6203308105469
62,87.02727751435702,90.76824127031963,2.651147424558302,-0.08320013635126244,2.7343475609095647,251.36386108398438
63,80.37460599297908,76.39179581928778,-1.8550752570231017,1.9810811589556803,2.4470288912008047,350.0863037109375
64,80.9925476779722,91.30714668914479,1.4245880625236138,2.8170960202801574,1.3925079577565436,372.9002685546875
65,101.86456335076633,61.06089891948194,-2.3532985554296655,-2.1700261318361873,0.1832724235934782,122.53256225585938
66,90.70551955299078,88.32706740207054,-2.610512848161902,2.639763813122526,1.0329086458951589,240.6855010986328
67,86.2807917341984,35.45334683807756,-2.8309635121687955,1.5667347225754238,1.8854870724353676,488.39508056640625
68,44.514675179643916,99.76449734582926,-1.1133422662634946,-0.4550402954187076,0.658301970844787,225.50375366210938
69,77.97488125038963,53.76405233898885,1.3245023312533224,1.3456449981245653,0.021142666871242888,64.4627914428711
70,64.26138728375614,39.061822935015684,-2.6439969648445008,1.0620269541910226,2.577161388144063,361.4524230957031
71,40.15237422648838,46.40675506766007,1.2783716539136583,-0.8715551941196771,2.1499268480333353,364.99658203125
72,83.42243760568181,93.5306768468048,-1.0056026250624899,2.100515681105529,3.106118306168019,260.65216064453125
73,62.36106880682382,53.52486862882982,0.2807521196702423,-2.5394708566598383,2.8202229763300806,258.1072692871094
74,49.60574696145658,47.576728322276885,1.714519196060424,1.9715303713321006,0.25701117527167655,172.9281463623047
75,38.86538082426137,89.92841084419342,-2.21132701566263,1.4365541555458616,2.635304135971095,337.9151916503906
76,45.759553565791464,83.04940031887855,1.6513981960927122,-2.782615174002946,1.8491719370839281,368.67803955078125
77,43.10083044439652,84.60910465998847,-1.2494118217351156,1.8519053329124606,3.1013171546475764,307.82171630859375
78,36.568780274056834,64.55013482523785,2.1803884732143075,-0.13925695327104926,2.3196454264853568,267.72991943359375
79,100.44463825988969,40.07403900304001,-1.219874385579554,0.7173127302127935,1.9371871157923475,369.6439208984375
80,68.61814590100857,49.713783694121666,2.2044905417390064,1.7872898965817132,0.41720064515729316,176.67889404296875
81,64.03449253578735,59.620266400732,3.127313552080828,0.48567318845401175,2.6416403636268164,241.37156677246094
82,42.05631467727636,100.22729447936717,-3.0280895126765626,0.03434636955400494,3.0624358822305675,319.7485046386719
83,87.81719004815349,99.99382327856193,-2.638381460707119,2.1967088302938063,1.4480950161786608,290.0888977050781
84,36.600050083433764,41.34166103395749,0.1674461624280581,1.6472400760112356,1.4797939135831775,386.4585266113281
85,35.89971195022124,39.61470930693635,-0.6537422673239437,2.125286987867753,2.7790292551916966,368.9450988769531
86,59.38550639299574,95.54177626643114,-2.489148157502916,2.887354743220368,0.9066824064563017,262.5248107910156
87,99.34438916851877,58.33790800935938,-1.4756365412526313,-0.1862648994806042,1.2893716417720271,407.07000732421875
88,71.08643594978338,60.49366185284302,-2.8046330666868626,1.1419129086831195,2.3366393318096046,284.8861999511719
89,51.10605891932654,81.74010110865662,1.640046372349655,0.3960279208130326,1.2440184515366224,385.99761962890625
90,83.95003658025269,97.87259994970206,2.6776467447819767,-0.5646595770917697,3.04087898530584,248.6636505126953
91,90.88705002298397,71.58430515659828,-1.7584879902856838,0.32890873887839245,2.0873967291640763,404.1768493652344
92,69.71809194356048,68.55908153486965,-0.03224361848643964,-1.7568005605862729,1.7245569420998332,363.2522888183594
93,38.463415217392274,100.39159447751688,1.3660364448943074,-1.1118292704886676,2.477865715382975,291.1651916503906
94,35.949318985918865,51.218374168285884,2.641228260690985,-3.070411370038473,0.5715456764501285,183.71875
95,47.42285999754357,93.15896089115635,1.7806903853317362,-1.1609289486597132,2.9416193339914494,320.82379150390625
96,61.32077894264043,89.77035374115147,1.711637035158872,-1.5291119518718634,3.0424363201488513,385.6883544921875
97,36.18719713313451,47.186679536219806,-0.7036911630433713,-2.1880260017927635,1.4843348387493922,285.2720642089844
98,38.18438602517161,42.064111435182355,0.07865364725940882,1.9818639231545765,1.9032102758951677,320.9718933105469
99,62.49658879525607,52.84186168963279,0.43485704007545767,2.194232947151966,1.7593759070765085,236.33041381835938
100,87.91936506420443,65.74574604820853,0.6339597236549843,-2.394191598153081,3.0281513218080653,273.49932861328125
101,90.34627611961179,55.83205051587863,-2.926187640419313,0.09222309119526928,3.018410731614582,231.69142150878906
102,41.00132178415161,39.32095682663104,1.325168893982453,-2.6807745072299736,2.2772419059671596,386.0919494628906
103,65.83907426892515,90.78986669356897,-0.41668020522470606,1.2781805972068243,1.6948608024315304,342.3359069824219
104,52.55602857292367,46.994366628150416,0.11364090758332068,-1.0210068122625922,1.1346477198459128,306.090087890625
105,36.609524102332514,89.36848047067741,-1.5468212290157635,2.58112864987266,2.155235428291163,515.2088012695312
106,75.10190687994012,80.87641290381995,-1.7998554939962441,1.4010121122305552,3.0823177009527876,363.65277099609375
107,47.31390176290128,58.256703747555896,-0.5444571692108493,-0.13106830803381797,0.41338886117703133,170.90029907226562
108,89.10120006364637,101.13248181544058,1.836362270635954,2.7777035690147684,0.9413412983788145,272.2816162109375
109,85.90682127248063,38.140890351537685,-0.3466620658910258,0.0544456144218346,0.4011076803128604,312.2235412597656
110,37.42248924984313,54.00133233338289,-0.40717992258687685,-2.75739580456729,2.350215881980413,412.5131530761719
111,53.59371566655383,54.35323277071432,2.238264003775173,-0.14634483370830909,2.384608837483482,265.3060607910156
112,46.859666005857534,56.20875973008766,-2.2431633531951993,-2.8573475415344802,0.6141841883392809,250.611572265625
113,54.95828642904948,78.10376591713384,0.9318429903782031,-1.5589641174169777,2.490807107795181,416.8870544433594
114,52.9445192617917,83.06816946415945,-1.6454943746204995,-1.3701831412215966,0.27531123339890295,317.0467529296875
115,39.88702253980076,76.76505421894956,-2.491063277177459,2.131752081778278,1.6603699482238492,283.0337219238281
116,58.95045121584624,99.84542257436111,-0.1426173134637585,1.815874462128372,1.9584917755921305,293.5417785644531
117,94.60632110732516,43.58464218220523,0.06042461226837492,-0.12449674176029957,0.1849213540286745,146.9982147216797
118,50.06029592472254,47.13058002340191,0.002771662550862697,-1.914682893670812,1.9174545562216747,338.3495788574219
119,70.3037979232428,41.990025507757146,-3.1068353829109348,-0.10998965956641094,2.996845723344524,204.0125732421875
120,35.66007009924795,90.15121707475845,1.416351412882932,-1.8256521321170975,3.041181762179557,336.04547119140625
121,53.536370664675815,41.847718622943724,1.8107679485511623,-1.580874589802036,2.891542768826388,449.3912048339844
122,63.61181312252543,75.2647144941283,1.9212561861700435,-0.06720367863104615,1.9884598648010896,358.3856201171875
123,83.8645491866431,96.25497749205691,-0.2120650476646797,3.138045993856359,2.933074265658548,218.6964874267578
124,49.280238164328274,57.0781126631003,2.1978204841313014,-0.44642633084434014,2.6442468149756415,237.48773193359375
125,51.363752750970924,50.95697269155556,0.03946042851365261,0.9765312138079647,0.9370707852943121,242.7285919189453
126,38.229567297261866,101.29166282037038,-2.495026287561913,-1.3042947468526345,1.1907315407092787,333.5740661621094
127,95.99633520691654,46.35683380489246,-3.000338428488622,2.2463013479386245,1.0365455307523403,251.09597778320312
128,70.39145108617868,100.17317212739341,-1.3463494888096768,0.2714585175728681,1.6178080063825448,342.85113525390625
129,37.2904718600274,38.00149572554207,-0.3536799326497424,-2.502680785606841,2.1490008529570988,455.8935546875
130,78.79132856994616,85.31498588637967,0.4027968223165983,1.8429649856241666,1.4401681633075682,296.6441955566406
131,101.33750646466903,55.9696769095229,-1.944792276015734,-1.0195677575748143,0.9252245184409196,310.6878967285156
132,63.28118209117126,51.887367279516425,1.3652081030608363,2.3220387387334016,0.9568306356725653,217.45242309570312
133,76.09996778898102,84.5617038470057,-0.3002213421370281,-1.723037910556275,1.4228165684192469,392.5227355957031
134,68.43473050617334,100.44395897048811,-1.3213635451654884,1.2974154090607035,2.618778954226192,302.9745788574219
135,43.2594259264351,35.1989777368026,2.763309787004431,-2.0816377723441875,1.438237747830968,333.3155517578125
136,67.57373568289,50.95902611610866,-0.659806337409611,-0.46857925505588804,0.191227082353723,104.28596496582031
137,64.31307517159136,39.61620206566028,1.6183709727548212,2.0687371118116333,0.4503661390568121,281.37738037109375
138,95.02948078627281,68.33090186086918,-3.116525245723537,-2.610847438079899,0.5056778076436377,206.59671020507812
139,65.08449782959309,97.31880076841117,2.6065610889105484,0.4013612239960316,2.205199864914517,268.77655029296875
140,39.457608630672496,63.682100743077,-3.13672496854833,2.434341319528362,0.712119019102895,217.88890075683594
141,48.62354509945066,94.02015477176903,-2.483045533787441,2.8433634169467394,0.9567763564454064,262.3515319824219
142,81.55888674244514,58.018250918280714,1.8151989723919888,2.0780912872684087,0.26289231487641995,186.7312469482422
143,82.046919159938,75.38972663219675,3.127892129910798,0.6522444178957225,2.4756477120150753,247.81492614746094
144,55.67530051617647,68.39862295027515,-2.643177943632587,0.1956207784286752,2.838798722061262,258.3052978515625
145,41.04402758344977,85.3858112316907,-1.7399221463245258,-1.2343158630235278,0.505606283300998,358.4471740722656
146,83.68261324262778,98.75752111350322,0.80846214078153,0.5863319228636725,0.22213021791785745,129.6475372314453
147,91.91064514351518,93.21910290193829,0.09060329537450329,0.4596754976648776,0.3690722022903743,186.5283203125
148,72.7593962838833,62.30463884050418,1.4270655464623117,-1.857697989829924,2.9984217708873513,334.1499328613281
149,67.6868510817342,36.46902675530214,1.8664570225013541,-1.260739588356879,3.127196610858233,510.834716796875
150,71.766349744236,99.10349942951007,-2.865568072446618,-2.567537980767294,0.29803009167932437,168.4789581298828
151,91.98660163970901,75.59234090018256,-0.3804781797978465,-2.0457296874996977,1.6652515077018513,317.17987060546875
152,96.43979399371239,95.29429301935986,-1.9472198630458213,-0.35241742406118837,1.594802438984633,345.8396911621094
153,95.525291468625,42.257605743083,1.1427328804720513,2.0280917335868285,0.8853588531147771,182.12840270996094
154,41.07589221314895,62.262371488310094,-0.7846873933789991,0.5434649919550578,1.3281523853340569,303.201904296875
155,48.68390712015848,67.23500391407066,0.6195888363458701,3.0629765385078054,2.4433877021619352,288.480712890625
156,50.3514342974118,54.9592029533943,-1.754284759446095,1.3077730463931942,3.0620578058392893,337.967041015625
157,79.62029005349576,86.64051799572272,-1.2585725112297461,0.976861107533372,2.235433618763118,338.7453308105469
158,66.0874283916097,84.15919281714713,2.324514765042985,2.1451263960492346,0.17938836899375055,105.4731674194336
159,59.59498104108617,60.45793599879049,-1.1343814771026386,-1.8749754143966648,0.7405939372940262,255.81346130371094
160,39.584312188397874,82.21249619253457,2.1566835129891064,1.8657770662137665,0.29090644677533994,163.2050323486328
161,56.06788642744854,39.26236516423946,2.8175231419850855,2.1756972839208535,0.641825858064232,361.8733215332031
162,86.70569878770577,83.97426426365831,1.8409044854471706,0.35178115439136626,1.4891233310558043,305.0588073730469
163,66.10007415795504,74.69380892285183,0.765193400208505,-2.3510230996101087,3.1162164998186137,264.48712158203125
164,94.75336674550752,37.16348810453764,1.3121727002924048,1.0574887253288692,0.2546839749635357,162.29721069335938
165,44.26156636985756,80.370351362234,-1.932155405743464,1.8914064561354964,2.4596234453006263,396.2495422363281
166,95.94463891352032,100.52012405664468,2.917106762926494,0.8236465126342782,2.0934602502922157,269.4700012207031
167,95.80465805782052,101.597794241539,-0.09994283907429091,-0.24313890917738634,0.14319607010309543,143.39195251464844
168,74.77381090467252,78.77108497932906,-1.1960674878924697,0.8224123134641221,2.018479801356592,373.6286315917969
169,91.43821087270842,40.56789200641542,-2.232874091343842,-2.6174288053625734,0.3845547140187313,181.50648498535156
170,70.49125658264705,59.270618883518466,0.567882689902623,-0.06599509146064486,0.6338777813632679,199.00485229492188
171,41.92263903797117,73.7465983555951,1.5466094947011486,2.037832844403412,0.49122334970226333,274.65728759765625
172,77.69257112543602,94.82332591358318,-0.6450810272169059,1.1320536127855156,1.7771346400024215,286.27581787109375
173,80.39476996465078,73.6631395608459,-0.2289524322174321,-0.15179912483898494,0.07715330737844717,115.6606674194336
174,70.71163663872824,68.84813847465588,2.926688074849884,-1.720123508874355,1.6363737234553473,372.6765441894531
175,47.136478635238284,57.85804800811407,2.9911120965199,0.2265473047232356,2.7645647917966643,243.40354919433594
176,83.04983308442274,78.29034890295236,-2.311233630211093,1.8323168546766073,2.1396348222918857,359.3052062988281
177,64.55113990743573,74.19508735564494,-0.03740045040125706,-2.037072850558838,1.9996724001575807,311.86480712890625
178,55.79223373325698,43.141087755919784,0.17068075691021356,1.9057085696806606,1.735027812770447,371.70758056640625
179,85.13028113929542,67.63695989459555,-2.434854133394398,-2.1698096409430394,0.2650444924513584,154.17819213867188
180,77.71343401121264,71.13258951176275,2.850165511133895,-0.4211355305711666,3.0118842654745253,313.54071044921875
181,69.15275765235495,45.996798258446745,-2.3606890656056003,0.24519593678780804,2.6058850023934084,286.9063720703125
182,44.705668962909435,77.11942048281753,0.7731393074884902,-1.4201076938822308,2.193247001370721,339.1181945800781
183,40.08733118050613,96.92695035866154,2.6056956136178755,-2.758662602487027,0.9188270910746843,259.4035339355469
184,43.86387902734496,90.60829891076303,1.8721310559425612,0.42504213214554865,1.4470889237970126,296.4579772949219
185,40.07378139745622,92.2865454433351,-1.656417119784357,2.2048352440039602,2.4219329433912695,437.9771728515625
186,62.818889581351144,91.88889837311774,-2.878023284288062,-1.0809792985592312,1.797043985728831,314.0488586425781
187,67.64848354165284,95.75454076576086,-2.092353526258508,-2.2806734870203185,0.18831996076181046,143.58404541015625
188,48.87821060373743,40.98121558148676,-1.6883738814429088,-2.1508196067966945,0.46244572535378575,284.97589111328125
189,86.46888310209128,67.8086091980297,1.2399073325689205,-1.3980479794971419,2.6379553120660626,387.8427429199219
190,83.12271252262337,86.30880633411728,-1.3489486221220774,2.5785622063739906,2.3556744786835186,333.7197570800781
191,77.04473634030433,44.75350291748709,0.743318634573892,-2.607408895642321,2.9324577769633735,283.6036682128906
192,101.03431252597166,83.94022703198628,-2.3799852189096953,3.0252607873658484,0.8779393009040428,283.58331298828125
193,49.618171282838176,64.99046760115434,0.38083588467299334,-0.7053270413102228,1.0861629259832162,294.4793701171875
194,43.98866945133745,78.92910913893462,-2.195722307915534,-0.11217834583603503,2.083543962079499,314.298583984375
195,99.60812994265878,69.2420932267268,-2.5406976981720657,2.109077494857151,1.6334101141503699,287.7807312011719
196,49.58019137635737,87.98516812164581,0.7976507075073656,2.6491796582455533,1.8515289507381878,268.54876708984375
197,73.64179589283097,67.58942293077723,0.9216178925441065,2.162425352353453,1.2408074598093464,212.4697723388672
198,55.19043685825143,59.637527448111186,-1.7934874747796423,0.5615421681597255,2.3550296429393676,331.68572998046875
199,99.06732826626491,63.114471925125486,-0.08995461074171773,2.342887753601917,2.4328423643436348,242.6822052001953
200,67.71887270493885,74.71791512783024,1.722615019502844,0.5095203870043847,1.2130946324984593,306.7630920410156
201,68.59241175853103,36.38821742943558,-2.428768893619647,1.173143845041908,2.6812725685180316,472.550048828125
202,80.86115522840774,68.72886315624002,0.5492379447380205,-2.3235314025031553,2.8727693472411757,256.39544677734375
203,92.65080858336552,95.36033057037932,-0.9977769456493335,-0.334332365702827,0.6634445799465065,294.4269714355469
204,45.14716778968402,97.72309723946336,-0.1301453835695785,0.9835498337438979,1.1136952173134764,266.9651794433594
205,62.53228734213688,69.96282646781782,-0.8539397374804181,0.10520579615725856,0.9591455336376766,291.6654357910156
206,61.509762960651784,83.96727034532644,1.4280924894331894,2.028622893523883,0.6005304040906934,270.7755432128906
207,75.05187726692012,37.15272371201974,-1.1258502335137526,-1.204536569855793,0.07868633634204047,216.78968811035156
208,100.51782519702319,44.718004822379264,1.7250529102082934,2.314129587360557,0.5890766771522635,268.3135986328125
209,62.38036618122575,98.46184222576133,0.04493921023237757,-1.1652088405056111,1.2101480507379887,365.2003173828125
210,50.16747860908177,69.47978881225853,2.1309541080708563,1.5186549749656058,0.6122991331052506,285.5511779785156
211,101.21296077330932,75.79113765098327,-1.04773112216807,-0.32713113778652625,0.7205999843815438,316.9979248046875
212,82.6361442065299,86.6433403421394,-0.0071398423566790825,0.6949787282133135,0.7021185705699926,238.29779052734375
213,76.67379362952988,58.3759281793281,2.7547269753993904,-2.7426589722263337,0.7857993595538625,212.2899932861328
214,60.873203544774796,40.96790908061847,-2.203594132550727,3.0576272274637697,1.0219639471650892,262.56390380859375
215,59.86911001328686,48.85878845432043,1.286096144657293,-1.124331311016788,2.410427455674081,320.798095703125
216,45.701509766565366,69.58150002930815,-2.15617128905496,1.2190443295711795,2.907969688553447,302.0184631347656
217,88.09154106826452,58.0256663616632,-2.464261937388056,-1.1987509377391607,1.2655109996488954,360.6637878417969
218,59.72786953556873,92.87798661170419,1.7690923859528729,-0.7467292741520466,2.5158216601049195,295.1409606933594
219,55.19222371127398,94.51434266345409,0.7293016838620652,-3.107654083787162,2.4462295395303597,254.42063903808594
220,101.75926496332495,82.01523544214689,-1.7070373735401203,0.13412814455293942,1.8411655180930597,410.01593017578125
221,62.19004613233598,58.0077507046099,2.448157050784996,0.9124149946408382,1.5357420561441577,215.24700927734375
222,45.8799435618763,85.29045026092224,0.7765513175890066,-0.9461946656367859,1.7227459832257925,310.28985595703125
223,92.53259422267394,87.70945367094228,-0.3845501355071055,-2.6975499741518223,2.312999838644717,280.5303039550781
224,73.9890211429263,45.172037281368716,-2.3246195186247594,-1.100249733650068,1.2243697849746913,271.4364318847656
225,88.82320471907211,69.16477117823558,1.6956158417716418,0.16505879799599965,1.5305570437756422,330.1708984375
226,59.43004688534829,76.31241808272382,-1.6233849649034886,-0.27108354443898053,1.352301420464508,423.36456298828125
227,41.381673675203814,69.44516182124872,-0.7526174742120806,-2.4989692590314565,1.746351784819376,302.9794006347656
228,38.55466350426212,74.91793257664935,0.010646766016422227,-1.1622058313329058,1.172852597349328,353.71331787109375
229,71.28683517200272,53.741310545632615,-0.10205390915070822,-1.8873440297314605,1.7852901205807523,444.54278564453125
230,87.2185082719593,58.255820828831304,1.4405162673930008,-1.9888989952512672,2.853770044535319,352.3005065917969
231,70.12066517298666,48.619632530186664,-1.5055501780722798,-0.989006197744871,0.5165439803274088,341.0740966796875
232,88.32257578334966,81.65348521966791,-2.8355855559786836,1.7228288071563709,1.724770944044532,358.8195495605469
233,63.59621042154423,90.56849314403382,-2.8218818722669052,-0.4208317561753967,2.4010501160915085,310.9095458984375
234,35.1870917044462,35.24041431360829,0.09853359379826587,0.42641920341526474,0.32788560961699886,171.86155700683594
235,73.22499854245117,37.01962170076812,1.924254045726892,-0.020979513893246704,1.9452335596201387,420.69927978515625
236,77.87763927211282,94.62342515106593,-1.9338899219468353,-1.2793730585732241,0.6545168633736111,245.36404418945312
237,76.49699364231176,68.08304429638275,0.1451714163438944,-0.6018668177620894,0.7470382341059838,252.2099609375
238,73.88024940836172,50.000954403413964,1.3315172307877612,2.8826752828433237,1.5511580520555626,289.56024169921875
239,88.69905348795412,45.39027599225415,1.564562178409501,2.673639191298114,1.109077012888613,386.94677734375
240,42.61741455916518,47.40650460136324,2.6158644338303203,1.0104886770557542,1.6053757567745661,253.12484741210938
241,73.3029659535725,41.40416978859143,-1.427771553924158,-0.8192404809598002,0.6085310729643578,342.4871826171875
242,49.168631506269776,78.36737504081987,-0.15285111427259768,0.5133765393096561,0.6662276535822538,237.05760192871094
243,39.557403324734224,81.17392465647812,-0.5968446651161141,-0.4339843380691577,0.16286032704695638,97.44947052001953
244,94.2485539624676,83.4123244692043,-3.134686078693967,1.8636672019123788,1.2848320265732405,328.2230224609375
245,80.53372830015996,85.04880772147197,1.0361236793766508,-0.2947044073434446,1.3308280867200954,308.59539794921875
246,61.06998195087826,74.24998127630766,-0.5875777812142386,0.21241918201472965,0.7999969632289683,269.2000732421875
247,48.583558214815696,80.14344222064375,-1.845188925849369,1.731723213482086,2.7062731678481318,355.7826843261719
248,90.10302759248722,84.8205355128278,0.014640349383041151,-1.287010437707085,1.3016507870901262,368.55584716796875
249,61.25520914720947,40.99587286834953,1.710590507364019,0.43772111394711777,1.2728693934169013,358.2955322265625
250,93.12374980755746,83.25320734013005,2.3525776398157916,-2.756077582504384,1.1745300848594111,290.77435302734375
251,86.94646372927907,59.757334828020674,-0.6044704562968244,-0.1844208381932555,0.42004961810356894,223.9544677734375
252,101.08409183683521,87.3970417263647,0.500875132528269,-0.2614881666595199,0.7623632991877889,267.805419921875
253,71.19229032197299,68.10456162942499,-2.5464715255260932,1.2953311181879004,2.441382663465593,318.6070556640625
254,70.93191465180482,93.7305771269871,2.485600959863735,1.0426602936635065,1.4429406662002284,250.33457946777344
255,99.70214207826264,86.59999055058992,2.5197277287945195,1.2183333918965609,1.3013943368979586,278.4249572753906
256,44.69616518757705,41.18427666228783,-0.2511283593601452,-0.5053014790951313,0.25417311973498613,188.8297119140625
257,55.282467351432715,45.04816329987529,2.9066313107626716,-1.6861495306432832,1.6904044657736315,387.8423767089844
258,68.36714064677768,89.89826982741528,2.134384622148956,0.1069320558542195,2.0274525662947367,283.035888671875
259,68.9147083023532,44.5749873261565,1.852941018591273,-2.6458321272929393,1.7844121612953743,339.9198913574219
260,61.55917766259667,75.90015842474432,2.9276582748028295,0.9843404600402712,1.9433178147625583,273.5060729980469
261,67.69385032504591,55.138051899130346,-2.0124435840636057,-3.0819250924167183,1.0694815083531126,322.4395446777344
262,92.60538688495954,55.919518856188304,2.5776002841882573,0.21305569412549463,2.3645445900627626,227.93267822265625
263,41.165992548081746,89.60783852987603,-1.6063781848092717,2.99789761458905,1.6789095077812652,520.0104370117188
264,49.153199503717744,87.03139970012276,1.9647030000410712,-2.1175381216158575,2.200944185522658,309.67547607421875
265,71.79630714038674,38.73161347824908,2.788443927660074,-2.1211922865038693,1.373549093015643,312.8056335449219
266,88.0031502082712,76.11342678947403,-1.4868678444684371,-0.1986217123595253,1.2882461321089118,428.3083801269531
267,74.6789488119482,65.96884969265196,-0.3792305230052193,-2.5154219787976997,2.1361914557924804,302.77886962890625
268,61.63362754621379,69.90060510896969,-2.1428937368008354,-0.27810643456915907,1.8647873022316763,303.6216735839844
269,49.53709843522616,84.73058611185088,0.0596084468594924,2.519754038120192,2.4601455912606998,265.296875
270,81.93575633144346,72.95939570539284,-0.34545307494145083,-2.694721563443507,2.349268488502056,308.19586181640625
271,65.30933586021496,78.53202727377189,-2.07490558536704,-1.2352178668102602,0.8396877185567797,317.9705810546875
272,50.14314844790875,65.90338355094457,2.537194857088413,0.33130593000440145,2.2058889270840116,383.6584777832031
273,62.3658613527648,62.87432489912516,1.4792704123795888,-2.5593881700406595,2.244526724759338,407.9690856933594
274,49.1751853340557,53.22490225510664,-2.192290622830275,-0.7862743154560841,1.4060163073741911,275.796630859375
275,45.26523581435939,88.08492356603111,1.3413541241866564,-0.7332698259187351,2.0746239501053916,285.105712890625
276,41.46948398912089,38.378624388263354,-1.7452304886913428,1.788455188193507,2.749499630294737,432.7717590332031
277,63.49090036210657,99.3872857137012,-2.480129350951648,-0.4262971404930944,2.0538322104585536,286.7969970703125
278,63.49173381918349,83.66224214444668,0.5952155652360314,2.3085183096784023,1.713302744442371,220.25576782226562
279,88.36965988361801,61.800649251536115,1.38098863053421,1.387066700622067,0.006078070087856879,22.461153030395508
280,88.56088900775049,84.33533717349815,-1.3768046254649577,-2.9471219120954846,1.5703172866305268,344.3061218261719
281,65.96342979742026,92.92680693681629,-1.531620573128273,-0.0879451594880214,1.4436754136402516,427.5955810546875
282,59.08894208359999,84.56713815109214,0.30178905303328474,-0.5900302236427257,0.8918192766760105,340.2114562988281
283,75.30931249536081,49.3975816954347,-1.0170009087744774,-2.1253138816509725,1.108312972876495,299.94061279296875
284,89.84466690739524,69.60823808159614,-1.9958421047591646,-0.20729072311982133,1.7885513816393432,309.37054443359375
285,86.8385034208438,78.01839814491626,-1.5023420069278215,-2.168880952306232,0.6665389453784103,395.0613098144531
286,63.76879947261827,61.351319983311306,-0.8176413202030974,1.8605356867607883,2.6781770069638857,314.64453125
287,59.07803536301654,52.46369320203702,2.995888709256336,-0.2654570460613521,3.0218395518618983,277.69940185546875
288,91.21172965897614,76.48811256038742,0.036534943896613825,0.07186931728282264,0.03533437338620882,32.72698211669922
289,37.588871539915026,57.55728840523394,0.4204096184760573,-2.5921791006682047,3.012588719144262,374.5419006347656
290,55.864692004432186,93.872339510523,1.9684856259851635,2.26768100422996,0.2991953782447965,179.5154266357422
291,53.35943968889189,90.28671352609392,-1.9293973232445742,-0.682039267773169,1.2473580554714052,333.4534912109375
292,57.64401406274058,98.96674560415687,0.4086330312390478,0.5349045979847178,0.12627156674566997,132.00949096679688
293,55.59057105530016,37.1972942749238,1.1713128763712328,1.6753383041761207,0.5040254278048879,251.6351776123047
294,39.385880601861956,42.25198814809127,0.23151205185905477,2.8834699450810435,2.6519578932219887,343.24652099609375
295,82.19143843967443,73.49094813352283,-0.5355002874184156,2.478597254630147,3.0140975420485625,265.20806884765625
296,85.52225193718313,99.09247583512864,-1.55838857129305,-2.896029080126327,1.3376405088332768,457.6908264160156
297,36.778446556487815,69.58531817849041,-0.572018513378874,-0.3000046004945709,0.2720139128843031,239.5872344970703
298,53.78648052131248,90.34932005341552,0.7720684217882927,2.041810795829819,1.2697423740415261,246.53836059570312
299,92.13114045447438,51.28531662630271,0.5188861550658994,-2.8410097632003866,2.9232893889133007,284.65869140625
300,41.35434635731268,51.99290949770969,-2.1581063104949285,2.9026611390720065,1.2224178576126514,348.5718994140625
301,65.79483608044359,75.05630282362291,-1.8265592782043394,-1.121093912505942,0.7054653656983974,251.42529296875
302,39.773623462586535,69.74043297214915,0.8951847822791299,0.4557817232149306,0.4394030590641993,181.0515899658203
303,87.74316846548928,94.92944163339888,-2.62957785612429,-1.2026505813389112,1.4269272747853787,351.4256591796875
304,99.43327210303781,40.99555570262272,0.796679380225219,-1.9806603983698123,2.7773397785950316,294.689208984375
305,78.6544803471819,70.838870278526,-2.521439924447092,-2.562932372839224,0.04149244839213173,85.1987533569336
306,74.73588228889147,53.877110719200196,1.1052974373635696,2.1509764226599293,1.0456789852963597,187.18496704101562
307,89.7789935180775,54.53327899542195,0.14905544874879384,2.7301252042869297,2.581069755538136,237.00125122070312
308,70.93242356533938,60.713947487313135,-1.5659864374479133,0.19844800790359907,1.7644344453515124,424.99609375
309,57.613925241563315,52.2332567215287,1.9660937834804697,-2.3145531437361395,2.0025383799629775,278.52093505859375
310,85.72687096451494,86.93523457482058,0.9061985289825767,-0.9667639000375279,1.8729624290201046,302.9021301269531
311,38.28223781938763,57.644850733665265,2.566234241573242,-1.8560606608792944,1.8608904047270498,375.90472412109375
312,73.09402466746721,49.34931582543596,-0.9164890125631282,-0.4166114349395009,0.4998775776236273,257.4172668457031
313,36.78060147186381,52.28452980906391,2.2291847485758094,3.09899482084181,0.8698100722660004,317.4949645996094
314,74.06095793533515,87.18365571803348,2.8251767461821187,2.85368453017921,0.02850778399709153,173.1652374267578
315,68.8256914756218,101.12752036145959,-1.094408188060175,-2.7852530352021496,1.6908448471419746,313.69403076171875
316,93.1892624991126,52.27380434503074,-2.7428255940500814,2.6509691462523826,0.889390566877122,237.92213439941406
317,45.298895201392625,100.85643495318342,2.95744650782882,0.8769546842379174,2.0804918235909025,410.14361572265625
318,53.87804181089453,45.39257779904501,-1.3075423441023972,0.28044051240079826,1.5879828565031955,393.7970275878906
319,51.1355335554079,90.93455659077077,2.4737541454915837,0.9720701060395553,1.5016840394520283,213.0543975830078
320,80.50404812729307,70.10906754603786,-1.7342755236681486,2.4337866435771325,2.115123139934305,352.0747375488281
321,83.81700131992703,37.91214520065652,-1.156327380728214,-1.5658953773845963,0.4095679966563823,337.5044860839844
322,64.749327621116,91.50081895523769,0.17395174778024236,-1.4773870736901185,1.6513388214703608,425.7767639160156
323,87.8784147157678,47.40818104694526,0.7762275869994171,-1.1759520349052939,1.952179621904711,366.5664978027344
324,52.2128894153912,53.36103119629787,2.3375081526862127,1.3631548701343332,0.9743532825518795,211.36351013183594
325,72.46141604944003,77.2532591020343,-0.35143573321377053,-0.7257118911731926,0.37427615795942204,202.91436767578125
326,70.88959602953265,79.84509393734578,-2.311360117364175,2.701237866604057,1.2705873232113547,289.85491943359375
327,77.64226715220653,53.24001396806203,-2.6242318166023453,0.4621462001434975,3.086378016745843,282.24798583984375
328,95.34234531902709,59.111396413642254,1.7580126975190309,-2.4415045396458326,2.0836680700147228,314.9583740234375
329,39.93849672265233,55.66654786319002,0.5815803617204547,0.6175802168042686,0.03599985508381387,67.04142761230469
330,97.75689840669689,80.11173242424316,1.590158775100302,-0.5848557149704523,2.175014490070754,403.69989013671875
331,84.58460503188843,99.9081771292601,-0.7384528087167133,-1.6425001564828545,0.9040473477661413,374.0154724121094
332,77.98439719751502,51.48984302616652,-3.0877956885841584,2.7275767736223457,0.46781284497308234,181.39608764648438
333,51.59861745392001,51.51450965882143,-0.31664222522213725,-2.25972305005773,1.9430808248355929,358.03253173828125
334,45.210705286962934,84.0052275513188,-2.0019116386774316,-2.967643682319102,0.9657320436416704,277.2890319824219
335,94.67808694569774,47.371594508795816,-1.8365478994567774,2.2597890926400517,2.1868483150827576,317.8152770996094
336,92.31323885993672,96.17028575154843,1.6321762270185838,-0.9500171060673699,2.5821933330859537,386.2563171386719
337,41.66267205785765,72.32468617033487,-2.0468136618592805,-2.3588836185339552,0.31206995667467474,175.20904541015625
338,62.592334110601385,101.28477035627067,-2.7881973577698274,-0.4992086618790528,2.2889886958907746,289.56207275390625
339,100.3527289609965,35.1379154150454,2.9547073322311315,2.6559278870834078,0.2987794451477237,157.9912109375
340,82.01230512178955,80.1550481355331,2.4012604000699884,0.785937799997122,1.6153226000728664,216.43284606933594
341,85.56375172848414,35.06994860349711,2.4975174812347225,2.7056617302192256,0.20814424898450312,142.56565856933594
342,58.458798230030084,58.002968592337396,0.535223834626164,-0.07076260946642643,0.6059864440925904,209.04920959472656
343,67.06725424876548,35.0816116640074,-0.9369968761869956,-2.5969707556438477,1.6599738794568522,317.71075439453125
344,83.00907291897718,76.62452165687091,-0.14401117209469927,-1.685333281628997,1.5413221095342977,404.558349609375
345,86.3069818229284,66.65497090549808,1.9080953665744325,0.14746950119693114,1.7606258653775013,364.82080078125
346,68.68680293686813,51.313558584451826,2.30434485306236,-2.4388373182525918,1.5400031358646349,246.7545928955078
347,57.68269047373198,74.98916298183923,1.8629222548460458,0.09783243218502813,1.7650898226610177,321.8838806152344
348,40.93569684056364,79.1854675073651,-2.3881455569193117,-0.644859569854336,1.7432859870649757,287.96429443359375
349,95.28558647579877,47.95926100897187,0.20997012549756455,-1.2703320048368918,1.4803021303344563,345.0672912597656
350,44.52417424549649,81.58221685107827,2.5963616581658684,-1.3941421867046233,2.292681462309095,382.0062255859375
351,39.0412079782124,99.80268792371692,1.0780666395270488,-1.7499284635950638,2.8279951031221127,347.00537109375
352,48.53934840742779,66.88927823807032,-0.12624469304310448,-0.6686798662110678,0.5424351731679633,197.18626403808594
353,54.05506587966974,56.259060471798655,-2.7010115828493557,-1.8122781008619109,0.8887334819874448,303.5530700683594
354,57.58667357963024,49.022281477239005,-1.5838797864952938,3.000907426572639,1.698398094111653,419.3121337890625
355,46.99745051867686,61.362724770040415,2.3620197897341013,1.018296103509436,1.3437236862246653,269.1288757324219
356,98.43920256012579,41.85653350835153,-0.05607276135389361,2.941416445394389,2.997489206748283,216.58811950683594
357,83.12409179314136,91.7822723043075,-0.8912929512014647,0.7547474770493818,1.6460404282508465,271.43304443359375
358,61.42364213119906,96.6465677122986,1.5584084750283145,-0.8461521879203855,2.4045606629487,366.72259521484375
359,56.76342864872188,86.1636671021229,0.25361739553950136,-3.0766558981243404,2.952912013515745,231.3248748779297
360,89.13494262846112,40.79328858024301,-1.3524877578430823,-1.749669481543826,0.3971817237007438,264.37908935546875
361,97.0823455468058,91.66795350409006,2.5775477585313826,2.5521093889851105,0.0254383695462721,72.61441802978516
362,94.09324094378722,46.938223758483176,1.6617383351833714,-1.1046798237835067,2.766418158966878,369.9150085449219
363,48.37358036023294,46.7831691066773,0.6490124474708305,1.275780344760423,0.6267678972895925,279.16876220703125
364,71.23902626537757,72.0475573898949,-0.08717205096598057,-0.7205685886430828,0.6333965376771022,212.20640563964844
365,81.97535304035802,83.15159916907298,2.575951023891254,1.2946315693155013,1.281319454575753,283.5472412109375
366,88.2625836887452,46.75081841900833,0.223210006590556,-0.4309699798556528,0.6541799864462088,221.1880340576172
367,100.36433952598081,96.7171457478085,2.685761225220194,0.86611229190326,1.819648933316934,246.5087890625
368,50.85305178547416,78.74889544833704,1.7276781285824168,-2.2359133150035375,2.3195938635936324,316.89825439453125
369,40.774937120182635,80.72664748162009,-1.8911014780892312,-1.2237696176433497,0.6673318604458816,217.14051818847656
370,41.30627089693939,75.54373826578276,1.3602457149466511,2.1290283963587884,0.7687826814121372,224.63327026367188
371,85.83716381936334,67.87772259249991,1.2313779873922819,-0.05277507219477817,1.28415305958706,336.6630859375
372,70.48663235040115,83.10827210644975,-0.5167994188576208,0.0935324909930979,0.6103319098507187,221.10086059570312
373,100.2240180814088,63.828343137199624,0.10351427533431634,-0.3419422115246009,0.44545648685891726,242.44740295410156
374,48.13736183368461,73.74848736673927,1.4590285788620312,-2.766843425797717,2.0573133025198387,414.30609130859375
375,53.49976754441215,50.70003463909101,1.8415616391534186,1.7886125889492952,0.05294905020412344,90.95906066894531
376,78.6823764872859,35.6091958941486,2.503081296047357,-1.467082134763981,2.3130218763682486,393.2527160644531
377,71.20992038702644,53.121248184998855,0.8332062535095215,-2.5583479283715787,2.8916311252984865,233.76834106445312
378,42.364040386322934,50.59599035451394,2.2130654012955118,0.15046937008937267,2.062596031206139,272.2242431640625
379,69.2010691599587,64.75021148269914,1.7644240664596724,2.05528409698226,0.2908600305225874,186.25045776367188
380,50.598032513356785,62.30119906597592,2.713561656242751,-3.0148216986259224,0.5548019523109126,164.73086547851562
381,38.266937877666265,88.74991930118917,0.4728609905962813,0.4809321263069961,0.008071135710714827,42.52170181274414
382,44.74081998085659,59.017792257159535,2.2741477645732626,-2.097396423507212,1.9116411190991125,279.8601989746094
383,51.50662331334591,91.71779137730535,2.0827932547453987,-1.9558448955376575,2.2445471568965307,315.00640869140625
384,36.03741900834671,38.017708205217104,-0.3841884120379948,-0.921871578192246,0.5376831661542512,265.4347229003906
385,53.280880858000785,43.22132884498134,0.6133563776924711,-0.18994361551999983,0.8032999932124709,235.73193359375
386,73.74330365114157,70.9061530842068,-0.3360446968124795,3.0568404357917167,2.8903001745753905,289.5577087402344
387,45.101908488121694,64.67312181532442,-0.7911775191479467,2.068928489848237,2.860106008996184,245.498779296875
388,98.97332912281284,78.51405445558903,2.3624374510145856,-0.3702090333300929,2.7326464843446785,313.52716064453125
389,70.66885384067268,53.24643070649171,-1.992244395634999,0.916033535981601,2.9082779316166,332.3291931152344
390,70.6244835418957,90.3831698606921,1.13370263750911,-2.0586571698224265,3.09082549984805,280.85333251953125
391,53.94096168630363,90.53502037989486,-2.5830774474482956,0.9140763960832503,2.7860314636480403,261.84405517578125
392,56.800508383735995,74.71466213881048,1.1787542125099701,2.95712759603557,1.7783733835256,268.0341491699219
393,85.27876376389867,70.01401702162745,2.5108680074803127,-1.2002234565428385,2.572093843156435,371.0628356933594
394,37.91465612314265,64.22402761773272,-0.27870547433446147,2.246441977200198,2.5251474515346595,293.95965576171875
395,53.818057547929286,91.91184426221555,-0.3123498601210182,2.40228622063752,2.714636080758538,310.0829772949219
396,41.32590623574103,54.88886775367024,0.05519552006848327,-0.2565416360324999,0.31173715610098324,275.8555603027344
397,84.20946609320328,41.9075477624931,2.558097662989029,2.220981795074125,0.3371158679149042,175.75547790527344
398,36.72783069079671,37.26404616039378,2.9190645230496006,-0.6386783705118622,2.725442413618124,426.5435791015625
399,65.09069464824202,43.34489695905821,-2.460252059972847,1.9472049215878888,1.8757283256188508,328.4252624511719
400,43.953252049442185,98.54591490916471,-1.9746280786987593,-3.0913287244727563,1.116700645773997,359.8771667480469
401,56.24498965603078,65.59732271812831,-0.01770566885754654,-1.0899808858338491,1.0722752169763026,332.9776916503906
402,101.34413806661479,58.24217807010659,-2.942712363384099,-3.0580495691819234,0.11533720579782436,105.78054809570312
403,89.58522765005821,69.94899155133845,3.108094717138675,-0.3934749961793744,2.781615593861537,294.4107971191406
404,44.53357616797268,74.63737710241503,-0.511321691667193,-1.8383021540559112,1.3269804623887183,338.7810974121094
405,76.69716319071682,77.59810862070064,-0.9778491756171412,-2.4439407612457447,1.4660915856286034,294.37939453125
406,97.0713302989389,74.8937822244416,-2.075357297558318,-1.2711600139966246,0.8041972835616933,291.0607604980469
407,99.56917637132038,72.8273548560689,0.4092102683367602,0.07831525745869383,0.3308950108780664,177.3981475830078
408,90.90881797484025,100.04618661350767,1.0319198410691186,1.8229436668388965,0.7910238257697779,241.40916442871094
409,95.81902757504375,55.406873245319524,1.7043944989294015,1.4389394188249058,0.26545508010449576,127.22781372070312
410,46.43931739802816,100.48359996719317,-2.746414809514706,0.49900543280096565,3.037765064863915,276.6164855957031
411,72.26965915751504,70.90227365269894,-0.5199216495885861,2.5814467738490228,3.101368423437609,260.6025085449219
412,76.25454703728718,38.653420715083534,3.093763601798776,-0.15457497235151552,3.034846733029295,220.1494903564453
413,40.1684733516344,91.2917698766318,-2.3751210538132788,1.8360108995579392,2.0720533538083683,330.1850280761719
414,100.42905731933199,71.02835932904327,-0.07838139949347855,0.7672633120805386,0.8456447115740171,234.50860595703125
415,64.01354944614229,59.94953446663175,1.5321436543048126,-2.800509987278107,1.9505316655966667,383.13397216796875
416,68.33884585634165,69.17113934833407,2.3949213444293065,2.6844933056352067,0.28957196120590023,153.506591796875
417,44.72266449196816,94.41909658683545,-1.2900459317171658,-0.5130819556150166,0.7769639761021492,298.87945556640625
418,68.62412441317085,92.08051694214384,-0.4135031878604063,2.483257434406922,2.8967606222673283,280.740966796875
419,92.36601373349228,97.3169114232656,-1.113426140793682,-2.3182060499025647,1.2047799091088827,283.1734313964844
420,75.40982931689004,101.96125739634832,0.8591074926238953,2.668588408051522,1.8094809154276268,265.6603088378906
421,57.10318095388134,69.34730143004448,-0.5264697325176626,-1.0319247828666867,0.505455050349024,202.31173706054688
422,71.6446076674059,100.9525287628078,-1.4621394407572483,-1.4278891153528281,0.03425032540442019,59.29009246826172
423,69.16749191514606,96.34354571368442,2.4149575291612893,1.5932966322518842,0.821660896909405,332.8698425292969
424,71.14099252674808,73.57809479053458,2.684795150282648,2.215364413581077,0.4694307367015709,233.2787628173828
425,44.340526109874915,91.5917105082598,2.691495043464072,2.744809952354693,0.05331490889062085,86.9716796875
426,35.074593095767035,49.40804075945994,-2.152748409468044,0.2365788922939922,2.389327301762036,308.6724853515625
427,71.7343756215742,95.12105731547416,2.451014726087047,0.5659015349953194,1.8851131910917278,225.4833984375
428,54.38161460837544,58.95108834656695,0.7725299060487121,-2.498019244370862,3.0126361567600126,229.91424560546875
429,82.47370223717792,85.18499606648442,2.618614916861552,-2.6675233239518645,0.9970470663661699,219.6741180419922
430,59.38800535855549,88.155553093269,0.6601131826606004,2.19215999791162,1.5320468152510198,242.99703979492188
431,60.257501360660356,84.51117207755665,1.859071571564769,2.461051768127592,0.6019801965628231,238.78416442871094
432,80.43602880850358,39.62419815918058,2.270282011918219,-2.6973832113267155,1.3155200839346517,263.7323303222656
433,36.90223950327936,54.61023476538561,0.5491972132856051,2.740502140748661,2.191304927463056,428.2172546386719
434,69.91375567961137,95.32173023262268,1.8866268936752082,-0.1379463178397291,2.0245732115149373,312.244384765625
435,52.09577540374973,70.04739092116968,0.0790595206807696,1.1319288625723365,1.052869341891567,294.9659423828125
436,80.02850391951017,65.98220188442107,-3.046961231293835,-1.229932538390552,1.8170286929032828,389.4746398925781
437,42.1972555852269,69.1500331245438,1.5591005240515372,-1.3603850789222494,2.9194856029737863,416.3448181152344
438,81.50609927624578,60.74922888982486,1.0798874082459413,1.4581653297241104,0.3782779214781691,226.51095581054688
439,41.66832876561561,51.65396035552992,0.5842475286929352,-1.3168551292025146,1.9011026578954497,372.942138671875
440,39.97887074572554,72.57977226826318,3.108713644829421,-1.804009946209053,1.3704617161411126,378.36041259765625
441,35.43020394168492,50.317217927588864,-2.087992661836685,0.24220351296238318,2.330196174799068,300.4086608886719
442,56.572894281688505,52.69983393059772,2.7371724108841082,-1.7645124266174335,1.7815004696780445,341.7144470214844
443,39.88366949515704,54.5754757772669,-0.1781370362884469,-2.041806170229604,1.863669133941157,331.8160400390625
444,61.00912535240392,58.07389394250063,2.844888945037334,1.1164642735368773,1.7284246715004565,268.20037841796875
445,60.75539542237556,68.60689404028983,0.04693529375805605,0.13132416995634122,0.08438887619828517,70.03658294677734
446,70.44055103159349,81.09886622170617,-0.2926251165467977,1.4934823466665401,1.7861074632133378,441.6570739746094
447,61.81979965559585,84.66324991525792,-1.0437399772721676,0.5471268951984709,1.5908668724706385,318.8736877441406
448,88.08985783901606,75.88711736024504,2.067127782438776,1.2219300557117698,0.8451977267270063,258.7028503417969
449,67.78559582241792,36.59662537117356,0.30285536780750366,1.6744814981242975,1.3716261303167938,467.76611328125
450,50.33760594885665,77.50926990809646,-1.958525721386594,-0.24471817423609554,1.7138075471504985,335.5262756347656
451,80.64919586916025,71.15500619242808,-2.6688977993862038,2.7082822112633362,0.9060052965300465,243.18136596679688
452,57.0405504548346,75.43496198421332,1.8272363171004677,-2.661158024550579,1.79479096552854,303.3520202636719
453,47.76387825479062,38.718126633687284,-2.2343352636182856,-2.56000490272895,0.3256696391106644,154.28062438964844
454,65.16246982860855,36.84806259298228,1.7690455071654956,3.1109157621187418,1.3418702549532462,393.26568603515625
455,75.20035475102193,59.98913987557218,-1.5891221978686336,-1.6005471453661317,0.011424947497498119,40.71484375
456,94.65815142811405,91.43439561452227,2.995828585778435,-1.8639103118130311,1.4234464095881203,363.3715515136719
457,61.07971519982925,45.3491278591892,-1.9039202417518137,2.0476876150988286,2.3315774503289446,328.2624206542969
458,71.86047017481965,39.461102936224144,0.017769202959077024,-1.6455634885815706,1.6633326915406477,382.807373046875
459,44.78241662110302,99.59236321429582,-1.7521636812182164,-3.070112027179756,1.3179483459615398,376.53509521484375
460,96.49892800431272,68.15761109424216,0.6701563627421079,-2.088828247194929,2.7589846099370368,300.67645263671875
461,35.260704870752186,64.09850747057061,2.218386105920473,-1.1907434015587461,2.8740557997003675,302.78759765625
462,77.53894407701992,88.25636745480571,2.8654459430511965,0.44086054749775005,2.4245853955534464,230.29736328125
463,62.68149403379671,52.01836460983219,2.9699448067763976,1.5680007340331246,1.401944072743273,398.4165344238281
464,49.65283462368368,46.9406632257711,-1.7628003549656892,2.6153293607425656,1.9050555914713316,347.2785339355469
465,76.09380389068946,92.71447411981049,-1.2280408929822169,-2.046149600492458,0.8181087075102413,289.61419677734375
466,43.833472137187975,39.68269806495522,-1.1840055271833934,1.9702889237578871,3.128890856238306,335.12005615234375
467,40.99101497761535,43.486336710790084,1.2610709661638042,-1.1418526000093847,2.4029235661731887,381.3300476074219
468,71.62449358900204,81.50376030514148,1.6422575792420302,-0.2551118466155895,1.8973694258576197,409.2773132324219
469,95.21043145609457,41.74147538188784,-2.539763461835124,-1.5879241521313492,0.951839309703775,410.0310363769531
470,37.027694257311474,68.85556880319162,-0.43970864174720425,3.1099621578467636,2.733514507585619,389.0350646972656
471,68.26387492281313,96.70683360947504,1.631236589498,2.6866738388174474,1.0554372493194473,332.64007568359375
472,100.48990553659362,39.09334823509359,-2.1389999702839764,1.4621285432028683,2.682056793692742,397.64739990234375
473,70.01452781487936,92.23482368377691,-2.732545922368522,0.3586130666370537,3.0911589890055757,305.6222839355469
474,101.97694173039484,43.67063131192681,-1.1907678529365124,0.5945968408859144,1.7853646938224268,375.7857971191406
475,74.75648752461626,97.91080845892816,0.22396915677364992,2.763239984556507,2.539270827782857,224.45310974121094
476,38.77951152114918,95.16185170733746,0.9658138573121642,1.7840477430683626,0.8182338857561984,222.64700317382812
477,46.30590060850025,67.37737093669156,-2.999598802670033,1.6446711940914103,1.6389153104181438,394.74261474609375
478,89.55437529899356,54.0857684837106,-2.3382021274359333,1.0844564163211592,2.8605267634224942,268.0111389160156
479,58.430219872539475,83.44017729870032,-2.9016168454215876,-0.0407484946068859,2.8608683508147017,255.4370880126953
480,55.03421495617498,97.5042358738237,-2.5784508196850093,-0.49424330583289233,2.084207513852117,258.2236022949219
481,93.71679126202358,76.5993588012831,0.6806052010123689,1.4853493305930936,0.8047441295807246,335.98968505859375
482,62.427628984685974,98.8353310694401,-0.3975213216242266,1.3339152460674963,1.731436567691723,322.1668701171875
483,98.6069255193164,97.10035150642261,0.9041473887305704,-2.611848003436491,2.7671899150125254,273.75836181640625
484,101.16393020328574,45.13677835320549,-0.8265621606481233,-2.8120823625306324,1.985520201882509,314.03314208984375
485,76.03026603065013,89.43626571465937,-2.82923427502512,2.0666291940254373,1.3873218381290295,317.4266052246094
486,72.08241522667967,84.22416863508133,-1.4564070700780642,2.362468099730078,2.464310137371444,390.7751159667969
487,56.556072548708684,72.3576190071281,-2.2222622610961777,-3.0714984837378285,0.8492362226416508,266.2730712890625
488,56.33429411449194,88.15892040616485,2.1136907627144854,1.288521665938612,0.8251690967758734,252.97386169433594
489,38.40902489095655,85.43543211287512,1.8677579263333977,2.4322893963588426,0.5645314700254449,305.06317138671875
490,86.44138660833782,97.29116015474455,0.6351792211964185,-1.312161417461997,1.9473406386584156,360.09625244140625
491,42.41815593868215,90.70687307130537,-0.32836958845409425,1.4736439158249715,1.8020135042790657,397.2281799316406
492,99.77194079244411,61.197850746666134,-0.022994579565772444,1.588056223141753,1.6110508027075254,391.7438049316406
493,39.62425312495688,50.95557310925964,-0.08238454783044924,1.9940385414258897,2.076423089256339,275.79119873046875
494,50.275764757459456,79.70413186706617,1.643931476465804,2.9683103328552667,1.3243788563894627,356.53765869140625
495,72.44759385141799,58.53490067810995,-2.984837595731035,-2.1729236237831646,0.8119139719478703,258.49853515625
496,37.833017413205596,74.7410797346059,2.4044356344585722,3.1383175063218767,0.7338818718633044,216.19009399414062
497,35.4010945363858,86.73546363898305,-0.6035761816137102,-2.7808805350537904,2.17730435344008,452.99267578125
498,56.32727453038766,62.320318442321714,2.401996294579952,0.07040707368604071,2.3315892208939113,253.5250701904297
499,77.3432858882166,60.00972755553663,0.8198538384869636,1.2229227473270745,0.40306890884011093,215.94029235839844
500,83.11507332971823,54.992394209176894,2.3219519737651755,-1.5482513624589238,2.4129819709554874,392.59710693359375
501,80.52502161177631,49.915304991488846,-2.9186063199145083,0.3312053206332486,3.03337366663183,404.1407165527344
502,44.31752617343751,58.614631302754574,-2.58378439636143,2.9158565101450833,0.7835444006730727,237.24928283691406
503,75.91072190747587,68.31673231854144,0.29695668681794807,-0.43558978744494947,0.7325464742628975,237.2704315185547
504,96.07597617652175,35.9015112377904,-0.3973014943540898,-2.0909849208312696,1.6936834264771798,370.69549560546875
505,62.87357311650484,46.95526741030052,-0.24088669405795438,-1.8669540693315116,1.6260673752735573,332.817626953125
506,46.042024702629476,94.36231187508443,0.17686635134256523,1.379636616550874,1.2027702652083088,300.47711181640625
507,40.52308347084773,49.171849636986295,2.5512013263983677,1.6017726127217395,0.9494287136766282,338.95196533203125
508,60.09206283889213,100.43563875985042,2.3349797058651234,2.1607489157948727,0.17423079007025066,132.9945526123047
509,99.32100736203613,61.37450911308625,2.0960110589969165,3.140256947765539,1.0442458887686223,272.3348693847656
510,81.00975060498095,83.83074351254479,1.5747428585820638,0.20116986122690728,1.3735729973551565,379.1505432128906
511,65.78111064970336,47.148511561125304,2.055995969472024,-1.6893918014745324,2.5377975362330303,362.5263977050781
512,57.095435805688474,76.77276075168545,-3.098525805589267,1.1435738591253912,2.0410856424649286,265.4366149902344
513,62.477451931913336,89.31239207171183,-2.99349421048356,-0.5242994193382762,2.469194791145284,257.4451599121094
514,76.62421645678644,41.97061261588138,2.34552420637597,-0.9765363555078701,2.9611247452957468,300.4908447265625
515,48.90992131479902,57.47268981986042,-2.1181682611114256,1.2340960938531245,2.9309209522150366,321.3205871582031
516,82.28270656983624,96.78800240151173,-2.0731684088539715,-2.486761597375834,0.4135931885218627,170.26976013183594
517,101.21157957819558,97.67020757675067,-1.7158162769617358,-3.005445917985689,1.2896296410239534,399.2525634765625
518,66.38451860507412,48.968558815371445,2.031912527982775,-0.6241031806311841,2.656015708613959,269.265625
519,62.42061123829039,89.1132970940487,-0.3736091156019339,-2.527018343364921,2.153409227762987,299.0834045410156
520,66.55737043113636,58.113271256709616,0.018721388915052373,1.9051081404646242,1.8863867515495718,365.5400085449219
521,64.99057185872057,72.54586845359252,-0.5194692837277928,-0.0017729001191422178,0.5176963836086506,226.46031188964844
522,95.63320000958382,55.33848778912452,-0.2359870424283841,0.5929584371043957,0.8289454795327797,306.2633361816406
523,82.09550616354991,54.133240284302495,1.609333959061087,1.504148795302994,0.10518516375809295,59.437992095947266
524,47.141827906567855,46.99699717577476,0.7594682301377689,-2.473890630405032,3.0498264466367857,270.8210754394531
525,99.28042507848878,88.16704901862354,0.955823279409282,2.9340051560104996,1.9781818766012176,285.5688781738281
526,59.32099507816691,69.29978651559908,-1.189172904149996,-0.20347606785018035,0.9856968362998159,347.7398986816406
527,93.8923616474247,46.23448426655886,1.2877726350895768,-3.1230826341789295,1.8723300379110805,358.2372741699219
528,92.47890667112247,100.6904122338558,-1.102976975221003,0.7304936220862581,1.8334705973072611,310.9481506347656
529,87.73051532706234,44.84956735746543,-1.2267787793089688,1.853713060276169,3.0804918395851377,332.2777404785156
530,95.3076298057475,74.82254520703503,0.797751085909391,2.338109654001645,1.540358568092254,191.13665771484375
531,73.45702446526131,100.52774539682164,-0.06878595190806225,0.5140969404223372,0.5828828923303995,191.4062957763672
532,84.5252116241804,58.15459990115113,1.339727223665066,0.5860693748311552,0.7536578488339107,295.9009094238281
533,65.22540758275414,52.89638998472956,-1.5370076766616187,2.6897995907933794,2.056378039724589,415.1003723144531
534,66.90769865657023,68.53930064659674,-0.0863205142235528,-2.952238159067066,2.8659176448435133,227.70199584960938
535,44.23568550400331,78.40199833854565,2.2005034189263233,2.6904713084672647,0.4899678895409414,220.70474243164062
536,76.52641564792134,53.655930876781994,3.057705018486117,2.9769436219111274,0.0807613965749896,121.79741668701172
537,50.37098889037782,79.3344895517045,-0.2353190850376743,1.7909137664662644,2.0262328515039387,339.5030517578125
538,46.92783897580796,68.06939679377865,-0.7349073703811921,0.007247210219277989,0.7421545806004701,231.75155639648438
539,85.91834038770313,46.20297772201316,2.1743558065000608,1.9699381089644232,0.20441769753563752,187.00869750976562
540,64.08490283166697,90.84448432454968,-1.3304630489668254,2.4479617915086234,2.504760466704138,414.10711669921875
541,70.32949399069017,82.64734021789201,-1.719592004844411,-2.4811716451992516,0.7615796403548406,306.972412109375
542,44.23276339692825,63.85802469597095,-0.1885290801354822,-0.8829458486717487,0.6944167685362665,259.1417541503906
543,36.143784739887614,77.60015306100927,0.3829444685699661,0.8193307456119094,0.4363862770419433,225.18907165527344
544,84.37163877991865,99.84800817559733,1.2402998921161865,-0.9059051944083452,2.1462050865245317,383.1851806640625
545,89.39957515367684,39.384731615656065,-2.0958404657619676,-2.788313801434319,0.6924733356723514,275.37744140625
546,66.04613354759151,84.07717762122837,-1.200281691631379,-0.6221582532200935,0.5781234384112856,291.41375732421875
547,84.95799891709765,57.82826806185031,0.5496749259525338,-0.7862596724444741,1.335934598397008,252.67530822753906
548,38.64668213176175,90.6908685075234,-2.3192833129518613,-1.2535704004106505,1.0657129125412108,348.5684814453125
549,48.31238901557036,96.41323855761516,2.1884933663976307,-1.7818053585596003,2.312886582222356,329.21612548828125
550,46.627983861616976,70.0163381860809,1.2815955165037396,-2.3599332284001857,2.641656562275661,307.15228271484375
551,75.8987202817028,71.7621225367485,2.2716304341289826,1.4071309379301544,0.864499496198828,249.78067016601562
552,93.68210842537681,95.07316629927553,-0.9270492007802265,2.5754793427414118,2.7806567636579484,300.54412841796875
553,71.68183263146113,53.49732968481183,1.5581053770186237,2.9087350667500713,1.3506296897314476,405.5644836425781
554,80.27571888517625,85.85648093315642,0.7550769085780358,-2.0134690580186296,2.7685459665966654,285.28607177734375
555,69.6299981129387,76.99108489821501,1.6799998713212316,-2.079762489238485,2.52342294661987,386.9903564453125
556,81.13545601167878,73.06680101801064,-2.240045224781346,1.74792932474148,2.295210757656761,320.0422668457031
557,55.888646219557906,67.48835691351131,-2.7647188385273647,2.138044185106337,1.380422283545885,317.5576477050781
558,46.14237689151573,96.29855887212635,-0.7960279635869267,-2.9523168003453333,2.1562888367584065,299.04559326171875
559,84.05858614429388,53.394001954020105,0.8341982988837415,-2.9975904356374605,2.451396572658384,264.6860656738281
560,87.01493495246882,100.31261954862991,0.018424965008782657,2.7116428098479552,2.6932178448391726,242.71295166015625
561,87.46277347927017,89.50036475384846,0.9444413514795915,-1.1278032483129756,2.072244599792567,352.8428649902344
562,81.31139589410499,56.93678515282463,1.9383286891141127,2.794438644016422,0.8561099549023091,276.35107421875
563,72.87766149043232,97.29090414213016,-0.12375272330289944,-1.0229550712610704,0.899202347958171,252.53109741210938
564,75.71223595330127,53.10569089101131,-2.2266901002392405,-2.59345578018932,0.36676567995007936,157.88856506347656
565,55.99663525285219,87.16498265336527,1.8152145503573163,-2.224424117294388,2.243546639527882,295.03094482421875
566,52.23291966238515,89.36859559215361,-2.415651769809196,2.1633897911881865,1.7041437461822044,265.2756042480469
567,81.62777581898858,36.00397100374218,-0.0633727752355,-2.367958852825578,2.304586077590078,296.3815612792969
568,58.20058071675872,82.72180484342681,-2.575588257972123,-1.521179483418077,1.054408774554046,368.5251770019531
569,70.64908354480701,41.89578402103217,-0.2779767278654024,2.6912947150311552,2.9692714428965576,285.07135009765625
570,87.97261776001949,71.78743613068119,-0.7371503951061955,0.8296506155000913,1.5668010106062868,269.7179870605469
571,43.68999819038718,36.78698818821237,2.0569985910632784,1.467975960439123,0.5890226306241555,226.34808349609375
572,94.7884879356823,73.75479683098496,2.1349531471353913,0.49318308184201864,1.6417700652933727,236.59666442871094
573,51.530167958249585,81.1920213541741,2.644347833381583,2.7771317083631146,0.13278387498153157,107.92987823486328
574,47.6291639512844,90.14193083486744,0.9018743942247598,0.8132448910830052,0.08862950314175455,56.24851989746094
575,90.30100597422597,50.70297617703815,-0.05624357878344943,1.581909972112327,1.6381535508957765,407.89605712890625
576,60.19715912877351,54.92585300261973,-2.790011301825026,0.4142395288158638,3.078934476538697,279.77349853515625
577,58.80286202729999,60.63388103872307,-0.1947517363312503,1.5347044782967343,1.7294562146279846,369.5400695800781
578,90.8111416039512,46.87287420290899,-0.23110801260291902,0.5124640545433037,0.7435720671462227,234.26821899414062
579,61.1959324951405,86.18752984145243,2.4291468740975883,0.22110273522508717,2.208044138872501,271.548583984375
580,89.96197493554929,76.69806598116702,0.19566114932887269,2.217362410327044,2.0217012609981713,247.89927673339844
581,84.19338014912114,77.81282685485967,1.6218498214278139,0.020850821842325118,1.6009989995854887,370.26629638671875
582,46.860116429777456,90.77994585905356,0.10571321426475411,2.6824146071165815,2.5767013928518274,299.5296630859375
583,100.11103885309093,80.23369987998926,-1.1806098407146,0.4755351572522555,1.6561449979668554,435.795654296875
584,59.87619342518853,53.023270083304766,-0.28789696224655925,-0.5417543027654288,0.25385734051886955,216.85508728027344
585,75.90948118559717,92.19238268648886,-0.9447792128543657,-0.3209954117248479,0.6237838011295178,315.52392578125
586,90.81991636696819,47.79011060469913,-2.3532374455353406,0.2764900726476638,2.6297275181830044,301.1553955078125
587,90.68465304142742,60.01334225967796,0.828822244157438,-3.079868906470978,2.3744941565511706,225.75830078125
588,95.9093661400709,75.42692356000586,-1.516664999637177,-2.6500669856182526,1.1334019859810756,413.89447021484375
589,50.03785010474368,77.12909742725819,1.0629187420054178,1.321712275871528,0.25879353386611026,159.9221954345703
590,91.70744376659212,70.87680887959671,-1.5725130041955317,2.9554060856426467,1.755266217341408,433.1846008300781
591,42.58921136758757,54.68183473262934,1.3412905613421442,0.6637274745241308,0.6775630868180134,264.9605407714844
592,71.43893157468216,42.66950407292458,3.012015696499767,-2.2126868552864924,1.0584827553933265,252.27105712890625
593,57.12639590540135,60.57293429524333,-1.6675117113144213,-1.315517551420255,0.35199415989416627,294.7184753417969
594,81.81524630241103,86.48838206883747,0.5489854662451523,2.2785774121717415,1.7295919459265892,230.4034423828125
595,82.91823922603245,65.99715121496396,0.6278904629844857,-0.36387856147896347,0.9917690244634492,288.62725830078125
596,98.68964119935566,68.07638803899982,-2.776312116102998,-2.925994832027683,0.14968271592468474,137.3508758544922
597,63.42944811714948,40.079830699319366,2.398402493171469,2.7516412976834186,0.3532388045119496,218.32626342773438
598,43.36070894160108,70.058052335367,-1.0325926204396851,2.3563977049333076,2.894194981806594,330.28204345703125
599,37.63259980511259,99.67506439403601,2.2511064411549064,-2.5881673253880417,1.4439115406366378,360.2537536621094
600,92.07559939844107,81.0341926893822,-1.5620635027727687,0.6002165770973953,2.162280079870164,439.9698791503906
601,50.82970381323216,51.054850110580546,1.3982505401489815,-1.7002398952326823,3.098490435381664,322.7229309082031
602,63.33388353154096,101.71349198155887,2.97815623732261,1.0088321044508843,1.9693241328717255,286.6846618652344
603,77.64076967395611,49.785936882971036,-2.3089504728229366,-2.736632978681575,0.42768250585863843,220.45680236816406
604,56.904963805492855,57.84979775661873,-0.04145952689157406,-1.3793856728725877,1.3379261459810137,360.1595458984375
605,70.61683756921592,51.05485260608771,-2.0326385777632776,-0.6397396805423963,1.3928988972208813,308.4944152832031
606,99.48184613321729,50.33561061808679,2.2960265257101096,-0.16352666193932297,2.4595531876494325,247.39694213867188
607,93.38560453693668,84.66294872084488,-2.8403701265394616,2.964766552188438,0.4780486284516868,241.25613403320312
608,38.69259776795566,83.49062603514523,2.0168940619826214,-1.4654996016563735,2.8007916435405917,375.1172180175781
609,46.351893793133925,77.35562957061288,2.959022437199369,2.183292738797765,0.7757296984016042,289.65740966796875
610,39.320494910845206,93.22179878116395,-0.9747925707610929,2.0561380601195385,3.0309306308806314,249.55641174316406
611,36.16865822766334,75.22549338113129,0.33824913511285803,-3.079248470745557,2.8656877013211717,529.0093383789062
612,71.74526280041337,50.78748480308614,-3.1093817853270456,0.31299314112074494,2.860810380731796,332.5769958496094
613,58.056093746832715,87.66809393835969,2.0458070900401433,-2.640939950319721,1.5964382668197221,276.4080505371094
614,63.08120018703835,63.06182284293371,-1.7946410660971261,0.5641890892958066,2.3588301553929325,322.61029052734375
615,82.59629861479473,40.81734277821672,0.024467002524501513,-0.1926441590876511,0.21711116161215258,204.12332153320312
616,55.428980123958546,53.88619125171442,-0.9311237367433738,-0.06083978331802253,0.8702839534253513,279.94293212890625
617,53.38819454426547,71.10346448583353,1.6274574368092347,-0.6476677406600055,2.2751251774692403,352.6080322265625
618,43.34397050865099,78.74544060172933,1.323529582032779,-1.54580577622851,2.869335358261289,413.2521057128906
619,91.2681802331889,53.4507324508476,1.4716279774779597,-1.7183611185466303,3.093196211154997,367.669189453125
620,63.6224955155765,86.55175167775674,-1.4774529024423364,1.5229430834648543,3.0003959859071907,394.962646484375
621,59.66502777818884,101.98670653078841,-1.554314003891115,-2.470087929793437,0.915773925902322,403.62371826171875
622,63.30322044825101,83.25032446616305,2.8624078780353326,1.0495963298132498,1.8128115482220828,311.7117614746094
623,71.22290990501232,86.08717964927098,0.6475045987479904,1.1467663183605366,0.4992617196125461,218.29786682128906
624,72.24842339243057,53.60518942388276,1.6082491769427865,-0.279008695357033,1.8872578722998195,440.0746765136719
625,60.704666001007695,35.14411394542248,-0.9319080924514345,2.5640998306617737,2.7871773840663785,286.884033203125
626,38.19802640068509,44.44230082997852,1.2031677912819871,0.8630795303686662,0.3400882609133209,265.1307373046875
627,76.20853658112584,71.71792516147724,0.6725422110575252,1.1228052356262168,0.4502630245686916,193.1094512939453
628,70.05441004150273,77.10354551553729,-3.0639512220577307,-0.15256042841035944,2.9113907936473713,247.47271728515625
629,63.30510596378426,86.98070163138924,-1.7208439298723655,1.691386400800969,2.8709549765062525,323.2248840332031
630,68.70975821529167,79.67642340415702,-2.845170448714304,1.985827383715785,1.4521874747494972,304.2961120605469
631,71.75956609261075,74.28786090135034,-1.8505896063118747,2.1738239609012417,2.25877173996647,315.8877868652344
632,53.53867564563954,90.92834992708828,2.568018562824606,1.8748163581497979,0.6932022046748081,253.84654235839844
633,97.8471536783733,47.350282797168106,-1.9195669033383025,2.3343076058360124,2.0293107980052714,304.8079528808594
634,66.40594902326835,43.434652955444164,-2.4741964771682,0.014162297755755393,2.4883587749239555,293.3299560546875
635,78.01051894377073,89.72837668180031,0.46847437086211485,-2.8652775477754155,2.9494333885420563,279.0155029296875
636,99.59223180811101,71.48222436547975,-1.755814750468808,-0.7368105532165488,1.0190041972522592,358.3481750488281
637,59.33586456048482,72.37277589899287,2.0922859955892212,2.8556212349208634,0.7633352393316423,273.67938232421875
638,43.77799960229049,64.62060686423865,-0.8541290326068456,-1.2423097041890572,0.3881806715822116,382.0303955078125
639,81.2766970137842,66.4080245992007,1.1112273699299857,3.054502005786171,1.9432746358561852,291.0065612792969
640,65.54594516957592,99.86207816702559,-2.0988349679997755,1.9343227990468987,2.2500275401329124,327.49334716796875
641,38.444544448605185,49.01109270740374,-1.1612066706534043,-2.1373647287994375,0.9761580581460332,270.2967834472656
642,67.83102458163782,56.00063523290204,0.6669018752233575,-1.4899453247130727,2.15684719993643,432.56463623046875
643,42.20020713367822,47.602092827506695,-0.002848178185702821,-2.6770031122190954,2.6741549340333925,346.1970520019531
644,59.79481989772095,68.83942145892172,0.9856333718065908,1.4012257969790687,0.41559242517247785,229.87466430664062
645,81.78744815423187,100.59811348694912,-2.371252998018997,0.9267632631994163,2.9851690459611735,278.2817687988281
646,46.76859937472582,91.93684391311356,-0.1587679654559504,0.6390805152177217,0.7978484806736721,211.82518005371094
647,99.36026604543301,59.53099087465934,0.5034770446721688,-1.6257934485051238,2.1292704931772928,446.7468566894531
648,67.9879082505679,49.515292758847934,-1.1354740371955452,2.9752441186969865,2.172467151287055,339.8309631347656
649,51.99522049503322,36.62113223913875,0.8864798312772333,1.3335936470335596,0.44711381575632636,220.556396484375
650,36.258678302284174,70.90315112245773,-1.3829739644770274,-0.43394955176653616,0.9490244127104912,339.619873046875
651,80.70355085986424,93.27197679755909,-1.0379549537260582,2.6859481286183264,2.559282224835202,291.13140869140625
652,64.45965519860684,86.52475531322348,-2.7507685305128176,1.8575442468950873,1.6748725297716816,318.747802734375
653,92.36420715165801,54.75217574804826,-2.0087672721187744,1.9712404190216288,2.303177616039183,317.0774230957031
654,38.70146090752928,36.15620269224335,2.845550846998586,0.31294679100924494,2.5326040559893412,317.05938720703125
655,87.87971902413994,45.20260152436251,0.6058640070971699,-0.6737112577835047,1.2795752648806746,250.50953674316406
656,46.2908178055755,70.69166066464471,-1.8308787907014126,-3.0959042744098815,1.265025483708469,330.4212341308594
657,95.94652184362448,42.49906951267411,-0.052379015441729404,3.0417979435838003,3.0941769590255297,207.48580932617188
658,37.79726820399479,76.6406959372603,-2.86506611194034,0.3193910374463531,3.0987281577928933,495.70428466796875
659,54.06996995885098,52.90154553224909,-0.32944583969903274,1.3221084389744835,1.6515542786735162,370.3597717285156
660,73.12101838348887,74.86076359238007,-1.316924063185996,1.6366165020375911,2.9535405652235873,399.14886474609375
661,37.533958793573845,95.55793468985459,2.703489344960105,-3.028388587465773,0.5513073747537087,176.05929565429688
662,50.06034828371928,58.079955391646294,-1.0493556024827946,-0.13911766618328114,0.9102379362995134,298.9762878417969
663,93.72281079739986,94.05568155729188,3.098032798826411,-2.3399403018691847,0.8452122064839911,262.0728454589844
664,35.16615220046927,93.84228759038027,1.9085054165494464,0.4685725363242974,1.439932880225149,311.2637939453125
665,42.98241732180526,60.38830892953153,-2.568257168480101,1.1932170353848521,2.5217111033146336,313.38092041015625
666,73.91285744625397,90.57557652548216,1.0975917635378343,-1.8408789486944461,2.9384707122322804,299.9457092285156
667,87.64264961166222,93.65645498887758,-1.5380153511030705,-2.419646015199174,0.8816306640961036,400.4098815917969
668,79.42283575838553,82.35758632954304,-2.8394489868104125,-0.7391494702536789,2.1002995165567335,323.81719970703125
669,71.83420863009201,92.76875986702288,-1.119564442006363,1.0821619744068114,2.2017264164131745,307.12744140625
670,68.92815502976268,78.00559068069154,-2.863607425151219,-1.045896576506118,1.8177108486451012,324.0977478027344
671,56.40841047012012,36.17502462823554,-0.2045941347759883,-1.7525242029623405,1.5479300681863521,366.5662841796875
672,75.52313599756917,48.85197918623731,2.7063299188724272,-2.3027044632676184,1.2741509250395409,271.7471923828125
673,67.37939551158169,48.66206768553104,-1.4278015053040154,2.797614920994895,2.0577688808806767,405.2717590332031
674,95.41038096378287,46.282747006382536,-0.5401736331006588,-1.1155900360552327,0.5754164029545739,233.27915954589844
675,45.37984998984526,41.07735063619717,-1.761229102431773,-0.019900208853862456,1.7413288935779105,367.06646728515625
676,73.5574639699835,48.12888821719257,-2.371943932895456,-1.7013936409682653,0.6705502919271906,315.796142578125
677,61.982328854628165,64.46987945441236,-0.4973359624860083,-1.792426671930994,1.2950907094449857,323.5092468261719
678,70.88456477924933,56.42750634687203,-2.646600029435481,0.939346230017625,2.6972390477264807,300.83740234375
679,74.42632309179832,91.83441814735933,-2.5108491031001283,0.3619346185465586,2.872783721646687,310.3840637207031
680,100.77908516534787,39.09382885065096,-0.7168221191058839,1.5101743240505776,2.2269964431564615,443.6905517578125
681,96.22025481368493,73.00679780636261,-2.5327064196233575,-0.47414107318540344,2.058565346437954,284.14837646484375
682,48.945446220024614,84.04411193990592,-2.2619179003463787,-1.150794836596911,1.1111230637494678,290.9878845214844
683,74.6928792395771,100.69891426266379,0.24778089504663336,-1.9505432611292284,2.198324156175862,319.9109191894531
684,72.65183523469929,87.73860222685985,-1.8861548207634622,-1.741344322487818,0.14481049827564418,251.9344482421875
685,43.36450196555598,88.28776742356365,0.6821850600236243,2.2661038181611826,1.5839187581375582,221.33499145507812
686,97.10655544420005,40.34031442222128,-2.44353893767237,0.9306048221292809,2.9090415473779356,291.7030944824219
687,60.7071384117577,53.14650057638315,-0.6951703254505959,-0.511299915979655,0.18387040947094088,146.8900146484375
688,95.57520097264448,46.24278294692976,-3.135190077854568,-0.42467808846946786,2.7105119893851,306.3963317871094
689,37.13180047698196,73.43451877251901,0.5749757534729261,0.2714638648963765,0.30351188857654954,181.35284423828125
690,43.2688768923126,74.3132557574869,-1.8804681107655703,-1.7561612627547123,0.124306848010858,218.3530731201172
691,81.16144785385833,99.59218798348542,2.1325492582025696,1.284561208143809,0.8479880500587607,241.1032257080078
692,92.97586265962414,93.8369853980123,-0.27238641005778597,0.20991595888879466,0.48230236894658063,220.6784210205078
693,80.49610580995022,94.73283748323468,-2.5400584902796375,-0.7190697940907,1.8209886961889374,256.30218505859375
694,37.44440891322047,51.6452967767643,2.5095031909039456,2.726718750615844,0.21721555971189854,128.449951171875
695,67.42739127469537,64.3897817298678,2.391508861114775,-1.8711226917324721,2.0205537543323397,358.1759948730469
696,54.274326139858275,65.96676091725902,-1.87254340603203,-2.8763294335925664,1.0037860275605364,389.486328125
697,59.79094947382016,82.30455512046453,-1.3130366825380226,-2.8660210755135584,1.5529843929755358,286.0741882324219
698,99.6974378081388,97.91984234470024,0.743712489105615,3.021314938932367,2.2776024498267518,244.00665283203125
699,92.41016018636736,36.66356596490603,1.1331682012299797,0.5624858317320047,0.570682369497975,366.61395263671875
700,48.64151123087442,92.21171484343324,-1.758658279186262,-1.061068212716492,0.6975900664697698,260.30523681640625
701,62.54155844928485,87.09268795363596,-2.8784849083656523,1.390642488889645,2.0140579099242895,307.7334289550781
702,36.39000573321241,43.62837443965438,1.9816687974703395,-2.5751046237922184,1.7264118859170285,321.8774719238281
703,56.70997856778585,45.400638866302835,0.9975294541822937,-2.808009699039618,2.4776461539576746,310.873779296875
704,44.461572767039975,98.7892143976861,-0.07310831927366568,0.856057396864089,0.9291657161377547,294.7106018066406
705,37.73947615819706,74.74726654782918,2.799575151092272,0.4902786327947255,2.3092965182975465,330.4959411621094
706,63.922389307083336,36.836199632501554,-1.4678245817603977,-1.1463871127947802,0.3214374689656174,264.5423583984375
707,52.421040460076185,54.7914039525954,0.11247332190963766,-2.2394923347780495,2.351965656687687,296.18115234375
708,39.46427169473773,47.47670091986168,-2.494631870528324,2.6501485102968445,1.1384049263544178,295.7601318359375
709,70.18806324556505,88.21449796383487,-0.40203990404112533,-0.5258691325008846,0.12382922845975931,94.62554931640625
710,56.145630054573886,63.92444545800081,0.06784275298095599,-1.6217761013836038,1.6896188543645598,417.3929748535156
711,73.32635481833228,47.64662916549388,-0.07676795229708633,2.2016992821395727,2.278467234436659,267.4454650878906
712,67.68949962637119,66.68693164794531,0.9178457547538494,2.033718540429846,1.1158727856759967,223.44264221191406
713,86.22255151083598,73.65128262981347,1.6994833305119537,-2.150184243557364,2.433517733110269,319.364013671875
714,73.7824960909618,38.625348621875794,1.3086640589196747,-2.3330324726142795,2.641488775645632,469.1077575683594
715,61.24511581982476,80.98241178471002,-2.5081951309623496,-2.3375409140029286,0.17065421695942096,105.71163177490234
716,100.56091575369975,80.02086827100851,0.040702496337897465,-0.5444688368410193,0.5851713331789168,230.41326904296875
717,73.63043671676327,63.103125211780025,-2.5820417736169428,-2.6339372999556714,0.051895526338728626,69.06092071533203
718,48.71265188077588,89.24893885123328,-2.6875033420773695,-1.2362336613379978,1.4512696807393717,386.2527160644531
719,50.2337273084061,74.80981710474964,1.1039704805688544,-0.8797894094588532,1.9837598900277076,305.7646789550781
720,80.7954253898566,67.81848510137294,2.798073124895396,0.01983121605073057,2.7782419088446653,324.6090087890625
721,68.85665028396882,36.98798051075296,1.4532936706179873,-1.9323946535450551,2.8974969830165445,472.7829895019531
722,72.92452683273244,82.23418009692827,0.870726038877434,-2.694215184274605,2.7182440840275475,272.3651123046875
723,80.78407956991303,98.15977530204482,-0.27945937697019074,-2.728729111183632,2.4492697342134413,280.49664306640625
724,93.88886716102127,63.89294173252451,-2.815038755476155,2.6160724235384967,0.8520741281649349,271.82586669921875
725,36.076758516877625,66.37740974454624,-1.1263100386795588,-1.7061063543757005,0.5797963156961417,289.0819396972656
726,48.88103542784688,48.70067070709573,-1.8503120972188354,2.6703747833498976,1.7624984266108534,328.2449035644531
727,92.18693239502258,64.2064013756738,0.37739522896718336,0.6578619385693005,0.28046670960211717,161.86744689941406
728,41.91121084760724,61.60469239819385,2.7924867177396067,-2.7064264022432214,0.7842721871967584,336.36859130859375
729,79.5640943715156,42.027410581760286,2.9618911465003883,0.438608024753834,2.5232831217465543,216.59112548828125
730,42.496053228722886,50.52531267941985,1.560825334426605,1.2504758280670414,0.3103495063595636,327.30352783203125
731,47.10654693331354,48.27236777572449,-2.922041340440783,-1.8786514729184671,1.0433898675223157,328.3942565917969
732,68.8135396414431,74.55224900679363,-3.0054012681216067,0.6147008010712773,2.6630832379867027,262.9993896484375
733,73.34158096391386,40.85349499737188,-1.889631791250061,1.8232698468113346,2.570283669118191,507.36676025390625
734,48.61795982247121,73.17336231719858,2.946726084689045,-1.0139378388416005,2.322521383648941,304.5303955078125
735,46.12716155306188,80.41651290890675,-2.77091076989554,-1.2426560098104873,1.5282547600850527,409.53411865234375
736,98.12984728217303,49.50344437415958,0.4457579520700472,-0.7397952321068728,1.18555318417692,292.9242248535156
737,85.16961766385145,65.7010448873327,2.5928496459275943,-1.690797638977607,1.9995380222743855,407.30511474609375
738,87.07267419769343,52.42455441656165,1.3230875874670884,-2.8249960488921664,2.1351016708203314,317.5462951660156
739,54.75267726299384,87.42299029390827,0.7315878045923925,-2.9482085800855926,2.6033889225016016,264.1958312988281
740,48.40147568071475,38.89667052217804,2.6977650985325807,1.685171777618149,1.0125933209144318,349.3994445800781
741,48.012255647287155,61.43678413640879,-1.301566831535631,0.3675199810722125,1.6690868126078435,354.6361999511719
742,44.410883239624,92.9567319610199,1.6703085565516593,-2.840411674124203,1.772465076503724,380.4892272949219
743,100.28791131001931,93.91906239134863,-3.0912095977886294,2.343235102697723,0.8487406066932339,243.6086883544922
744,92.81807764894967,53.861570252588066,-0.4038674348238045,2.9393325717745684,2.9399853005812138,253.02993774414062
745,57.14175170928291,89.53521052366477,1.6034380882089136,-0.344742967478318,1.9481810556872317,429.3460693359375
746,51.36866582141142,59.124133609961135,-1.2221236001746247,2.7891484556074158,2.271913251397546,344.98968505859375
747,62.15198201922429,94.39934841934384,1.4352399121279111,0.7449316403439687,0.6903082717839424,259.823486328125
748,80.27160685003955,101.51213036002237,-1.8491490579091001,1.205246062244428,3.0543951201535284,317.96661376953125
749,80.12224665318105,41.51373840796804,-1.6860025852266236,-0.41400413901608113,1.2719984462105425,385.5503234863281
750,50.547057324789485,71.19873711210414,-0.5824757931295497,-1.7867351677312442,1.2042593746016945,351.8180847167969
751,45.61231823520723,93.36611565201744,-0.6824416625734209,1.0877883770055616,1.7702300395789825,277.633056640625
752,87.01257382037673,83.95751694965654,1.500107991512726,2.8074530928357753,1.3073451013230493,394.66400146484375
753,71.78641377559708,96.29694899978006,-2.662032421812431,-1.1306695372084077,1.5313628846040235,321.70806884765625
754,77.64966212956968,99.79407671410841,2.249527577014603,-1.0160332304897062,3.0176244996752777,263.0664367675781
755,67.23740006210073,45.46767482670379,2.0815557191650624,1.7378929207980418,0.3436627983670206,229.49209594726562
756,64.19874076064889,64.0225492149712,-2.3339158265731124,2.729396575766919,1.2198729048395551,264.13165283203125
757,48.08130283151656,73.333746915908,-1.6227967590162231,-2.3804590122526355,0.7576622532364123,387.1278076171875
758,83.81515423347744,66.80201543735024,3.1097393396637854,0.5451241514910445,2.564615188172741,247.73233032226562
759,96.62788925353999,80.27697015380112,-2.066794853623759,-2.6172247499090915,0.5504298962853325,236.05126953125
760,87.16806248387155,97.7699806770328,1.4193457705602759,-0.022508699989570502,1.4418544705498464,320.4914245605469
761,47.671771634600674,65.85782308788461,-1.3178125756211103,1.4584867722254549,2.776299347846565,376.43218994140625
762,57.708999328744824,41.21532416757578,-1.8615436843118272,-1.2054833390280595,0.6560603452837677,259.1870422363281
763,59.47366629554872,84.9572084104613,-1.111526721487278,2.4819563708179553,2.6897022148743535,353.9579772949219
764,99.13880531955145,73.85152579819837,-2.485965328779308,0.03343043805146273,2.5193957668307707,315.7864990234375
765,74.20107240484197,99.05010827589012,0.3967667708517104,0.6689280785536234,0.27216130770191294,170.36495971679688
766,35.66397728212822,98.21509098500066,-1.280687847928251,0.676626914582497,1.957314762510748,351.0911865234375
767,85.70303602041034,70.5070810505585,-2.9705739520488756,-0.4011533724768923,2.5694205795719833,249.1543731689453
768,71.297443654947,73.31147430440791,1.0025187473340642,2.532894086368689,1.5303753390346246,225.20440673828125
769,90.98418433552997,55.92388715255753,0.2486605385738634,3.0977948746405097,2.8491343360666463,217.72837829589844
770,59.901512015782714,93.26065385458963,-0.47805335256835413,1.686328698546026,2.16438205111438,369.07904052734375
771,101.7562096016004,100.89365346505615,2.6315475572873277,-2.7563470758969655,0.8952906739952929,250.3462677001953
772,47.630422037857954,96.2135128304169,-2.750871211652797,-1.522717791716799,1.228153419935998,441.3810729980469
773,45.26748446373592,99.2536344845317,1.9461610483891478,-1.6954553908516703,2.6415688679387688,367.201171875
774,48.21828785362071,100.28076695135496,-3.043141179847915,0.2544789032902339,2.9855652240414376,250.5840606689453
775,51.49632277471733,74.61570556372743,1.2984755679505238,-1.1120160358805187,2.4104916038310424,298.90594482421875
776,40.50861927075903,79.31860480319637,-1.201002593979605,1.762241802972901,2.963244396952506,363.37237548828125
777,76.54339929679435,38.88945048058474,0.0312878881266383,2.360688610204158,2.3294007220775197,277.8721008300781
778,90.55786973171129,67.09831982613377,1.485100509680123,1.2893886390888456,0.19571187059127748,327.8962097167969
779,80.15944235887913,97.0658989394467,-2.3689649581915093,1.2106297379217592,2.703590611066318,284.2188720703125
780,53.34072429649257,44.41662372741622,-0.556235844551757,-2.397753817113544,1.8415179725617872,269.365234375
781,68.28342206711315,63.859751983931204,2.0124442048251847,-0.20644204218699524,2.21888624701218,258.4119873046875
782,89.20906930068304,45.85719513020355,-2.8407470960767687,1.4172360918948765,2.025202119207942,366.10400390625
783,69.01271561798725,63.21234235359612,1.3380885710848958,2.8182864494154938,1.480197878330598,339.458984375
784,84.46738825043728,79.17326067921616,-0.03132888736579531,-2.378506770360108,2.3471778829943126,277.985595703125
785,40.308466979253815,38.1513576268407,-1.1382498453994554,-0.9293335098618516,0.2089163355376038,139.77088928222656
786,63.49672868131797,86.54634078782044,0.20079984649721894,-2.2805635053841566,2.4813633518813756,282.3904113769531
787,42.981172487471355,78.37049714739214,-3.0476459909161884,1.4822439263821314,1.7532953898812667,430.4584655761719
788,59.97117676514623,101.97055073670593,0.4846049325878927,2.2943623275555263,1.8097573949676335,259.1367492675781
789,88.59561920956844,59.220507814863225,1.4243678386634713,2.7552422619086014,1.3308744232451302,312.311279296875
790,54.326861273991355,52.28544393380096,-1.920640993868282,2.4991880479509776,1.8633562653603273,336.9448547363281
791,44.090878442752725,62.142890473149635,-0.2621033394063632,-0.03401606119909406,0.22808727820726915,155.8435821533203
792,95.04907108179196,54.64144863406608,2.1695035101589264,0.3497840254712412,1.8197194846876852,270.2705383300781
793,93.8271527698224,57.70571091210431,-1.6853020150550717,-1.5525592813769074,0.13274273367816436,152.778564453125
794,47.908008758694855,37.42118216939856,-1.5830852943725744,0.8201674260151184,2.4032527203876928,401.53143310546875
795,73.28914917729955,40.364577437226586,-0.4399625531739,2.6368139433349453,3.0767764965088453,259.5880126953125
796,48.459091833049015,44.91313933206406,-2.291271217601977,2.1067125270126645,1.8852015625649445,246.6674346923828
797,68.19150466204172,50.718048562065086,2.131503016663955,0.9208190041106965,1.2106840125532585,175.2712860107422
798,99.87541931084193,58.21245115482483,-0.7598097923648206,-3.019585355201304,2.2597755628364835,281.33868408203125
799,44.61665247367862,37.53115431158007,-1.3454378717586546,0.2072855768740367,1.5527234486326913,326.17864990234375
800,42.33636744455891,56.479536756253864,-0.1405147341663482,-2.272301872913351,2.131787138747003,276.7505798339844
801,63.56165717504288,78.73858375315315,1.9716722458333784,-2.089498193220619,2.2220148681255893,295.8963928222656
802,88.43073075126298,80.99306551751722,2.6480531488039407,-2.2456020598284177,1.389530098547228,265.6626892089844
803,52.296388850736065,53.82052070950128,-2.8857127367032303,-2.767647065140278,0.11806567156295245,128.05699157714844
804,91.27251018240585,82.50617228158009,2.77313188946649,-1.4224652015405213,2.0875882161725756,389.0927429199219
805,98.7797984280815,40.00091402995931,2.0404212917745843,1.7681626199013003,0.272258671873284,151.43484497070312
806,63.5760133293692,99.27304340424296,-0.4172938254531604,1.611911536133686,2.0292053615868464,422.6357727050781
807,87.45383935228995,49.75531555064321,-0.08013356154959661,3.0572597768967373,3.137393338446334,203.5521697998047
808,44.04575852982428,58.63002172782387,-1.1817861790657,-2.70053808829947,1.5187519092337698,365.386962890625
809,48.8880155905254,85.66612825519738,-0.3612973150974672,2.6423685667892087,3.003665881886676,305.2762451171875
810,35.78703613446985,70.58765902917432,1.1784434021776038,1.531719625771558,0.35327622359395416,299.77703857421875
811,51.2516738150312,54.30432027080856,1.6575990273511598,-0.2687932726730664,1.9263923000242262,400.7848205566406
812,98.22342893261825,100.24767290089468,0.3276286230039567,-2.6457012007346723,2.973329823738629,453.2283020019531
813,82.39614192561359,55.15864114157581,-1.7074851281854053,2.261450133239645,2.314250045754536,372.2362365722656
814,46.98400907954306,38.28074235667865,0.657503353114798,-2.237703717061849,2.895207070176647,286.1934509277344
815,38.86068160131841,35.74617641670318,-0.13619925846560443,-1.4165603128771442,1.2803610544115398,339.688232421875
816,85.0801545731856,41.277039516557664,1.2818103593975652,-1.0653120380228516,2.3471223974204167,432.3048095703125
817,58.92032186596124,40.23251396894234,-0.7415307728189737,0.9381810864001112,1.679711859219085,305.1792907714844
818,48.317660554740485,79.65822931995862,0.8537256706947689,-2.0674707169509188,2.9211963876456877,304.75372314453125
819,56.21235071971488,79.75793780901145,-1.429005510607242,3.017041695980172,1.8371381005921725,382.5513916015625
820,82.76866288855959,36.563258021476194,0.3048290391090389,-2.4226753434460018,2.7275043825550407,336.1050109863281
821,78.49050223317516,52.50444701889461,-3.0770286816399786,-1.8462049023538014,1.2308237792861771,347.01116943359375
822,47.174923265128015,86.05834236526105,-2.7922142983550846,-2.764548320786718,0.027665977568366525,89.04725646972656
823,96.76602547909951,47.70340284293796,2.8537233248076284,-0.13560360822271367,2.989326933030342,240.6763153076172
824,57.762604013182354,95.98295373830558,-2.745262397618892,0.6921624151255594,2.8457604944351353,304.642578125
825,87.12861854817729,61.33689356983915,0.6135220180451153,3.0922220225602404,2.478700004515125,252.14151000976562
826,92.32147851191293,97.19992689125341,2.570760952446242,-0.41268187298882486,2.9834428254350667,272.2705383300781
827,88.97140936073812,99.65944003947779,0.20440099080738117,2.698836563532482,2.494435572725101,229.72108459472656
828,35.59473253804241,53.77011024275137,0.7315234826855765,-0.8708887441080573,1.6024122267936338,278.7521057128906
829,54.52170198244387,95.11811326291553,-2.857214480203226,-0.948312693999684,1.908901786203542,338.5141906738281
830,56.72069303914965,55.0520952369655,-0.21275283051127047,-0.11814951448448507,0.09460331602678539,146.57139587402344
831,79.36742154870808,79.57082328439984,-1.501290055096254,-0.2221199374360956,1.2791701176601584,446.0456237792969
832,44.954161527244985,64.01167777543026,1.1737134191302028,1.2941126375086531,0.12039921837845036,151.4285888671875
833,94.7572881079643,37.722735994962164,-0.41715427677799166,3.0451425032573516,2.8208885271442434,285.1929931640625
834,70.78195923227076,67.82960514678317,0.012115464199180526,-0.3177365087661608,0.3298519729653413,240.6691131591797
835,40.84785647043769,56.18303137657489,0.4707420033901961,1.033593851192669,0.5628518478024729,221.91787719726562
836,75.2074605854032,73.26459147296131,3.0519905948482773,1.8793635122639385,1.1726270825843388,306.6427307128906
837,100.93537309907512,51.82447157673254,0.9025164234519094,-2.362734652584378,3.017934231143299,253.54586791992188
838,83.9284182177673,84.03546362239283,0.38977351206027633,0.7278408493437185,0.3380673372834421,236.36837768554688
839,85.7620446061247,88.42366755866281,-2.584401243122704,0.3566520114116192,2.941053254534323,345.73828125
840,59.571367798665946,74.64694094890964,-2.640990646624176,0.5922617558500392,3.0499329047053716,297.50262451171875
841,77.55134480678505,58.77210585817541,-0.2507032385178247,0.8457772009196618,1.0964804394374865,293.4038391113281
842,58.361040517945256,47.94329262080137,2.2504584909115195,-1.9803354322188476,2.052391384049219,305.8218688964844
843,84.04328267275446,54.03170946263141,-2.0531707443616023,-1.5982452369486417,0.45492550741296056,343.2746887207031
844,56.335130786735306,60.542724969301474,-2.1357685893918434,2.2962159264978483,1.8512007912898947,258.7644958496094
845,78.53510328799848,71.55307558698883,-2.486086366939774,-1.5507173192372476,0.9353690477025263,379.3301696777344
846,95.72869089191715,73.97890020072552,-2.6662797069900113,-2.839591366168279,0.17331165917826752,193.4523162841797
847,92.94812082870206,67.49574461227442,-1.067355500103719,2.8150768442841096,2.400752962791758,340.0960998535156
848,84.48241056811668,57.06141983952763,-1.06124466058098,2.3216808436716168,2.90025980292699,296.5993347167969
849,95.17132832068013,77.68385332536869,1.3887917661749656,1.2274105197364849,0.16138124643848076,243.31796264648438
850,77.23344920669072,54.20436469168408,3.1322183152173997,2.777668565309841,0.3545497499075587,201.96669006347656
851,80.89263213316256,80.77613099854,2.9267802817757724,-0.590991036634922,2.765413988768892,255.23912048339844
852,57.48723572802083,98.25882794405453,0.5358160878857312,2.0403566415853067,1.5045405536995755,269.2313232421875
853,61.39594186129654,50.50055012201529,-1.0376768235176161,2.561915620155345,2.6835928635066257,299.5456848144531
854,65.88737719097212,42.65864417163913,-1.6706232743633438,0.6615497988358268,2.3321730731991703,366.79248046875
855,36.41610979199252,49.00192968119716,-2.169850223667732,2.7482669882112996,1.3650680953005543,353.33392333984375
856,35.57471365545528,46.775503182145044,1.691902283377467,0.001113804840294108,1.690788478537173,325.9225769042969
857,71.84495713480324,100.26996211901269,0.18364839422672974,0.13429548684108594,0.049352907385643796,45.29633331298828
858,73.67477186269463,69.17954594394814,1.182475078957177,1.8298564471244791,0.6473813681673022,210.96334838867188
859,60.06124759968944,77.96567025298256,-1.3072839021207747,1.4784629713398374,2.785746873460612,393.4032897949219
860,48.69908958883859,66.75836333013591,3.0250622168325654,-2.223505823546721,1.0346172668003002,260.943603515625
861,78.51597175161454,85.18063835717345,1.030690493771349,2.275219345571223,1.244528851799874,210.49508666992188
862,66.23039742157817,77.4711026884209,0.5932087197747049,0.2679811380874346,0.32522758168727023,176.0686798095703
863,81.61817038891115,64.04120267847017,1.3006269793848615,-2.1526332707196043,2.829925057075121,328.3136901855469
864,40.43985710349763,60.08532812626207,0.030191665719057514,1.8656537205902595,1.835462054871202,347.7847900390625
865,46.82140107571661,89.3176491564969,3.018281117214193,-1.418509916968541,1.846394272996852,371.2294006347656
866,60.48915829572378,98.87193945367781,-1.694657703721733,0.6626643019386234,2.3573220056603565,384.23492431640625
867,77.21164548699878,51.098419603096545,-1.1390134050153984,-1.9839812047656935,0.8449677997502951,251.6980438232422
868,86.2984299584557,79.36999676338885,2.582121118883067,-0.3263221661921212,2.908443285075188,312.93072509765625
869,50.34446952703578,68.77476573834282,3.0206352853328307,0.963088227169151,2.0575470581636797,299.1968994140625
870,76.19625591295352,41.73847988921072,-0.5772707330593008,-3.0034861277528146,2.426215394693514,263.76324462890625
871,82.74073277326607,94.76871756074834,-0.6716613795018591,0.5473081535893902,1.2189695330912493,264.485595703125
872,98.25361047211231,70.78771234388066,-1.0434131456243834,-1.3230179936852182,0.27960484806083485,226.6999053955078
873,37.0101299404023,88.68898614260785,2.8286374163160906,2.996541339279191,0.16790392296310053,169.8733673095703
874,72.1711620174449,82.2874476442451,-2.718946842302976,3.0936012798227246,0.4706371850538853,208.53074645996094
875,89.01810178874533,37.52718223918903,-2.493878540691677,-2.22214877444384,0.27172976624783685,133.707763671875
876,66.35518962503075,93.49484320850749,-0.8028746745858055,2.2016724476737384,3.004547122259544,302.01190185546875
877,45.5795633835388,41.56552127333219,2.879133768251787,0.9602774308875732,1.9188563373642138,276.1998291015625
878,49.356110267504434,67.43260727280348,-2.80755094971775,-0.21441915707445247,2.5931317926432977,305.3700256347656
879,92.66072984436353,98.1297286653721,1.474163670537619,-0.24502683454066743,1.7191905050782865,402.2668762207031
880,54.73160432254652,42.42432714284732,0.2867688246708835,-1.2140351081549563,1.5008039328258398,357.7110900878906
881,58.87889829068099,44.490151272923725,-0.8005901585469459,-2.240711213322484,1.4401210547755379,268.2852478027344
882,77.74888206383508,39.86098715277241,3.0845761605693784,-2.5457973719658686,0.6528117746443398,221.1674041748047
883,91.65652757551528,51.32102172227921,-1.8637020525415267,-0.33410244302962155,1.529599609511905,344.76422119140625
884,55.87303267274228,98.48348349996947,0.17928579389622978,-1.1983597991961534,1.3776455930923832,331.4881286621094
885,40.08921710751583,62.64023890384473,3.0356378271863953,2.842277729936442,0.19336009724995318,149.2633056640625
886,92.41018143299948,87.10647622642526,-2.009415004406288,1.6025735555948009,2.671196747178498,367.3757019042969
887,90.56906366794286,50.83777269396411,2.33689002029368,-2.3898312875867465,1.55646399929916,260.25390625
888,42.92653031715761,78.5052536893246,-1.4205026493592503,-0.5862150637742287,0.8342875855850216,344.159912109375
889,45.185697075885656,86.22875251273504,2.7912338376026407,-2.257982343658761,1.2339691259181846,317.7502746582031
890,77.64509315015485,81.82672968713597,-0.34874064746569067,-0.03341252724488886,0.3153281202208018,218.8008575439453
891,85.62747987218303,94.36213419869038,-2.1681764074314565,-1.1592282056688068,1.0089482017626497,274.7825622558594
892,89.09796757133896,63.52442914655586,0.02638654582627309,2.2265477830292744,2.2001612372030013,254.36764526367188
893,82.05132695131556,62.01326310270085,0.7310497352562471,-2.6122277928662276,2.939907779057112,275.82781982421875
894,83.1241025876563,51.14237939277001,-0.8533884323877774,-3.0327336746389038,2.1793452422511264,304.4607849121094
895,88.3851529805168,62.14484871319428,2.392242592612198,-0.12944282480475255,2.5216854174169505,257.65631103515625
896,85.64179801936882,81.85957350523798,-0.16866582310891287,2.8471351536144445,3.0158009767233573,297.5398864746094
897,39.91064632056074,72.35224814587627,-2.818308838537913,1.6171538607786404,1.847722607863033,388.3388366699219
898,55.97148656096627,74.1687114898558,-0.9746558000791801,-2.110846085488591,1.1361902854094108,239.6725311279297
899,47.300632620638886,101.70103571826581,0.9239201508411874,-2.0145985150843106,2.938518665925498,344.35052490234375
900,61.010095409201625,70.09581034798177,-2.3249426187721487,2.698722064439713,1.2595206239677241,261.54266357421875
901,92.36397475801468,76.04924015421824,1.2213251864785377,-1.2741596153185455,2.495484801797083,315.7169189453125
902,67.19847657539495,78.03574951671702,-0.13272928480155777,3.0551476986644097,3.095308323713619,227.2292938232422
903,100.26706847515798,75.78275161458595,-0.06693964587902945,1.3292827488324424,1.3962223947114718,299.8013000488281
904,56.04028056332162,67.39908381061028,1.4231597050005904,0.8525279171782474,0.570631787822343,262.9089660644531
905,76.11860913380768,87.52182730026396,-0.2861817156875297,-0.23331093510729684,0.05287078058023287,84.74202728271484
906,76.2578744234271,95.92805312315829,-0.787257169992368,-3.10029744347575,2.313040273483382,272.3736267089844
907,46.22767806501841,93.56094767149634,-1.828639365056456,-3.042636795706147,1.213997430649691,346.76904296875
908,60.64971227776664,86.24587271858232,2.6061495294313968,-0.6255630463949089,3.051472731353281,291.71710205078125
909,77.5713554464202,48.0451280060872,-0.2654999574561381,-0.5128711059381312,0.24737114848199315,204.8288116455078
910,95.71108215582008,86.48475744409977,-2.7459652741086904,-0.7807200817119329,1.9652451923967575,308.8782653808594
911,99.03498225873001,68.52626557993662,1.9647680738732918,3.083603933615386,1.1188358597420942,272.3724060058594
912,101.33548461596946,47.232956933161894,-0.8826195625738995,-0.14520562718641727,0.7374139353874823,246.91758728027344
913,89.17480550727596,54.36969366528879,0.6590968156449053,-2.5947691911898305,3.029319300344851,281.9671936035156
914,56.79773642305716,100.02194048448501,2.571569259445785,-1.939543601204949,1.7720724465288529,366.6950378417969
915,80.10133342259854,35.47788765476221,-2.2555574672622134,1.1390563302085903,2.888571509708783,467.91986083984375
916,81.37331563773677,68.81863096066613,0.14399435856108944,-1.596159160929889,1.7401535194909785,448.8611755371094
917,42.82379010620804,39.831635319158025,2.2642249036758244,0.8657801352688423,1.398444768406982,187.45127868652344
918,101.34501737770222,42.98893278981906,-1.2092488210906767,-1.3426804733115165,0.13343165222083986,181.62625122070312
919,64.8567582978205,49.983466688542194,2.6248608119366326,-0.2379458549227258,2.8628066668593584,279.7677307128906
920,57.19175233170222,68.3775113910928,-1.739457018752811,2.2568261614583944,2.2869021269683816,337.91644287109375
921,62.048546517676584,90.83547814961615,-1.3189348379209767,-1.1415123910431042,0.17742244687787243,160.16697692871094
922,67.67022052664385,75.06903726085515,-2.1603048894433456,-2.6769936154966434,0.5166887260532977,207.87945556640625
923,76.76996522698465,99.5929140267219,-0.020777104369968935,1.8798753391111118,1.9006524434810808,319.7511901855469
924,62.390129752713065,38.10056534316902,-1.7348269407232488,-1.3824262702023733,0.35240067052087554,168.57872009277344
925,94.40077207082663,89.54685214454267,-2.1570121826064224,-0.7550309519605407,1.4019812306458816,274.58258056640625
926,94.64324396987801,58.887237895865056,-2.0172891317220607,2.959637189937907,1.3062589855196187,278.80322265625
927,84.76536488941471,81.73976415742885,-2.108019214016757,-1.0248756008433921,1.0831436131733647,240.16470336914062
928,46.15052540699399,48.41823955232873,-1.7620850258271468,-2.3355262069401728,0.573441181113026,278.9261169433594
929,39.124574308496236,88.82025621160716,-0.8865378890505031,-1.644265014615723,0.7577271255652198,391.11920166015625
930,82.1478261963611,53.1110884077457,-0.8436945266786782,0.4360203354936525,1.2797148621723307,276.6211242675781
931,98.31829550540307,39.585634784012406,-0.8729744432565658,-3.004378148678433,2.1314037054218673,332.4698791503906
932,81.42290318788066,51.9769562918961,0.4219795711809011,-1.4720020930079059,1.893981664188807,372.5113525390625
933,46.81313216449402,70.66510256194454,2.879438874002548,1.361190602233438,1.5182482717691101,314.184814453125
934,100.9628519517216,82.20231211270726,-1.3785165000151387,2.2423821181731247,2.662286688991323,362.6557312011719
935,86.53547332431944,36.09172538361855,-0.5691915728413353,-1.2500154882246544,0.6808239153833191,335.32611083984375
936,80.62847111274029,62.88546622558269,-1.555150251220983,1.2763787895430543,2.831529040764037,413.1338195800781
937,87.32752406676948,88.46448109228538,-1.6416908190174917,-2.9782190566127844,1.3365282375952927,435.1325988769531
938,84.1071469362894,66.6042037458972,-2.15789923526655,-0.9568658843334337,1.2010333509331161,296.1895751953125
939,40.56753633759207,69.06830750124202,2.117975232842176,-0.490276043508457,2.608251276350633,262.6279602050781
940,85.035672562907,58.877132526934005,2.704897681448802,-2.273841960342086,1.3044456653886984,250.45944213867188
941,100.98822062503115,56.792298011254545,2.8643956852719237,-1.6544174278364403,1.7643721940712223,418.2737121582031
942,46.152961465473226,48.21471728863547,2.2121653825021586,-0.2596813864053842,2.4718467689075427,396.7706604003906
943,58.80454234090617,57.72851201426127,-1.6256578254604388,2.350194205634895,2.3073332760842526,402.0498352050781
944,67.35411729257491,60.79457900182507,-2.2774844046210196,-2.5986391669065787,0.32115476228555906,126.22246551513672
945,37.27354410698848,73.73800152584792,-1.4062498881275032,-1.709836929973044,0.30358704184554086,136.93922424316406
946,97.30362844743829,96.23851543587546,1.2422893600463496,0.26071318355372863,0.981576176492621,333.8368835449219
947,38.01900485880602,73.92296919018679,0.03996701834699312,-2.655896108126354,2.695863126473347,483.0965881347656
948,55.64838932476543,90.46298076421712,-1.9143819225676486,1.5652372597040163,2.8035661249079213,440.4082946777344
949,92.43464495437777,101.82196754458812,1.5185621945595047,-0.6908282199000828,2.2093904144595875,388.86920166015625
950,36.63500090490019,57.424490242603156,-1.4713936984406,2.7385549048106084,2.0732367039283788,434.8139953613281
951,63.298752708671124,41.288003457034314,1.2608292889097603,2.20602572198111,0.9451964330713496,219.6503448486328
952,48.61124607748688,67.84321846722801,-1.52691409750383,2.8625735484751944,1.8936976612005625,438.3677673339844
953,88.30604446621805,98.88925590307181,-2.3317881108287506,-2.4226869484186713,0.09089883758992069,76.85592651367188
954,91.23844548830229,97.64730989991293,-2.7624318026160086,-0.9195866769677505,1.842845125648258,318.7865905761719
955,93.7255888902308,39.928995622743734,1.1377261361923168,2.3284313321208883,1.1907051959285715,299.5063781738281
956,98.11214837988753,90.28279877586974,2.4763547192148545,1.4095452275993932,1.0668094916154613,280.8557434082031
957,46.931967163901184,77.85902888215125,2.2439284976658724,2.871354346930369,0.6274258492644966,247.99002075195312
958,98.72650499263062,35.3149775642952,0.7832961065934643,-2.097966893080202,2.881262999673666,316.5117492675781
959,53.29532597967854,50.60310294266105,2.5577567006690973,0.05429587929435442,2.503460821374743,246.2053680419922
960,50.418071591790564,75.13627615602834,1.4292513051664821,2.0665814601859065,0.6373301550194244,251.53854370117188
961,101.45095349198274,45.30635896701553,-2.5724257280397462,0.3292131426019309,2.901638870641677,321.5994567871094
962,64.97384170238828,38.75897615148224,-1.1477266114785996,-0.17077179695212186,0.9769548145264777,300.91650390625
963,55.07249082232407,88.51992267522621,-0.8733893257746437,1.6608607821134846,2.5342501078881283,354.09332275390625
964,58.173140752731186,70.82513272963186,0.16037976147053845,1.3847481560289632,1.2243683945584247,318.5438232421875
965,90.79423324232172,48.03471141955271,1.5853676219009927,-2.1365744894073386,2.5612431958712554,392.1918029785156
966,78.21009735405076,48.50645771998022,1.8257858169580983,2.9901872409150423,1.164401423956944,291.7422790527344
967,61.90956959997674,63.04256264545048,-0.20809255615745093,1.5407774405511878,1.7488699967086387,399.77838134765625
968,36.64978050131892,80.30470417856893,-0.23742774668978672,-2.9199559778241504,2.6825282311343637,404.2518615722656
969,58.73661665513373,51.79438993309512,2.618767416839302,0.2950076520214102,2.3237597648178916,281.041015625
970,74.57456148557478,88.64210698980469,-1.0434298199832002,0.6159492397902504,1.6593790597734506,323.7806091308594
971,97.7455384745845,46.73478886160092,0.5273844993815584,-2.1784329159912414,2.7058174153728,285.3645324707031
972,63.11819372493524,54.42503155559543,2.4291611746341433,2.5235320931508536,0.09437091851671031,104.13982391357422
973,57.374913185092595,90.36485324490775,0.24018456129223642,2.4245840187387167,2.1843994574464802,246.61126708984375
974,58.485996117253876,36.582210291994144,0.0455303183752358,0.9583531460482142,0.9128228276729784,326.6352233886719
975,38.920286970826375,89.76518911624763,0.8315661855596681,-0.6613465406184562,1.4929127261781243,297.7075500488281
976,73.13216809936586,101.6698724174051,-1.629921744449511,-1.6411566381406077,0.011234893691096648,30.02861976623535
977,40.28407350468727,47.471629037665565,2.4965144791521965,1.9704780336954189,0.5260364454567776,190.47674560546875
978,51.20729562853622,55.91917606431625,-0.8888489526852208,2.931646303284456,2.46269005120991,287.168212890625
979,60.80959034696364,61.41006223619584,0.7551689785790372,-2.195323230348359,2.9504922089273964,259.1844177246094
980,87.44828716555931,48.57150218815198,-0.20545596036691682,-2.59983251109149,2.3943765507245733,263.9422912597656
981,73.00636164003424,60.08773682364653,2.778106081797934,2.0209850462819396,0.7571210355159943,252.43936157226562
982,42.44131703403873,43.28515991144978,2.9248673744080547,2.7334299293211606,0.1914374450868941,212.4286346435547
983,44.68657406066147,70.55231411804186,-0.4039894494634586,-1.6223808392189578,1.2183913897554992,411.4331970214844
984,52.790374762328916,38.858930595102315,2.109585539124649,1.9129467053511409,0.1966388337735081,229.4353485107422
985,100.7632232970794,60.0581187371755,-2.2766017866928783,-0.997503773569679,1.2790980131231993,309.43060302734375
986,69.11785098190796,68.22337605263884,1.7439805391609609,0.16764962458898625,1.5763309145719746,330.0448303222656
987,57.5419934433065,47.93006122521625,-2.0123524377628126,-0.3013425207558744,1.7110099170069382,342.9268798828125
988,37.078716168704936,65.69292108010102,1.0182998400430607,-0.6568729291159854,1.6751727691590461,285.1858215332031
989,95.02898939005344,51.06187610978078,2.119019764661294,0.4991801377759266,1.6198396268853674,228.0592498779297
990,60.132144602584425,67.43552144295398,0.8663252028992456,-2.140871904271121,3.0071971071703665,272.3505554199219
991,81.61788490487962,73.84963704434168,1.2810217736048939,1.5516274448236622,0.27060567121876833,264.2552490234375
992,58.76873378056352,36.22658487278615,-1.0423600471348835,-0.09774362035565476,0.9446164267792287,320.5862731933594
993,50.14830124173942,99.30656276465893,0.8169599251326405,-2.2605752570982784,3.077535182230919,258.423583984375
994,88.80821836133073,84.815397783321,-1.7882181261073469,-1.1899780173129983,0.5982401087943485,258.2171936035156
995,60.44670022215756,81.49448641133162,-0.3446113780079463,-0.9060127331917047,0.5614013551837584,245.60702514648438
996,58.89935054676536,40.213308150337085,0.07578103916319723,1.152801169068809,1.0770201299056117,354.7449951171875
997,84.4961767997359,77.06850090582992,2.609439331455933,-2.0737974098628307,1.5999485658608228,302.9526062011719
998,36.85836769439282,45.06811650043872,2.3647947736194546,2.7009673366600797,0.33617256304062515,265.224365234375
999,69.13989394031665,66.1452692365471,-1.5186592209440455,0.9205727864775586,2.4392320074216043,418.0951232910156
1000,93.83095674392094,97.24481671895325,0.9012592117231435,2.7965072191320104,1.895248007408867,323.10430908203125
1001,79.32438683226775,60.77876070387403,-1.0750917080042073,-1.7849392979913938,0.7098475899871866,258.44647216796875
1002,64.08297524575981,79.43520997270457,2.4484355884608746,-1.562985366606539,2.2717643521121724,447.2234802246094
1003,72.0010552293863,41.35783014786753,-2.5246979056320464,1.4405983213529199,2.3178890801946204,430.1883850097656
1004,99.27154878665013,43.9695680650854,0.4026098866636745,1.9621263180960709,1.5595164314323964,365.2072448730469
1005,40.22539297278647,59.34366837024277,0.3959603543976864,-1.9238090931234708,2.319769447521157,294.86822509765625
1006,57.05015920788057,85.06416800070433,-1.6120259319359445,-2.8842214737979583,1.272195541862014,433.9800109863281
1007,43.688374720313405,97.43341375480985,-2.144362259498931,1.1727918074562185,2.9660312402244373,256.6256103515625
1008,41.02177230195062,79.79405222225313,2.219080425521466,3.0940065664112977,0.8749261408898317,298.3014221191406
1009,38.93007858363368,64.9745197192573,0.5386035974135082,1.5711383743530103,1.0325347769395021,338.8273620605469
1010,63.08192053454252,39.25572413034895,-2.481055530882795,-0.96445111030723,1.516604420575565,313.7401123046875
1011,79.40464100458767,44.05817321060958,1.047799006737784,1.0059986869817097,0.041800319756074344,64.26407623291016
1012,41.57189562290277,83.09689273071979,-0.5035131998193991,2.0628190036736616,2.5663322034930607,251.26031494140625
1013,48.39650133476377,86.79806458103349,2.370184689669796,-0.1793030943163254,2.5494877839861214,280.5285949707031
1014,77.37174449041933,76.40136936283159,1.5940714976179242,-0.2712643316723571,1.8653358292902813,434.8979797363281
1015,75.69042358098241,47.5349019800246,1.5397717921256273,2.8986790658620594,1.358907273736432,368.6920471191406
1016,50.417089735144174,38.63622456144147,2.1721103095790966,-1.6762599540021845,2.4348150435983054,398.41436767578125
1017,40.19058947698121,90.14846915665181,-2.404151832565815,-1.8981452637805958,0.5060065687852193,351.21063232421875
1018,64.98919323107529,46.25612479209473,-2.1097529834108473,-2.645272515619903,0.5355195322090558,230.07763671875
1019,87.51844058310172,45.56675190393612,-0.12355501364094978,-1.0017552987483267,0.878200285107377,278.58026123046875
1020,101.6612692175972,61.366921569129396,2.8933442786642303,0.07719063753879851,2.8161536411254318,210.9907684326172
1021,90.87534511282607,93.33711212688357,-1.9612650732795116,0.5239790191678537,2.485244092447365,329.70416259765625
1022,94.29642165855103,84.3313101683832,1.5519779898594992,-0.03995040435429864,1.5919283942137978,381.305419921875
1023,62.28310602280902,40.526636930056796,2.37365107533327,-1.4053944150480542,2.5041398167982627,345.4521484375
1024,75.19033926325818,58.79363591421732,2.165255549680329,1.2086106880452059,0.9566448616351231,219.8282928466797
1025,81.68961880130948,84.72009510838286,0.7317530951115798,2.4700251631186605,1.7382720680070807,218.25575256347656
1026,60.3606073616339,76.62102349845331,1.0319095538186867,0.5977663362730556,0.434143217545631,191.0425567626953
1027,83.64935881729147,85.90916604723022,-1.697202602893252,0.3753285405402873,2.0725311434335394,404.6864013671875
1028,100.3847986684127,89.53424736496342,-2.200997319212609,-2.920576384080262,0.719579064867653,240.20025634765625
1029,72.08945028344982,36.224821893238186,-2.9538918869348727,0.6363925913179473,2.6929008289267666,296.0798034667969
1030,76.41880376930385,58.85866198840482,0.23971882279856338,2.065986563379835,1.8262677405812715,266.4739990234375
1031,58.711728871356044,84.63211565542242,-0.5765589606522608,-0.3099470770065178,0.26661188364574295,280.0801086425781
1032,76.05099357670056,44.91548465006065,-0.22308320211334465,2.918633634343424,3.141468470722818,237.25389099121094
1033,73.84760803324181,87.30049219204346,2.5007937752425873,-0.4218111010305048,2.922604876273092,283.5574645996094
1034,88.0947484302356,59.74059675602514,1.4521181595026489,-1.080037195980918,2.532155355483567,336.7530517578125
1035,57.151317116966645,75.46138853321258,-1.385298746342035,1.0740850797523986,2.4593838260944336,312.3431701660156
1036,101.79942856715225,89.92741539573544,1.4409915164039662,-2.076987851070153,2.7652059397054676,348.9299011230469
1037,83.9076670984812,56.9249712438779,-3.122979055400236,1.5449870631843892,1.6152191885949618,367.7962646484375
1038,85.11432012797329,71.76651852020721,-2.0917629843273176,1.9557278814120016,2.2356944414402675,305.1871032714844
1039,49.17402384687813,52.26083678845459,-2.2072991362853784,-2.767587855323481,0.5602887190381027,254.10337829589844
1040,44.65602367370803,98.42697143026072,1.8665103976963842,1.4942892936800716,0.3722211040163126,281.0018615722656
1041,73.36450213026049,86.46778385017737,1.6861174024937933,-1.3968383192845808,3.082955721778374,374.4952392578125
1042,46.119158449162214,61.70139475007835,-0.174021207882471,-2.768994756906236,2.594973549023765,314.0892333984375
1043,95.89738424537846,52.63355332500329,1.9746768132871235,-1.6057010128681604,2.7028074810243026,435.76422119140625
1044,48.93647512602097,58.17039717192208,0.8290836399930877,2.0168686811866934,1.1877850411936057,207.42918395996094
1045,61.05355972794152,79.66005190668616,-1.5542327029081204,-1.7037847964663333,0.14955209355821286,164.0028533935547
1046,63.40164758243682,97.54722599450118,-2.881963616828508,0.36420261010025,3.0370190802508286,257.3089904785156
1047,100.21822640841764,75.73001408598199,2.5875353900900544,1.7868339392681634,0.800701450821891,247.77642822265625
1048,67.1152588583865,58.760905233017496,0.8715122858592919,2.4537877103447663,1.5822754244854744,203.69418334960938
1049,38.01828405669957,85.75219552988165,-0.9447178846919213,-3.115760021272932,2.171042136581011,388.0194396972656
1050,37.73694676468538,38.16225667616735,0.9994314408080065,0.13570976263100487,0.8637216781770016,381.2464599609375
1051,57.26646470517204,59.51238982024165,-1.812937205886324,-0.450424448972536,1.362512756913788,317.41448974609375
1052,51.73058387802172,83.9634483469653,-1.4213482875164258,0.3698582117599907,1.7912064992764165,364.85723876953125
1053,88.54814360772758,65.35183741728194,-0.8073367500058479,-2.6904514330244975,1.8831146830186496,352.7022399902344
1054,78.63181538579596,37.2470185020907,2.1768801316035313,2.1297746868358463,0.04710544476768508,81.11080932617188
1055,67.44022602298767,70.56984806380687,1.441283815720662,2.229647384148028,0.788363568427366,258.0443420410156
1056,63.81669087782433,98.50091070614155,0.28319121407570824,2.235039124989565,1.9518479109138567,282.83209228515625
1057,37.61259340840197,50.3012251182786,0.2587322029309749,-2.8795861817064305,3.1383183846374054,403.4446105957031
1058,68.90522587842202,73.05520022845947,0.10934746868019207,-2.422246774516085,2.531594243196277,281.2689514160156
1059,88.52193241410151,76.68711577780823,1.52653863664655,-0.560638526213546,2.087177162860096,378.6756591796875
1060,89.63746636918643,53.876376657924695,2.6758308162143045,-0.3692746330042196,3.045105449218524,281.8926086425781
1061,52.407210245227304,90.05199991331905,0.33262896259345,-1.339678476173105,1.672307438766555,441.4762268066406
1062,45.4434556750116,98.83329777652648,1.3344110996241643,2.7472998855702713,1.412888785946107,281.6154479980469
1063,84.05408333335288,74.61428365903024,0.04973838340908765,3.141082109890294,3.0913437264812065,225.244873046875
1064,52.52935536338701,59.91387541877659,2.226619051334323,-0.1439861501949231,2.370605201529246,271.804443359375
1065,45.49632761925311,67.96820824804828,0.5185575677908321,1.2531680010863626,0.7346104332955306,345.37774658203125
1066,41.561060144107074,87.48683039328702,-1.4603673798562709,-1.3530980932485763,0.10726928660769453,212.10845947265625
1067,82.81216332859952,47.17244375052999,2.4775315875986257,0.969678938063371,1.5078526495352547,193.68614196777344
1068,53.89880807768927,94.7163478782671,-0.9947623266684174,-2.8725662441745117,1.8778039175060943,309.87957763671875
1069,99.23326513975775,51.42168610860966,2.3847238560079465,0.5319056303384904,1.852818225669456,213.54898071289062
1070,98.69551423838013,90.84924174922742,0.7338704910000824,-1.4052311929026893,2.139101683902772,390.1534423828125
1071,100.48990210699947,78.74302848412631,-2.1994459667033572,-1.8289906031731884,0.37045536353016884,230.4517059326172
1072,58.020427304922315,68.38595245767243,-1.2368991778273557,-2.1663851361791537,0.929485958351798,311.2480773925781
1073,84.86269390952654,38.097401695024935,-2.021214022566644,-0.24482218815829393,1.7763918344083502,328.2117919921875
1074,53.482428942135996,93.80848323811965,0.2807217601927734,2.9909990251067153,2.710277264913942,236.03228759765625
1075,86.13688719587529,40.67091334782287,-2.9693011475492836,-0.2035073587042877,2.765793788844996,231.1092071533203
1076,44.54849408875272,67.16828390440185,-1.0697684135541428,-0.6141534622049645,0.45561495134917823,188.1501007080078
1077,64.21677082269272,38.107488228638466,2.896470550531224,3.038909218345597,0.14243866781437298,90.0589370727539
1078,67.94493368989052,50.79293757749421,-2.15544767335263,2.4408125022994964,1.6869251315274598,278.8734130859375
1079,101.13282670560409,53.846940612783364,-0.9339100144409835,-2.994348049780443,2.0604380353394594,332.64410400390625
1080,101.36125969212578,64.27645296300415,0.035735916065614326,-1.640699739144407,1.6764356552100212,397.6929626464844
1081,91.3584235378736,42.36210986675677,-0.8408032076123901,-0.9384671596889977,0.09766395207660761,98.23578643798828
1082,61.958619572860556,60.64374042347153,0.6575987493658344,-1.6535102441923168,2.3111089935581512,411.53765869140625
1083,69.16383903720484,51.22058782931458,0.8206294378299459,-0.39959367011120106,1.220223107941147,294.2200622558594
1084,80.80206853421842,71.01982457241255,-1.9674187898269981,-2.7212190725217775,0.7538002826947794,252.1675567626953
1085,44.27876481407755,54.70030746298045,-0.1420146010755925,1.6899567710687862,1.8319713721443787,353.2242431640625
1086,64.80713817647734,45.30684341369353,-3.1018495840864526,-1.144277564996518,1.9575720190899346,303.1097106933594
1087,59.73503186160555,46.29434790117705,3.1311913579174506,2.2306803088306157,0.9005110490868349,208.44317626953125
1088,55.284538474406105,65.84152918656008,-0.208983657343234,-3.0373492269200457,2.8283655695768117,262.0271911621094
1089,71.63092570695909,80.55535016401632,-3.1212042004241423,-0.23025635233358832,2.890947848090554,262.3231201171875
1090,92.54064202913833,65.17625155383895,1.6199819452893518,0.7850712548403069,0.8349106904490449,333.50299072265625
1091,98.81683483511642,36.15096865804608,-2.348431830529428,1.2416299344871815,2.693123542162977,481.1805114746094
1092,51.522720924545965,100.87635414336398,-2.1833426605522877,-0.03698375928790032,2.1463589012643873,330.01416015625
1093,68.24598070000411,83.3230268712797,0.623444720284938,1.1243287490338245,0.5008840287488865,202.35794067382812
1094,74.64166416844148,70.1214341163977,-2.7331122203092417,1.197957869457973,2.352115217412372,312.2469787597656
1095,62.57065733567027,57.067984540644154,-3.106660140629235,-1.2785873382656663,1.8280728023635688,348.11578369140625
1096,78.73500695528398,80.27167339267424,-2.9011184745068554,-2.0702476366586,0.8308708378482557,262.2837829589844
1097,90.63729494667314,46.572776599817594,1.3535695396131366,0.4062841071031067,0.9472854325100301,369.0037536621094
1098,54.44044469691137,101.29246247307402,0.28072076143334534,2.21073387908855,1.9300131176552044,270.88299560546875
1099,80.10497670805377,40.46696613607746,-0.7191164415484792,-1.1336506989751016,0.4145342574266224,193.51092529296875
1100,67.10610560758232,52.08807080635313,-1.7552447888620988,-1.862509541931628,0.1072647530695292,191.79104614257812
1101,75.96614968332285,93.47978780878516,-2.444592913382689,-1.95488439894831,0.4897085144343791,224.42108154296875
1102,73.74918310232562,77.78622811152081,-1.6665586580570535,-2.0787101649203104,0.41215150686325686,308.9268798828125
1103,59.52913445554611,51.74507231771929,-1.1153401707373032,-0.16288116737344627,0.9524590033638569,294.98358154296875
1104,55.397325888285735,99.19769527934587,-0.8748113401813788,-1.4933856308982294,0.6185742907168505,369.8500061035156
1105,93.21930788359126,76.9263694939097,-2.9306907500340738,-2.0061495500511004,0.9245411999829733,297.7080993652344
1106,65.98531468622146,85.02881196886975,2.9420339709220142,-1.1574397488213737,2.1837115874361985,335.98736572265625
1107,65.39773497844163,66.74758697319267,-1.3451480875949864,-1.3228393476050382,0.0223087399899482,83.88287353515625
1108,57.25543944971403,83.93266655372565,1.6571913718358937,2.206238541869273,0.5490471700333792,253.49827575683594
1109,79.95798215663993,64.3824318852637,-3.1283393686197187,2.098795903551534,1.0560500350083333,281.2416687011719
1110,63.03218566512958,70.84396742653394,-0.41114817958076477,2.1455496440488693,2.556697823629634,276.9417419433594
1111,90.69345592706313,56.51963711546444,2.804535930368691,3.0108241782066107,0.20628824783791977,298.1197204589844
1112,57.88073752819494,51.3625432452898,2.1187215470446876,1.2044090834473806,0.914312463597307,236.9591522216797
1113,90.28696166894687,60.574206366315146,-1.3124523210092047,0.13083255148211226,1.443284872491317,362.0239562988281
1114,84.68501715631848,52.33352340109853,0.21688257536061029,0.17558975005902555,0.041292825301584735,47.221805572509766
1115,78.82739345739508,48.77932775671263,0.25533240237552723,-2.2389079450060554,2.4942403473815826,284.68682861328125
1116,53.17745225122648,45.867117706137066,2.8220388710340947,2.5094867478836287,0.312552123150466,323.01708984375
1117,71.35347015379469,41.75302142882744,0.4324401900704906,-2.6791770724071418,3.1116172624776324,269.5849609375
1118,94.99620980421679,50.71052718595689,0.5840058507790764,-2.516591808866212,3.100597659645288,268.5555725097656
1119,39.72278085916712,74.79346271708644,1.7565175374798967,0.5877811368385415,1.1687364006413552,263.04046630859375
1120,82.5338823411268,93.76042976874604,0.6136295610602662,-1.723304224095795,2.336933785156061,366.6128845214844
1121,65.16287853310212,64.74850105329328,0.8902979565209064,-2.760470283877455,2.6324170667812252,278.6697082519531
1122,58.467910289877565,75.8479679578516,-0.2858208511082547,2.441062630369559,2.7268834814778136,352.8533020019531
1123,78.99589415771942,68.46081571655742,0.4497120464789992,2.4401607310864284,1.9904486846074292,234.6598663330078
1124,45.82130495332622,59.12906267360749,-1.4598148200668803,-0.3932751253614448,1.0665396947054355,389.6562805175781
1125,37.573734352374295,94.19325520457933,-1.0424566308389247,2.2762365211599427,2.9644921551807193,279.1466979980469
1126,42.99969732128498,59.521337353897735,-2.7497332885698444,-2.9402440008647543,0.1905107122949099,154.6270294189453
1127,49.15899896596761,80.84856997576748,-1.5182922059135748,0.5243139290589967,2.0426061349725715,450.25506591796875
1128,50.888826351694924,64.34155899406936,2.193240723756549,-0.2338175166588745,2.4270582404154237,282.07666015625
1129,58.311870935631674,53.694403183985855,-2.0684227273319475,-0.9312317935736703,1.1371909337582773,286.73773193359375
1130,49.46151396013087,95.21394336004707,-0.573317812916815,2.6696568246817636,3.040210669581008,271.70672607421875
1131,69.21691800254507,91.67436120658674,-0.18975541594609036,-2.4212832174109282,2.231527801464838,279.1914978027344
1132,61.552386713255146,44.01732146283695,1.3104392150134192,1.053031807335251,0.2574074076781683,203.4808349609375
1133,65.95275946629593,89.5971654409612,0.06945956604838655,-0.16993266948426689,0.23939223553265343,155.167724609375
1134,69.75484686782028,41.92109591020465,-1.0371786957057343,-2.0169327454669093,0.979754049761175,262.10955810546875
1135,67.35973141450823,91.5292336250547,1.7129262832674188,2.0853287251590187,0.3724024418915999,223.79156494140625
1136,35.949433732332174,73.63247920859638,-0.7587729203179792,0.9566361506124306,1.7154090709304097,272.5523681640625
1137,101.72847147201921,76.14203798679571,2.976975074271052,3.0354463798613764,0.05847130559032454,100.82627868652344
1138,41.64899637933769,45.6359589033369,2.632112584856463,0.5019344971825626,2.1301780876739005,238.81507873535156
1139,61.10048630757474,36.22522704913905,2.1020368443664568,0.25926039609283835,1.8427764482736184,408.92822265625
1140,85.21286850584704,90.49234739441174,0.16951087418120814,0.8966698483245352,0.7271589741433271,253.09869384765625
1141,73.27222129326384,60.51406391798997,2.78705102451523,-3.0510519670374077,0.445082315626949,192.85133361816406
1142,65.79672180001477,99.56207024298675,-1.0873768465856162,1.369573745665301,2.456950592250917,319.9779968261719
1143,40.756641311465735,74.90978432194066,0.9375349719344195,-1.0106737616123196,1.948208733546739,274.48651123046875
1144,81.36300381456326,87.41133337523578,-0.5010046047371719,1.907351392883469,2.408355997620641,328.10064697265625
1145,57.811582453172136,40.85382638838318,2.256064509762548,-1.013449383879284,3.0136714135377547,291.7191162109375
1146,56.60171537618642,39.68884520302293,-0.11775956731451043,1.6098968338044441,1.7276564011189546,419.4819641113281
1147,60.686863259165854,100.72992108654343,2.133891737813565,-0.7555482651407202,2.8894400029542853,271.1776428222656
1148,46.414403200792506,52.91378630552887,-1.2370070683241994,-0.14516434833063974,1.0918427199935596,389.2568054199219
1149,91.25673221430819,81.90217151167046,-2.176248930447575,1.120640787828762,2.9862955889032494,255.263671875
1150,87.06184895212017,60.84753357988696,2.681630304640235,-1.5831409980342466,2.018414004505105,437.9364318847656
1151,46.43674726634677,74.21292402378572,1.7062663788865837,-3.1067211970313173,1.470197731261685,326.4236145019531
1152,79.10363229528768,61.01833796450145,-0.5438900413915904,2.927354368772874,2.8119408970151225,303.52520751953125
1153,88.9950459584596,69.52116406045938,-0.211577775469717,2.555985147838519,2.767562923308236,269.1320495605469
1154,85.5386068220269,37.7166011066464,-2.0211149087723026,2.842862782356767,1.4192076160505167,319.814453125
1155,68.38898972659612,40.66844697775973,2.1793272176835803,1.5568700619400504,0.6224571557435299,311.44940185546875
1156,93.0689152343187,84.61559153123088,1.1599862094534732,-1.0235733323213894,2.1835595417748626,317.4620361328125
1157,53.69952910584156,37.9672484165562,1.2682421544092497,-1.7064921095508954,2.974734263960145,475.0020751953125
1158,53.84838934140471,54.457862026411306,-2.1631204461909115,2.165721369480565,1.9543434915081106,279.6408386230469
1159,77.74695619683177,85.6137149840382,2.75846031225747,-0.5170270814189135,3.007697913503203,296.97637939453125
1160,66.99844931843107,85.77541628871835,-2.1714769078843252,1.0874584135462353,3.024249985749026,246.4937744140625
1161,59.03540503537069,59.554696473462656,0.6170183122104946,-2.498798643038165,3.1158169552486594,245.6428985595703
1162,80.40611656527193,95.25062288095441,0.07357902932601768,3.1177969798316783,3.0442179505056606,211.7274627685547
1163,40.17492822984327,79.94671900947723,-2.653520747439071,-0.8756542286987559,1.777866518740315,386.3101806640625
1164,98.84030981547114,36.19025644732304,-1.3149676909082186,1.218582412771731,2.53355010367995,474.80377197265625
1165,39.77114420386034,89.80768756070148,1.0289008865906055,-0.8323544713963096,1.861255357986915,273.02020263671875
1166,81.22681528317065,90.5241665508842,-0.9707688047891256,1.8718038330722013,2.842572637861327,310.9242248535156
1167,73.4984327721923,61.005381581237515,2.030346669718436,0.6461712357045397,1.3841754340138963,290.60870361328125
1168,49.91135860034346,36.66302113848767,1.9053939961324753,2.6846160260579817,0.7792220299255063,306.94635009765625
1169,72.24322189745021,74.27148815242406,-0.619417052667548,2.8840547914642096,2.779713463047829,293.5120849609375
1170,71.13146602479475,83.16414684192482,0.9606858745819737,0.2818806420810276,0.6788052325009462,278.2276611328125
1171,52.64461997859293,58.5250942960256,0.1655712965058176,1.214955042322723,1.0493837458169053,334.3820495605469
1172,68.13360347948029,88.2345075922681,2.753986543831676,-1.9463475529015914,1.582851210446319,337.9841613769531
1173,73.58825207987624,66.26025403524223,0.7237062820162858,0.14785425195311985,0.575852030063166,187.34161376953125
1174,84.65168585042021,87.76404538061728,-0.7151428714312158,-2.0885429665597677,1.3734000951285519,299.7065124511719
1175,87.66319693491899,60.44499507298519,1.1587387071348347,-2.713262517139932,2.4111840829048194,278.3125
1176,100.93781522836618,54.463680422521335,0.9918893233908888,0.26722247866918547,0.7246668447217033,236.01278686523438
1177,49.812239650572614,91.81439312281479,-0.5077697005943134,-1.5872909525462702,1.0795212519519568,467.9171142578125
1178,43.43352676433269,94.62624801620989,2.1245132164241776,3.042363678615666,0.9178504621914882,320.9285583496094
1179,51.47743458529267,101.76303260020926,0.7254411054225818,2.167781794007599,1.4423406885850172,224.8390350341797
1180,91.08370188782386,90.04677024419004,-1.8932272319899763,0.8943977009568123,2.7876249329467884,385.33514404296875
1181,51.69913174731053,41.24965921511249,2.821145741487264,-1.1580416335843184,2.3039979321080044,429.47076416015625
1182,100.6489246957452,52.66507298082867,1.6201601718617766,1.9150650430081004,0.2949048711463238,302.6424560546875
1183,73.05148758387486,97.87507758188687,1.2435747592554494,-1.0550336483677145,2.298608407623164,384.12811279296875
1184,43.79709954354067,72.80956683342231,0.12761105813228646,0.3464725439835359,0.21886148585124943,217.3914794921875
1185,59.9309211207106,85.14054733471653,-0.292766736427132,2.43013185690764,2.7228985933347722,309.58819580078125
1186,53.89382338133663,63.4261553118305,-0.19527792203490435,-1.8371418497190495,1.6418639276841451,336.637451171875
1187,92.08361861192388,43.04081698651735,2.8082454206816214,-2.438571288938379,1.0363685975595855,374.0338134765625
1188,50.210240989553654,68.03546205987504,-1.7237775934439301,0.4785756414427915,2.2023532348867216,395.2929992675781
1189,49.95417023773011,94.18077638085873,-1.9191874748170616,-0.25396195357644835,1.6652255212406133,352.6835021972656
1190,96.41932094854752,94.02206781274961,0.5809343677028234,-2.219783087524969,2.8007174552277925,304.3473205566406
1191,63.914400539360955,62.61560438627,-0.6322885102210436,-0.21744128269381857,0.414847227527225,192.08424377441406
1192,35.486580895595424,82.39225850066748,-1.294803834986548,0.24246023343072043,1.5372640684172685,364.4908752441406
1193,46.2297375908237,86.61539606559955,1.2434761596122401,-2.8683511791508662,2.1713579684164803,339.0781555175781
1194,54.25896284303897,90.62542643903683,0.026312954273516098,-1.992315560683467,2.0186285149569834,345.91827392578125
1195,86.48350960182985,71.61161669003069,-0.7559522060051966,0.7044664386006798,1.4604186446058764,260.3826904296875
1196,64.25931248639594,42.967050680925,-2.2377134600816975,0.8562861712598497,3.093999631341547,244.82131958007812
1197,45.48887681300803,86.88771866090451,-3.0576393495826233,-2.216696438298983,0.8409429112836402,263.52593994140625
1198,68.22409934181641,63.997866129494795,0.8581357159555338,-1.562751193939665,2.4208869098951986,408.5449523925781
1199,45.52845559705373,59.22049654202043,-3.0540945151196097,0.15958260907593136,3.0695081829840456,317.2193298339844
1200,79.5128259204022,92.2792419594496,0.7551354829639618,-0.1427789336278371,0.8979144165917989,257.1053466796875
1201,68.76504804362614,94.19173280846994,1.6523191343704795,2.310227486589562,0.6579083522190824,295.9776306152344
1202,58.45230833651337,64.92684493169521,1.8872784626083057,3.0905202861542556,1.2032418235459499,378.7995300292969
1203,55.70772922525544,37.10815468382456,-0.6088951593335445,-1.3299651798219085,0.721070020488364,307.4715270996094
1204,74.28063039489916,92.28350563975673,2.063045178345874,-2.2421819187290044,1.9779582101047082,282.5050964355469
1205,92.39532225214543,65.55569272744951,-1.4136670257738326,2.8342332600299196,2.035285021375835,382.6304016113281
1206,63.046253589360035,87.86117582017161,-2.0487135246773587,0.6534508614225616,2.7021643860999203,320.0513610839844
1207,80.40118102585203,62.36987031532918,1.7084856342675963,1.5945707207603679,0.11391491350722839,184.15869140625
1208,71.46214702374647,38.396531503561924,0.7532995811003369,-1.4400225997067004,2.193322180807037,360.6063232421875
1209,47.909247670077434,86.40623826525922,0.2478134862045147,2.9850262339179947,2.73721274771348,284.84613037109375
1210,48.2577710418884,63.22786309457348,2.8281294042240717,-2.0254118294747183,1.4296440734807965,379.2807312011719
1211,46.68590019182521,46.40910853752603,2.2183652914011756,-1.5472898562100033,2.5175301595684076,380.5111389160156
1212,54.53823088470502,92.2896632605391,-1.4612542349451723,0.21190452031031848,1.6731587552554907,437.2058410644531
1213,70.4800703954561,63.69172986383796,-1.4506818073564411,-0.8773439288434037,0.5733378785130374,320.212158203125
1214,80.46132494567934,46.565920022079766,-1.3452074235672702,2.3619937305038716,2.5759841531084446,286.33636474609375
1215,63.809961236399516,90.12781232403742,2.3113979162271754,2.5662336121489338,0.25483569592175837,132.04808044433594
1216,41.537409554387715,63.628138488427695,2.199519667549831,0.8276101311723996,1.3719095363774314,187.7881622314453
1217,94.18956836582694,84.8533799681345,-1.54648264296726,-0.23748282852830283,1.3089998144389572,437.61090087890625
1218,96.67438146331384,84.1668254659422,2.054070891841114,-2.015279835320806,2.213834580017666,300.8164978027344
1219,45.89488544911099,84.93726181476201,3.106422608652263,-0.13013742708808307,3.0466252714392406,301.12359619140625
1220,62.53974870876618,81.85301256749804,2.134627037665542,1.001080401611505,1.133546636054037,195.0227813720703
1221,77.120769698516,56.22838893462654,2.6149867622040857,-2.2705916654160845,1.3976068795594163,249.24761962890625
1222,41.56146412143953,43.890352354292936,-2.6469965515796083,-1.504033959817132,1.1429625917624764,414.0796203613281
1223,95.71174579607876,45.236863055101395,-2.9000491208947574,-0.914164147252031,1.9858849736427264,292.9638366699219
1224,95.04057745110401,83.52748236366787,2.8665647330712822,-2.587017507987487,0.8296030661208171,284.638427734375
1225,96.0098152156271,93.29029186449608,-0.8401333714001762,-0.9125060114650516,0.07237264006487543,66.2754898071289
1226,36.713355799831305,69.4282564983338,0.009577943488815244,1.1432502724779097,1.1336723289890944,318.2294006347656
1227,48.03561113932734,47.61645532033603,1.8235654675147623,2.594287269800967,0.7707218022862046,249.53445434570312
1228,81.56136449763437,66.54084464508472,2.1105234347859954,0.7272642013360979,1.3832592334498974,217.15628051757812
1229,83.19170503435035,67.11346133255066,-0.9238564121817272,1.2793040864903737,2.203160498672101,326.1084289550781
1230,70.94453383232002,79.81533261943551,2.54198964772399,1.6601498969733912,0.8818397507505988,348.54876708984375
1231,59.043913370769616,49.57728945899863,-1.356926649543677,-1.9748680892792116,0.6179414397355347,261.4866027832031
1232,88.01868120837491,95.30764941620637,2.1243820761670884,-1.5285901089888778,2.6302131220236205,407.2002868652344
1233,89.29742674860279,44.81585910602837,2.959706096877511,1.8010253062248092,1.158680790652702,303.99896240234375
1234,43.7991648335057,55.343911022174844,-2.3380167122915743,-0.5285012167256546,1.8095154955659196,276.56890869140625
1235,84.3128083398091,68.60080959378928,1.225161447324604,1.0716356797197548,0.15352576760484915,257.8608703613281
1236,73.10158104965234,62.676980513714206,-2.0636508108765366,2.071503529638817,2.1480309666642325,284.0747985839844
1237,36.300239365147064,55.517490010082795,-3.0594033199974557,-1.089005284222881,1.9703980357745747,452.1205139160156
1238,46.84638764454567,71.84771624562714,-0.40828536448216823,1.771768757125093,2.1800541216072613,338.6659851074219
1239,43.450994519584654,68.14448835265219,2.397192255815864,2.289472017176058,0.10772023863980618,109.49524688720703
1240,65.6159577022029,94.60353740106201,3.0923953470860432,-2.6104867129281013,0.5803032471654419,194.4935760498047
1241,44.31184601353584,76.2782042715418,1.2245169228241988,-1.322952014226644,2.5474689370508425,332.64178466796875
1242,56.21755085238851,70.12610277780158,-1.6638430987379844,3.043169675790825,1.5761725326507767,403.51507568359375
1243,53.97806498531394,90.48816001817067,-2.066144124578539,2.6527852120556314,1.564255970545416,286.68609619140625
1244,69.40766708444923,96.41655714445046,-0.34992924962089145,0.5137084868586665,0.863637736479558,312.1145324707031
1245,81.2105072814378,92.397245239211,2.8207417268954362,-1.5064528981844965,1.9559906820996533,435.86572265625
1246,87.08236907291331,87.72005735528805,-0.37720310211415997,0.056159288915989425,0.4333623910301494,231.26792907714844
1247,57.318328023386364,45.29812789817737,1.6835545294978438,-2.630568161328235,1.969062616353508,342.24188232421875
1248,83.53802765219683,97.44281941202942,1.1262474999921155,0.2903465351440859,0.8359009648480296,272.9569396972656
1249,37.241293306059426,91.13968456849514,1.7312536895192245,1.0616484348635415,0.6696052546556829,216.9237823486328
1250,99.12096398035332,75.56548464593853,-0.2594270720539038,0.7772523851066806,1.0366794571605844,295.74005126953125
1251,48.621004398578364,39.100681390870626,1.7009655737692944,-0.881786156875322,2.5827517306446164,423.2991027832031
1252,47.35738448548145,37.424605277355646,-1.0252436989438216,0.24300799503901338,1.268251693982835,340.9151916503906
1253,66.7033415079162,39.18324324313484,2.440307802532204,2.7352988420248883,0.29499103949268424,165.7276153564453
1254,39.664353030219786,76.14742124953418,2.8357321389831913,-2.7941532389076222,0.6532999292887729,231.2891082763672
1255,48.501849090968946,75.84775061203385,0.16825180864078204,-1.5532923586276688,1.7215441672684508,470.0380554199219
1256,61.354504194310195,94.08568095357545,-1.6586997684278373,-1.7730610866417091,0.11436131821387185,132.89044189453125
1257,87.42744707133575,59.51447018652661,1.6977099935630795,-2.8731338579713137,1.7123414556451932,360.794921875
1258,76.12931516128963,100.16133315665448,-1.9946843137395336,-1.1348013920011888,0.8598829217383448,224.63455200195312
1259,51.51860063137122,63.95776180191972,1.084934512892688,1.8527603542207425,0.7678258413280545,204.6758270263672
1260,95.9348150502085,92.3921155210557,-0.4969442643563329,1.894135657269505,2.391079921625838,382.5698547363281
1261,60.242549238802404,85.23686995530986,0.8436500090804033,1.39821895013824,0.5545689410578367,245.1896514892578
1262,41.484887514774506,41.58952734083121,-1.7796317804541644,-1.1884515795795414,0.591180200874623,302.2907409667969
1263,100.33422940002556,75.74249496317937,1.8401204974078667,-1.360444548618492,3.082620261153228,314.220458984375
1264,40.13453086281592,38.18514444118515,0.40775649699499183,0.8453301068707977,0.43757360987580585,196.56661987304688
1265,96.9442132482797,45.152408977947324,-2.078992423654059,2.9992182852269487,1.204974598298579,274.9775390625
1266,54.551114911077505,61.82573852795284,0.7260874150290046,1.0577153093551388,0.33162789432613415,204.04563903808594
1267,91.90761130480485,66.42721314181446,-2.997784083628835,-1.1832547591563107,1.8145293244725245,377.9311828613281
1268,65.978744772374,64.96046324744509,2.321523606737479,-0.9316823288354401,3.0299793716066676,257.2583312988281
1269,65.50426795274083,77.16183929308839,-1.7599893917960423,1.045888613826043,2.8058780056220853,340.26300048828125
1270,68.52691302421238,63.18671858331314,-0.6207387048891069,1.802261167892775,2.422999872781882,325.7292785644531
1271,55.87764372971441,44.980832674289424,-0.7204090185436098,-1.344733396630766,0.6243243780871561,306.0290832519531
1272,36.45672666273196,54.158161575528545,0.3585336183414043,1.4160320327137095,1.0574984143723052,303.2547912597656
1273,73.50504306623358,85.8875856504868,-2.527715401290898,1.7479224913959674,2.007547414492721,324.3258361816406
1274,92.75066469679703,66.19900803648525,-0.6079510102597041,-1.0745423503818494,0.4665913401221453,185.77146911621094
1275,62.43154159793582,99.40008434718861,1.4850940840137339,-2.8386244869319106,1.9594667362339424,371.6757507324219
1276,88.44379273542702,45.62371741404396,0.04553205062914101,-2.075715559791389,2.12124761042053,274.32476806640625
1277,38.11616461309691,65.81767205969342,2.166426848079312,-1.7478692657001067,2.3688891934001672,342.6283874511719
1278,38.641916231257575,93.98883129850338,-1.96456683884924,2.879723966021377,1.4388945023089692,368.5345153808594
1279,49.20658959461404,48.97019495103576,-0.6985675080575766,2.0650079845649003,2.763575492622477,296.4203796386719
1280,75.93383161685479,45.555976474075166,0.521835862381689,-1.1255252721940239,1.6473611345757129,346.480712890625
1281,89.0760352328204,39.12168259945464,2.4446971325823323,0.32094344409172315,2.123753688490609,332.5621032714844
1282,81.5010218769178,51.80829886580515,-1.2654415968291508,-1.968789367504079,0.7033477706749283,291.14190673828125
1283,40.94354451627656,62.12637893684554,2.6009492091880837,-3.1333730765166643,0.548863021474839,190.80148315429688
1284,35.687870517995634,67.07083363872925,0.6850814074425697,1.2058724830903413,0.5207910756477716,281.28009033203125
1285,76.61706773754986,79.42669359399707,-0.32887372098883505,-0.6094761388187648,0.2806024178299298,247.46713256835938
1286,74.27745557615643,37.89300970249814,-0.3466126924072288,1.5931212923125209,1.9397339847197497,474.2190856933594
1287,100.85181576674772,55.66135529080066,-2.2598796839827813,1.4122812601143089,2.6110243630824965,331.7965087890625
1288,70.94056271959417,75.01307061336858,2.851598287165814,-1.0902453675471437,2.341341652466629,322.9989013671875
1289,89.90643648800275,71.53818560595141,1.0645743903403586,2.686881583654859,1.6223071933145006,242.54327392578125
1290,61.20675200307938,57.44579186453656,-1.846536303799305,-0.4083651403612567,1.4381711634380483,314.193115234375
1291,72.78855139489993,75.24818786993055,2.6893848168347763,-0.5295962233274536,3.064204267017357,273.7263488769531
1292,73.50623879295797,50.644007477957516,-1.75866303571002,1.2771404068412329,3.035803442551253,341.6138916015625
1293,36.09635893478382,79.8766272063688,1.3000473711774507,1.487986340829754,0.18793896965230328,244.39353942871094
1294,77.37206072084496,69.45288841427899,-1.1737809091491795,-1.338895481065384,0.16511457191620438,161.34898376464844
1295,48.441931241877626,69.62568049753452,-2.2203097713423112,2.9857271208987086,1.0771484149385666,318.9257507324219
1296,81.24509170712611,67.40914542289096,-0.42401607273609576,-2.6706518310676426,2.246635758331547,273.23187255859375
1297,68.89617460276645,40.54571062741656,1.0910487060786478,-2.8786229642748538,2.313513636826085,361.44024658203125
1298,100.21550437947364,66.78349387863857,2.185846241795211,-1.4114998787373416,2.685839186647034,362.962890625
1299,59.09045254317718,70.06968597882715,-0.5596541865934195,1.9254224647838054,2.485076651377225,310.74627685546875
1300,101.86115904842946,68.95481357235954,-2.366174259260675,-2.669615415365163,0.30344115610448785,180.08380126953125
1301,99.77197161462145,65.05492371821974,-0.18119548615709657,1.0474451794812838,1.2286406656383804,301.1468505859375
1302,60.188042280877816,66.41609658230138,-0.9190153131799037,-2.1601748763859963,1.2411595632060926,245.77099609375
1303,89.31808022784958,86.92488318334739,2.0767816719493464,-1.6831075528649333,2.523296082365307,389.7440185546875
1304,61.157139010119295,50.51556092977252,-2.594462284558309,-1.4447145361651228,1.1497477483931862,400.3828125
1305,51.77329179911417,52.64139834852939,-1.587822686628033,1.6607931713723785,3.0345694491791755,366.21978759765625
1306,62.21796495279812,71.48769895543109,-0.5066437825860546,-0.599969046931558,0.09332526434550337,112.15562438964844
1307,79.02908382340524,71.926255294208,2.7317540442149735,2.7763073223096937,0.044553278094720206,174.63128662109375
1308,91.30691246413858,49.13081624086632,-1.7716154905905468,2.2473710262660997,2.2641987903229404,337.1988220214844
1309,81.54012512625266,35.635195475332736,2.279027662344464,0.6885358202135143,1.5904918421309495,278.1253662109375
1310,72.21818253327109,74.02402256352434,-1.616258874759579,-1.700257357722028,0.08399848296244894,95.20811462402344
1311,48.59280157172459,71.03704641568004,0.683242350367228,0.6847541692476176,0.0015118188803895372,4.523108005523682
1312,47.20812934677327,42.803789082939545,0.3713311505735275,2.0242714506111517,1.6529403000376242,304.1601257324219
1313,47.96930811386769,85.61371028565269,-0.3471698505299594,-2.6962295727785675,2.349059722248608,345.5738525390625
1314,45.57520840765497,42.72664295243745,-0.4092625087034656,1.2678809245966391,1.6771434333001047,375.060546875
1315,47.16866945605796,44.15411763275514,0.7375981005794463,1.6038819245059983,0.866283823926552,334.3891906738281
1316,59.05970251162396,98.95382356047915,-2.8062040784920486,1.608115462244057,1.868865766443481,393.3643798828125
1317,91.79485019056807,59.119812238118755,2.1559122958820556,0.8536525844219924,1.3022597114600631,215.27285766601562
1318,66.58162068706137,51.52682576745246,2.3774358452105835,-0.17035651127546902,2.5477923564860525,269.5483703613281
1319,84.85649854849399,81.76746044354564,0.5565554639513519,2.8324442102716523,2.2758887463203004,271.7741394042969
1320,58.438735065679225,51.925335286298555,-0.1524148801464249,-1.0012389726780317,0.8488240925316068,281.2657775878906
1321,93.72006029608059,42.84622169606045,-1.8355762597169394,-1.4929983410449092,0.3425779186720301,297.0665283203125
1322,73.67361275939248,69.90629884674063,-2.00034283578064,-0.21368276018596388,1.7866600755946762,360.7123718261719
1323,56.46540122183513,100.48515240712958,-1.2102127182107674,1.0629122043161168,2.2731249225268844,334.34564208984375
1324,98.6733755879778,55.95495109525369,-1.5784108273840012,0.685421162484082,2.263831989868083,469.7616271972656
1325,89.0282580547574,80.67944925457351,-1.8977652654552577,-0.11156434867135534,1.7862009167839024,323.69000244140625
1326,89.60965798143556,44.357122256199204,2.4583042858323623,2.76294748382322,0.3046431979908579,176.2751922607422
1327,60.69020736540564,82.33293910667187,-2.9756862121989114,1.0603314180341226,2.2471676769465527,284.69287109375
1328,78.31865046746728,37.592701521861414,0.6506684677216037,-3.1388365971926606,2.4936802422653224,220.2737274169922
1329,61.36666008637056,51.70565744788048,1.1782558172323236,-2.7557563185760614,2.349173171371201,298.9212951660156
1330,80.92367580472175,58.25394257581448,-2.470628042844907,0.9509270341740494,2.8616302301606305,242.32061767578125
1331,84.17031872775817,100.42576187900056,2.357760331072824,-1.7081642045043384,2.2172607716024246,381.0018310546875
1332,91.6758119919553,56.5701359887982,1.944215424230637,-2.663074753503948,1.6758951294450013,313.3818664550781
1333,44.491291779220816,75.75836294884158,0.8475742510165785,0.25986030087303114,0.5877139501435473,258.4012145996094
1334,82.79550018216602,41.90392985441721,-2.343503604507221,-1.487694502335098,0.8558091021721228,350.6457214355469
1335,59.50807464913385,74.83120969077795,1.170137463458122,-0.955463595876509,2.125601059334631,304.7837219238281
1336,67.67012484260081,41.04817932440523,1.8778986769230066,-0.20243345990030903,2.0803321368233156,361.8349914550781
1337,75.13290384427029,56.191440640629295,-1.3802611231500714,-0.8393422673077713,0.5409188558423002,312.9991760253906
1338,94.70474523342939,39.69493644178466,-2.914753790719293,0.3487780838837282,3.0196534325765656,322.4726867675781
1339,67.74732208201368,70.05999612793684,-2.301650751283042,0.7300966789550154,3.0317474302380574,249.44961547851562
1340,80.4253574013101,86.30754529729128,0.7804326909605792,1.1589133724834744,0.37848068152289516,234.4641876220703
1341,54.38836157994567,44.894766230562745,-0.08748226351083321,2.125294229784677,2.21277649329551,336.3723449707031
1342,73.26226195662105,66.43790415281728,-0.4109574283045365,1.7263744433648807,2.137331871669417,318.6275939941406
1343,77.8873555776637,96.56967585790471,1.4196159354898334,0.7156324967821943,0.7039834387076391,273.3257141113281
1344,96.20972797901703,36.724762122445505,0.9943629489491483,-2.907989898314985,2.3808324599154536,354.1606140136719
1345,58.06049293908468,52.89000869224123,2.4301972868675277,-2.258611633399219,1.5943763869128402,260.18328857421875
1346,83.62177632900871,93.83247641784516,-1.7633878229623317,-2.1562804711325927,0.39289264817026104,246.7866668701172
1347,71.77851861826649,60.30652885346854,0.045894352167768826,2.0136262140753924,1.9677318619076236,287.84759521484375
1348,88.1511908599573,79.25573044533314,-2.2858745640805735,-2.9070215620028312,0.6211469979222577,222.52452087402344
1349,57.467699576202904,41.24501488681527,-0.531511664850858,-1.3785973813635157,0.8470857165126578,301.68902587890625
1350,87.9524299932698,91.22777602996996,3.0030816307939467,2.9575029055608315,0.045578725233115236,86.89086151123047
1351,36.44127716541036,62.51734898198147,3.132081956817755,-0.9269223550712513,2.2241809952905798,414.0645751953125
1352,66.02732266180584,86.91294960460573,1.489720851383912,2.0961282483092036,0.6064073969252917,320.99957275390625
1353,52.76681253606648,36.379119891144626,0.7920062327670574,1.1964929810183484,0.40448674825129105,290.6943054199219
1354,71.01821459486091,44.31126008325941,-1.379073810912964,-2.4343766924385983,1.0553028815256342,292.4394836425781
1355,58.21355212978811,47.44148651251333,-0.05695545146264758,-0.9087778956686248,0.8518224442059772,278.5356140136719
1356,45.545611560528044,58.96442728286887,2.405148681738816,-1.4931362585050214,2.384900366935749,384.3417663574219
1357,61.40405726468249,46.57814484268869,1.8637784174154293,0.7610037855493186,1.1027746318661107,250.9908447265625
1358,35.26252287218991,65.07492702842033,2.9970600579436377,2.6271902211900056,0.36986983675363216,139.7352752685547
1359,99.21569303989064,97.24138917152246,0.8037628340797025,-1.0800168411992246,1.883779675278927,319.87139892578125
1360,87.31862037346885,35.28390122875082,-0.2782476047982896,2.4683597108909456,2.746607315689235,318.0948486328125
1361,53.066382172972126,40.07246953667189,-2.4903341049653562,-0.47090091218913877,2.0194331927762175,277.7142639160156
1362,86.10084433720672,67.66722243302752,0.0038629965950058853,0.39344860746094623,0.38958561086594035,206.3016815185547
1363,59.59402884868463,56.34622394909743,-2.4617629223598536,1.0943819230284326,2.7270404617913004,257.5917663574219
1364,48.556531184686904,54.34863080078303,2.8095735041086423,0.45291925198987837,2.356654252118764,295.4380187988281
1365,91.74298803339343,64.9888416551701,0.8333404622688385,-0.8169305484513898,1.6502710107202283,285.61505126953125
1366,89.33949526228963,37.30354149067456,1.793434070867307,2.1186005637435423,0.3251664928762352,160.38027954101562
1367,90.16642218035034,90.53853410750966,2.603175535385331,0.14762027119454313,2.455555264190788,224.97560119628906
1368,79.9478472215015,57.58617507571028,-0.014112852164545053,-1.111253037456036,1.097140185291491,338.797119140625
1369,75.99529825801233,62.524271113141,-0.833273508360981,-2.9385759468479806,2.1053024384869996,313.2032775878906
1370,67.56214179261752,49.12393858755095,-1.5756758520661576,-2.4210834722535823,0.8454076201874248,390.7640380859375
1371,57.04036923404938,59.979587065210595,1.8574158524279722,-3.027815993666141,1.3979534610854734,320.454345703125
1372,49.334462389274115,74.923357137236,0.4052357107906128,-1.5355922645537978,1.9408279753444106,423.96490478515625
1373,98.25205423207024,37.69243521301883,-0.5876234231983273,-1.9164184570686262,1.328795033870299,412.83294677734375
1374,85.08462492289297,100.82468860827966,2.741137197925033,-0.6864872131156381,2.8555608961389156,280.7422180175781
1375,65.58881320213177,46.83574909003279,1.2674138085577127,-1.0002270752474858,2.2676408838051985,439.94158935546875
1376,87.08642638249292,87.69512623061979,-0.4624070180267088,1.2890665239483416,1.7514735419750505,300.5566711425781
1377,75.17002254323907,82.50746060288331,1.5986131793824399,-2.8919068590663564,1.7926652687307902,385.6940002441406
1378,69.8663004108626,85.60953410292332,0.0593472364368508,-0.47527868535495443,0.5346259217918052,208.53683471679688
1379,73.4845354561771,40.737312946242014,2.461388138710171,-2.941874186877478,0.8799229815919374,215.20738220214844
1380,55.4612673656279,37.127234983682904,-0.6016627860179433,-1.8929801139552,1.2913173279372567,383.5509033203125
1381,38.17659451429422,39.51925959666007,-0.19605718889372126,1.540389207042609,1.7364463959363303,396.240966796875
1382,55.31722885029083,44.29907020482,1.0408100484805756,2.5685404188925434,1.5277303704119678,199.8324737548828
1383,98.19251982820522,98.83266172619582,-2.3968005087977335,2.0950401476811615,1.7913446507006914,303.8831787109375
1384,36.37620092868683,93.31842961313075,-2.4304976079214637,-0.009004518458214594,2.421493089463249,341.0592041015625
1385,94.34530161177759,61.943873781025246,2.083712128125109,2.125396559411481,0.041684431286372,65.64932250976562
1386,69.08351113705008,62.74643246607366,1.9439318200848783,-0.27794305690094934,2.2218748769858276,300.7154235839844
1387,73.3679000308726,54.2351493028181,-1.359644311946812,0.9127177624049727,2.2723620743517845,374.92388916015625
1388,83.42057706229562,75.77706327019769,2.3018831541732006,2.2163969404278854,0.08548621374531518,58.70814514160156
1389,52.818625100012014,100.89824708895297,2.1375956984249473,-0.29566798521602733,2.4332636836409747,301.6715087890625
1390,74.32607005597987,54.60826431816058,-1.7271725741936101,2.7500623191027636,1.8059504138832125,361.17578125
1391,48.529299291661054,42.70073968570477,2.0581765972742225,0.41307000198755794,1.6451065952866646,285.2681884765625
1392,100.10280185668768,43.208449975740436,-1.7875177076144406,2.405549280431095,2.0901183191340515,352.9581604003906
1393,67.5924865726049,97.99905668005928,-1.983385772100828,1.195764940885275,3.1040345941934837,254.96102905273438
1394,60.92841703461899,97.22683986774142,-0.26173395872889893,2.0092031528043703,2.2709371115332693,305.6026611328125
1395,93.12915548985832,61.22597365373978,-1.8436769172623206,1.760105244875751,2.679403145041515,339.9056091308594
1396,75.42476206436734,94.15378830079703,-2.501304641558824,-2.307761785914221,0.19354285564460305,112.5135269165039
1397,83.09146019986508,95.23841091443602,-0.21407903459634703,2.575614043934654,2.789693078531001,243.4202880859375
1398,98.24852929104964,49.14383141459207,0.26029936329644165,1.4297125889096298,1.1694132256131882,340.81982421875
1399,80.66041798259276,81.33151154254821,-0.690030348866999,-0.6542484870976741,0.03578186176932485,52.821231842041016
1400,90.13317662081266,69.10719619301298,2.5052304331365045,-2.3272275039413843,1.4507273701016976,252.57020568847656
1401,95.38671054952432,89.26352785021439,2.4477535509050172,0.18436295184709328,2.263390599057924,240.71603393554688
1402,95.06008779520582,72.80866881972955,-0.8586720800648608,-0.9509193513113412,0.09224727124648034,88.36183166503906
1403,57.20682260176215,55.612135598646944,0.9042171482489634,2.2816034735829387,1.3773863253339753,197.2299041748047
1404,71.93059873175585,52.50961388461978,-1.0513973644448664,0.08027443749690732,1.1316718019417737,322.7466735839844
1405,93.0988498514038,57.85444873072838,1.7846695413681832,0.25431017619956187,1.5303593651686214,298.3957214355469
1406,66.29303234625715,37.265201370488384,-1.5007205929275653,1.256808838000234,2.757529430927799,503.777099609375
1407,95.25022958468269,46.51541078501309,-1.7249360291394447,-2.581202404899599,0.8562663757601543,355.87237548828125
1408,65.26095936970131,64.007546656267,-0.3612810761664922,0.7670679627632531,1.1283490389297453,315.41632080078125
1409,98.59602176220312,88.29968450734727,-2.398826349345893,1.9635573377166207,1.9208016201170734,339.87445068359375
1410,38.59860611907962,39.126090730954424,0.5574757039943821,-2.447497132090718,3.0049728360851002,265.5159606933594
1411,91.22782838220537,65.827100350606,0.7105519898368371,-0.712925625649901,1.4234776154867381,274.4140930175781
1412,97.50782016941403,72.24917902526441,-3.065722009595408,-3.0073345943107377,0.058387415284670396,54.813331604003906
1413,76.94334278401088,71.03425629820308,-1.3299282770840828,0.7478671024976586,2.077795379581741,385.0827941894531
1414,44.01536567956494,50.43524964425629,1.5378296712412114,2.361203930193451,0.8233742589522395,309.3415222167969
1415,48.73979502654559,80.12217718006491,-1.273025836012023,-1.1676821923980873,0.10534364361393567,211.29495239257812
1416,68.80110638731153,46.864581780239604,1.2175047186228953,-0.38079701395251364,1.598301732575409,333.0916442871094
1417,53.9303684358582,49.99125377168399,-2.9904751847642244,2.3087336361098183,0.9839764863055439,242.783447265625
1418,80.43572757635047,57.25068723430242,-0.5039741198015233,1.1919155125549148,1.695889632356438,313.1904296875
1419,83.77155448072604,79.91423443839878,-0.2936890726996837,2.1618830844873163,2.455572157187,319.2626953125
1420,99.32000131703631,57.42283733352737,1.9959773501092695,0.8300116210830528,1.1659657290262166,237.8560333251953
1421,64.21202555402633,97.95356906282495,0.8719368666863971,-2.586553422581517,2.8246950179116723,322.2701721191406
1422,84.38587698549594,69.44524731388816,1.2570967274284381,-3.08983651679936,1.9362520629517885,328.86962890625
1423,57.38704251847706,62.36817123981948,-1.3587490660478536,1.3669303139811575,2.7256793800290113,319.7708740234375
1424,93.79501882139053,60.1198475570999,-2.597411412505502,1.759750478433772,1.9260234162403125,321.4388732910156
1425,56.51743877457511,83.50777255197916,-1.460092280418814,1.0556271230640117,2.5157194034828256,368.11480712890625
1426,57.545583368562504,89.70521597002707,2.6601996823690435,2.1310150764299287,0.5291846059391148,209.56008911132812
1427,96.2923073325847,59.10920047106866,-2.5259594242222954,2.6513674501863447,1.105858432770946,254.31329345703125
1428,95.81164734872385,71.68299386982574,-0.407147600814187,1.0458806630183473,1.4530282638325343,345.1275634765625
1429,40.166681499405286,56.0845609788788,1.197950262876458,2.4209881737056813,1.2230379108292233,246.0217742919922
1430,86.1664652299915,39.62888618408455,-2.7865678296595897,-0.13110704829069553,2.655460781368894,262.5632629394531
1431,68.00699380138973,66.65868475674814,0.2476531795674961,-1.8894339395853328,2.137087119152829,435.68902587890625
1432,82.91899441232454,57.228504376145445,-1.8026744455897186,-2.4516950289038757,0.6490205833141571,297.63311767578125
1433,45.43250230203505,37.98838758727403,0.8128869880984411,-1.341043021440653,2.153930009539094,341.05255126953125
1434,41.236944224149255,87.84704430178425,-0.7114347666733556,0.9577688269050819,1.6692035935784375,263.239013671875
1435,100.05638324314576,59.44012686685355,-1.9366721263016147,1.1317230834593213,3.068395209760936,290.0937194824219
1436,79.50099084091426,55.10397684936294,1.9654481871859826,-3.1023902182991594,1.215346901694444,282.62384033203125
1437,44.14419220189819,59.1657006037668,-0.3900905152324228,-0.48310738803627906,0.09301687280385627,128.97991943359375
1438,37.00303151252422,57.04509761528262,0.670611130870693,1.8139613677421957,1.1433502368715027,228.25048828125
1439,69.63218629773536,85.61948619101136,-1.993947443856483,-1.9091450642053525,0.08480237965113058,237.8331756591797
1440,80.15066800224434,38.07302218070077,0.11471261287854384,-1.0766757359610653,1.191388348839609,317.7381896972656
1441,63.10307277907169,51.8464499611908,-1.511306928448133,-2.7413234279540633,1.2300164995059302,444.2069396972656
1442,35.3223275854953,49.61396256903305,0.3349183430688747,-0.5286662287722188,0.8635845718410935,475.3056335449219
1443,49.39129715746897,95.18513415700706,2.149608779680336,-1.451867884931413,2.6817086425678376,362.26837158203125
1444,73.47705876766453,35.80430830230385,0.3823594914959694,-1.330005927399402,1.7123654188953714,327.9470520019531
1445,101.8156567460855,58.152179013121945,-2.6137691094327904,-2.525789222992356,0.08797988644043421,97.90017700195312
1446,85.34543572588618,73.64912655118769,-1.7212735853448828,0.3269722165992719,2.0482458019441547,460.14056396484375
1447,86.35803508482363,98.99033327214718,-1.9394262894402337,-0.6658130249246956,1.273613264515538,324.4893493652344
1448,90.55627684137016,69.6248925525427,0.8068884900400506,1.7049820826519095,0.898093592611859,297.9649353027344
1449,45.51231784807739,68.1150290048258,-2.3229136832443493,0.18831060139217826,2.5112242846365276,286.00640869140625
1450,86.91024050427129,47.39006283444831,3.0660817290926836,-1.7375906022590597,1.4795129758278434,375.8407287597656
1451,85.09223170304807,69.32576502204958,0.2905179254285555,-2.0983533813070947,2.38887130673565,299.97515869140625
1452,81.81820878020724,94.99211253001728,-2.5480886237511466,2.5668091156130775,1.1682875678153624,241.11534118652344
1453,69.72246989610443,58.85264386871221,1.1864514388533332,0.9659018708184091,0.2205495680349241,196.41085815429688
1454,63.697323214058926,101.954239230807,-1.6602318562349092,-0.09910982051497541,1.5611220357199338,430.2074279785156
1455,71.88689643886106,42.629007104330924,-0.19259741240469586,1.8139300415051949,2.0065274539098907,406.53192138671875
1456,56.900461547110666,44.5929822618972,1.0893857088438246,-1.9963593653274334,3.0857450741712578,276.8215026855469
1457,74.16934943411559,64.1450699974337,-1.95784582647307,1.2469445759340312,3.0783949047724852,325.3504638671875
1458,84.63199523768535,44.51323069079844,-0.2950567315681032,2.675472020210985,2.970528751779088,247.50515747070312
1459,86.75289440727559,68.68038474515241,-2.5700505183995457,-2.877750001083626,0.3076994826840802,171.81683349609375
1460,41.79273928376706,88.73119522734723,1.152783304087504,-2.6256810166762907,2.504720986415792,305.2805480957031
1461,59.7963053562028,50.704730387984185,-2.7119241978831803,-1.3484909450693416,1.3634332528138386,331.97406005859375
1462,82.33291258770491,89.95162575402196,1.0996554480811183,-0.9647961415792992,2.0644515896604174,313.8938293457031
1463,100.47450397522076,91.25190141686451,1.6180458804413815,-0.7874199566507469,2.4054658370921285,376.8114013671875
1464,81.97006266878165,36.85406252882864,-1.315680621519408,-2.4790871836938395,1.1634065621744316,327.1043395996094
1465,101.46334587029449,94.09095927529877,0.7004701657964554,2.9645952037606556,2.2641250379642,259.2437438964844
1466,75.312961104513,96.68622515231345,0.42581096273008123,-0.17179798286100656,0.5976089455910878,195.19187927246094
1467,72.36253720012647,51.913320463032214,-2.5368931227988476,-2.403338869965479,0.13355425283336864,91.00270080566406
1468,73.67481635030035,43.33205221873338,0.48773058807738234,2.651803252328472,2.1640726642510897,202.11549377441406
1469,90.43009999758232,67.3868703836134,-2.0207449770199384,1.4392889345063349,2.8231513956533134,367.48699951171875
1470,47.75333251629912,95.92727883910038,-1.1291414662285777,1.2808049829690535,2.4099464491976312,306.6625671386719
1471,60.67568218179474,74.08298220266614,-3.0008027329368394,1.8170532840699396,1.4653292901728074,295.8426513671875
1472,67.97230733229316,50.78289209987073,-1.7648696747306738,2.558579086872249,1.9597365455766635,333.0573425292969
1473,40.05158784096962,92.97114636308541,-0.5554624342596757,-0.2862437435247305,0.2692186907349452,212.82725524902344
1474,45.31132867121897,39.13468593558741,0.06430342192971938,-2.417116797916365,2.4814202198460844,292.53167724609375
1475,81.8695653035003,68.25824964929022,-2.3600447988059297,-1.593391729359453,0.7666530694464767,402.6611328125
1476,62.9916588869851,70.15579515773496,-2.890416610829293,0.5208771941917765,2.871891502158517,267.347900390625
1477,84.81361987988865,52.28339458344968,0.1771574340380604,1.725238555644169,1.5480811216061086,354.0923767089844
1478,52.408801117756745,85.92532082786357,-1.9256208879267387,2.9532970464884265,1.4042673727644213,321.91015625
1479,68.16664521097184,39.15586833531184,1.7066563987649639,0.8213454485394212,0.8853109502255427,289.4073791503906
1480,37.02902549823651,100.5908630126827,-0.7069118103420511,2.1768076815524804,2.8837194918945315,266.56396484375
1481,60.005026916744896,95.22713202503334,-0.37417527101985737,1.6644585679002821,2.0386338389201395,393.3313903808594
1482,96.02208050759045,92.91050216738364,-0.42468665421544216,-3.050819494491772,2.62613284027633,293.6154479980469
1483,43.42748073497251,63.245507639778616,-0.634202328521599,2.0186105126050427,2.6528128411266416,262.8805236816406
1484,81.55607725011983,57.323965605185386,-2.7274327254546114,-0.20295312292826306,2.5244796025263483,272.8682861328125
1485,99.13603019142015,42.55711062264855,-1.0943237620803932,2.658986718329575,2.5298748267696185,302.2113342285156
1486,47.957035154171976,57.11977144403927,-2.3419292494227313,0.13790112860820392,2.479830378030935,266.0090026855469
1487,58.78802331880432,100.60694283090534,-3.0024245536652345,-0.22285598703172615,2.7795685666335084,232.88714599609375
1488,52.17763088222282,85.78951472745902,1.6017659751835982,2.655517444575093,1.0537514693914947,432.5800476074219
1489,48.25708242589522,100.9990991424333,0.9895396912524861,-0.7811702419354627,1.7707099331879488,272.3294372558594
1490,86.3510385008575,79.77781352514072,2.396406077703981,2.700898534674404,0.30449245697042304,154.28253173828125
1491,61.744698403415214,80.08454020544735,2.977763202302496,2.129000939002778,0.8487622632997178,229.3974151611328
1492,43.29016651012648,93.5420909788854,-1.2846573951559013,1.86577601033407,3.1327519016896157,313.6216125488281
1493,91.9552902177731,91.0610791539093,-0.8831207475770557,-2.1843028566024736,1.3011821090254179,288.3826904296875
1494,49.527083047127675,87.70805910716979,-2.10156011113813,-2.559259917323541,0.4576998061854112,218.412841796875
1495,78.62595282812441,41.31946726785639,-1.4174247752367668,0.6439455589387766,2.0613703341755434,400.1181945800781
1496,87.12948153118938,45.16239826188301,-2.768331359061145,-1.535167913362857,1.233163445698288,431.17913818359375
1497,40.068383906132674,61.35458187244104,0.39579761508837796,-0.6969140118792421,1.09271162696762,277.445068359375
1498,74.36882228831496,38.94164948924446,-0.22659277375567655,2.2150330295136405,2.441625803269317,317.0124816894531
1499,86.95760901915597,75.52936013505789,1.084872575136007,0.9907029818239614,0.09416959331204566,96.16515350341797
1500,36.33437741657642,47.79657641340559,-0.27747854216949186,1.4571526538796427,1.7346311960491345,379.052490234375
1501,44.19005275162364,86.2583878893038,-0.5590991671742715,-1.675580467714105,1.1164813005398335,392.4170837402344
1502,35.68535462376612,90.4080531848677,0.49268824876953277,-0.1499877893106052,0.642676038080138,219.32501220703125
1503,73.82585195203984,98.4449536496906,-0.11989732983124579,-1.8973794516450229,1.777482121813777,370.77093505859375
1504,57.204237612059075,52.50863449604124,0.16138934336051358,0.503888584290316,0.34249924092980244,170.7212677001953
1505,76.82690273938525,35.42377301361637,-1.788856377113038,-0.5453051122829735,1.2435512648300644,345.0160217285156
1506,48.57068692775684,66.12270106510806,2.3507840624113,1.6716600534485169,0.6791240089627832,301.1353759765625
1507,58.96033033667922,64.6433625918089,-0.12943539212940092,1.9506463869004316,2.0800817790298325,320.7801208496094
1508,84.5195655488716,42.63585024087048,-2.931706429985239,0.07481687230247847,3.0065233022877176,219.50210571289062
1509,37.233779627942255,83.86238452393037,0.13797523058484007,-0.18849932160687155,0.32647455219171156,157.22434997558594
1510,56.83184595465707,77.39801240909074,2.305124101026083,2.1096775555819614,0.19544654544412143,123.17977142333984
1511,44.12254345662914,75.38127254695104,-0.6772832533059465,-0.7188345492611545,0.04155129595520801,54.788795471191406
1512,48.89631500323798,88.17898883788473,1.0616744946943575,2.3714423108626104,1.3097678161682529,242.52520751953125
1513,48.4034857041737,52.45605344226473,1.0219899120202331,-1.8580936432894113,2.8800835553096444,340.5068359375
1514,37.53038561388135,43.16478308852073,-2.9924576775454,-0.2565137334245948,2.7359439441208053,468.84033203125
1515,37.929875420918826,64.71505430057593,1.9274355091339919,3.1398194870559806,1.2123839779219887,375.3823547363281
1516,68.14625350249861,94.20231893058545,-2.9071276284730767,2.6561894284514054,0.7198682502551039,194.75503540039062
1517,85.77121487746483,95.65471785823287,1.9787741454388028,-0.7291958534523482,2.707969998891151,294.0311279296875
1518,70.34349408783876,91.55572627266571,-1.9062050488327684,-2.228688342432784,0.3224832936000155,306.3507080078125
1519,89.66069722791983,83.36295139066833,2.0913471282591534,-0.665703750648655,2.7570508789078083,277.0953674316406
1520,50.10666886731532,64.33577008670844,1.9371619333576513,-1.321155260581249,3.0248681132406863,368.0896911621094
1521,48.68924615007972,42.55345911761462,-1.8337833943674864,-1.2467706622979504,0.5870127320695359,271.93402099609375
1522,89.83267988142993,79.00350458597175,1.2970897409507662,1.409199075510779,0.11210933456001283,170.92724609375
1523,51.30949582672149,46.31363738552032,-1.9523047689405735,-1.943626236425326,0.008678532515247417,41.91523361206055
1524,38.11574962537427,78.55801798405517,1.3535408442031613,1.2102018934652454,0.14333895073791592,196.3937225341797
1525,72.19719227417212,96.83730090633046,1.5949759449924503,-2.2494976958299047,2.4387116663572317,369.8794860839844
1526,101.97732162934145,89.29844441659439,1.1300411309056457,1.3638668250831207,0.23382569417747504,191.89500427246094
1527,43.22128354905645,70.29024375433937,1.5213208797501174,1.1970630220624727,0.3242578576876447,291.2153015136719
1528,46.42669565650682,98.25667907529592,-0.07895313715744523,1.8326545561532406,1.9116076933106858,315.3304748535156
1529,96.43954783888469,55.4596268000431,-1.5789654393307355,-2.3640169260311543,0.7850514867004188,390.0274963378906
1530,39.95121198875705,96.35120073598787,-2.6185823162372106,2.2396583927429194,1.4249445981994564,338.28033447265625
1531,85.8418943095362,98.37480423165749,-3.0407776752787212,1.2328112616033637,2.0095963702975017,339.4408264160156
1532,92.3800510864211,72.53261698702993,1.3212787874460297,1.8985064250317718,0.5772276375857421,342.9457702636719
1533,59.666876480902744,101.17005362666742,2.6179190467633386,-1.3691448940374287,2.2961213663788196,358.7425537109375
1534,64.78541934358685,44.68119714632434,-1.2021947736969407,-1.874060865980577,0.6718660922836364,247.75450134277344
1535,87.54655840237801,88.82047733332143,-2.515848734311318,-1.1826051817928842,1.3332435525184338,380.79779052734375
1536,98.92328065227308,99.83836474573205,0.39342424107889373,2.51343315995317,2.120008918874276,274.0804138183594
1537,46.341769613046544,98.31483797154122,-2.255960638613349,1.1203143790363876,2.90691028952985,237.78509521484375
1538,64.77443081042063,88.5897561341203,-1.8920313505943256,0.7628997706532057,2.6549311212475315,342.7173156738281
1539,63.324231562892805,63.591537935724624,0.2682986651487127,-1.2608582348907504,1.5291569000394631,343.40423583984375
1540,96.15235057208736,101.40891037269535,0.658197730119523,0.5359311515412126,0.12226657857831036,75.534423828125
1541,95.08196061068458,61.19559159685322,-1.3215344806114304,-2.170912361657387,0.8493778810459567,265.9824523925781
1542,83.22273863479114,90.3900698730765,0.5573230423536772,-1.5956185821575422,2.1529416245112194,421.8871765136719
1543,56.103990665695775,96.27839016124756,-1.3145676972020683,0.3575093432245313,1.6720770404265997,318.1358642578125
1544,99.0399835708765,95.06807069521173,-0.5626472019209205,-0.9513984511189681,0.3887512491980476,190.87277221679688
1545,66.3335117721523,38.39728967658336,-0.6879699510742836,1.1122484617718236,1.8002184128461072,383.8786926269531
1546,59.60657389655849,93.23485423230206,-2.7636491652847885,1.0388711268949997,2.4806650149997984,311.5885314941406
1547,59.82323913678225,89.07742133555197,-2.1406210619637367,-2.4187231065264196,0.278102044562683,153.51504516601562
1548,89.65520041368798,52.85974688620123,-1.1035017336540895,2.0105689825898594,3.114070716243949,296.0301818847656
1549,94.4556069040226,52.801633008665334,-1.039626274776288,-2.660007679858123,1.6203814050818348,324.7170715332031
1550,56.21316529197843,53.19122549621687,-2.217261482419376,-0.6715910431845922,1.545670439234784,278.1256103515625
1551,51.924098761254164,73.63333586808764,2.268245919531944,-0.5791002579772893,2.8473461775092335,266.60089111328125
1552,57.29050691801696,63.07082805948958,-2.7189654203570197,1.5819769020095542,1.982242984813013,392.9190673828125
1553,45.18971877355252,55.354530306965145,-0.7506015961945831,1.8368825786585354,2.5874841748531185,279.602783203125
1554,97.40733727398387,41.67344864730489,2.276100639194145,1.6159004273463689,0.6602002118477763,334.9078674316406
1555,52.54875409178945,70.519990947461,2.3413635233453176,2.942827580880583,0.6014640575352654,219.59432983398438
1556,82.53786734534143,68.2808515534141,2.8398758991059445,-2.5415005249280256,0.9018088831456165,252.76316833496094
1557,69.71339593075932,98.95888949922374,-0.019664821216301753,-2.5074522513101516,2.48778743009385,256.91375732421875
1558,55.16516112355811,59.10784033197744,-2.360347935726932,-2.6906939368271465,0.3303460011002146,170.05328369140625
1559,92.97397496511687,98.05571276217572,-1.667778391824001,0.11642572660406847,1.7842041184280695,445.2491149902344
1560,46.99318116110812,59.818401550025065,-3.034466324799521,1.5649848790815755,1.6837341032984894,373.26312255859375
1561,78.91803345169396,58.52848611006379,1.840473830261744,-1.1699176456271092,3.010391475888853,304.8860168457031
1562,70.38579818679153,39.99025213825607,-1.6323982993414632,0.18478790810971102,1.8171862074511742,400.092529296875
1563,58.79838604354695,51.66912189826037,1.0250110918411357,0.4450051953200682,0.5800058965210675,215.90513610839844
1564,84.90646174754602,92.88753381944385,2.288678115074414,-0.1003587954868923,2.3890369105613063,268.07720947265625
1565,88.13604134891159,55.885284386048625,-2.5977615078893406,-1.2510247976058448,1.3467367102834957,390.5025939941406
1566,92.52931686111394,96.77156174575572,-1.3139004358157351,-2.793109397704631,1.4792089618888957,314.55926513671875
1567,57.05935408769285,86.51062229467966,-2.001366883471367,1.131213834293419,3.132580717764786,263.3187561035156
1568,57.57248328267623,63.22829040122764,0.38749226133593817,-2.761280340538233,3.1344127053054156,293.1716613769531
1569,89.64458765245064,78.96795930565051,-2.103253544462504,-3.03391479528153,0.9306612508190262,261.5643310546875
1570,88.1933032498472,68.60910499461063,-2.8898816542181263,-2.124517720198101,0.7653639340200251,236.5244598388672
1571,75.84281245137609,63.47569393625629,2.2725157639338587,2.8412760352697797,0.568760271335921,234.1321563720703
1572,54.313873266415825,35.722857417684196,-0.03734568244448999,-2.71277159094569,2.6754259085012,267.7696228027344
1573,52.81034159380567,88.16278771671276,1.4441850994401113,1.3863582664558907,0.057826832984220644,132.5980987548828
1574,36.80340288193889,65.7969322961632,-2.0331246987621094,2.3741967810414746,1.8758638273760024,325.2884216308594
1575,88.49548927746307,40.36690653736279,1.211110768000033,0.4602070993016305,0.7509036686984025,374.1513671875
1576,52.85840062193775,88.89070778281291,2.855323776392562,-2.867204726438435,0.5606568043485896,208.31356811523438
1577,67.04929287388129,62.57586943860798,2.910003854194655,0.2220152683472878,2.6879885858473673,210.69920349121094
1578,63.132221268190676,39.17040841093968,-1.35413675409236,-2.7167925179913945,1.3626557638990346,347.0544128417969
1579,75.42706204790301,85.12994104137883,0.45446761817702486,2.6272016535806397,2.172734035403615,245.21408081054688
1580,74.69218405046567,63.66785066939732,-1.3228665277817049,-1.0739591149964118,0.24890741278529305,215.08843994140625
1581,50.74089815023078,86.10059293093326,-2.024174234281441,-2.0585332201120528,0.03435898583061192,96.43260192871094
1582,40.44865585351807,56.17643815264274,-0.9375049667494633,0.5126410859171435,1.4501460526666068,290.9916076660156
1583,84.90774965822987,73.47216793122273,0.4703824127720484,2.48633653466998,2.0159541218979316,214.06968688964844
1584,59.6059555245982,98.09199194251036,-2.1005881623709057,-2.892396015697297,0.7918078533263913,249.90782165527344
1585,80.21884115764655,45.076594992425996,1.2437836733375818,0.44121940786176594,0.8025642654758157,356.9630126953125
1586,49.44383673639285,61.2951405482816,0.04050080870998052,-0.5954794559531216,0.6359802646631021,265.59906005859375
1587,97.92603618753026,93.9284755261541,1.1315174805774557,-1.4084427572067402,2.5399602377841957,340.9949951171875
1588,35.525537991413564,100.58547298777893,3.041414893089704,-1.0781235504216822,2.1636468636682005,421.9360656738281
1589,94.07971330704359,71.47076795784986,2.0157154052743875,2.7614656780550577,0.7457502727806702,225.86109924316406
1590,56.76485624817758,89.03744629485556,1.3705691117588783,0.9950027846775225,0.37556632708135584,220.0800323486328
1591,45.77769587959091,101.37369600197155,-1.1391485077025965,2.223676098867924,2.9203607006090664,293.34259033203125
1592,73.34090210527532,46.25178024363713,-0.6042427805115902,-2.95599065984192,2.35174787933033,263.2388610839844
1593,92.52036116000822,42.92565685481161,-3.096254375774317,1.7102047801204252,1.4767261512848437,388.6404724121094
1594,52.505722234635904,72.59188109826894,-2.255575428424337,2.8873279056681422,1.1402819730871079,283.1792907714844
1595,63.70306774317454,58.817679061148255,-0.15902493019939223,0.04776150709575244,0.20678643729514468,128.1257781982422
1596,91.59569900872845,87.04156830866879,2.672867313630313,-0.8267951368891189,2.7835228566601544,298.975830078125
1597,93.99665677559038,84.98426979732518,0.3757296807008541,1.2785097636431972,0.9027800829423431,290.0606994628906
1598,62.37317298919144,94.4740812350467,-2.0204042254035883,0.6284901430521659,2.648894368455754,310.0376281738281
1599,90.74055795820283,73.92743411991835,-1.404020170418981,2.2047110729478083,2.674454063812797,344.1002502441406
1600,66.39902682734613,41.19716414064145,0.5945189899502732,-0.046170321642007295,0.6406893115922805,211.5717010498047
1601,81.65828962924954,37.24809152778705,1.7397623487013085,0.2643193421471035,1.475443006554205,434.03363037109375
1602,48.64738576017453,36.02508984838231,2.919010695371391,0.6847201279107593,2.2342905674606315,231.31704711914062
1603,39.046181164427374,55.94630094191261,2.5650136395603518,0.135178353269803,2.429835286290549,299.0593566894531
1604,57.61127362801177,40.37478063122173,-1.6783016634121428,0.4462947744627881,2.124596437874931,369.499755859375
1605,52.799891060236725,96.11431037719234,-0.24770605219066777,0.9703965502132812,1.218102602403949,318.6139221191406
1606,63.13776523309478,69.14809824580158,-0.16102001723106696,1.4981185098046588,1.6591385270357257,376.7579650878906
1607,65.57078901037569,47.56313095664987,0.7122464423347381,2.169999629926786,1.457753187592048,210.17115783691406
1608,97.15254274034211,79.29604503447096,-1.2032660529083212,0.7953379770608033,1.9986040299691246,339.5319519042969
1609,49.0566286619368,67.54129531582242,-0.6187628148188731,0.6814222495544313,1.3001850643733044,252.589111328125
1610,53.30202509059957,68.95222526216992,1.0128256452551332,0.5281250258188503,0.48470061943628284,184.93698120117188
1611,83.24601859838256,97.68224248106799,-1.7077139319432701,-2.510220993639707,0.8025070616964367,326.0420837402344
1612,47.32700553631193,88.16006430105432,-0.8300996685896789,-1.1909659046853607,0.3608662360956818,236.438232421875
1613,91.27695400037473,77.896169602946,0.2273268746516739,-0.44674715495787964,0.6740740296095535,248.49819946289062
1614,66.44429669187014,79.60491295850264,-0.7282776192579274,0.6417950840071107,1.3700727032650382,264.45037841796875
1615,92.18527916185485,95.39496502800841,-1.8749083897081824,-2.2133420758514286,0.33843368614324626,280.4742126464844
1616,73.32260669595652,40.65974811378205,-2.3298540527730514,-0.18529659048433755,2.144557462288714,302.37615966796875
1617,45.768177631762,54.89514407043109,-0.3447973475975341,-0.038862623926154694,0.3059347236713794,279.1775817871094
1618,67.49266384760912,47.469324298331486,0.6197607484736127,1.435702798803768,0.8159420503301553,336.1744384765625
1619,77.72087450878558,56.54094930771235,2.7171926319992608,1.1499387423332852,1.5672538896659756,262.5954284667969
1620,78.94569027656378,56.32245412757652,-2.7088692649935804,-2.7528420196826953,0.04397275468911488,87.14436340332031
1621,101.13845804228927,98.10693721448644,-1.0642404659615612,-0.7306497574567867,0.33359070850477446,176.89393615722656
1622,96.88377057852442,57.25791857452932,0.19435112025906554,-1.3537867216681396,1.5481378419272052,322.24481201171875
1623,60.505910552789736,72.96368434699944,-2.9151318366386474,-2.0902906335310902,0.8248412031075572,244.3347930908203
1624,96.09266873788171,40.34117482694453,0.9686092727792932,-1.3281490724509122,2.2967583452302054,337.30364990234375
1625,42.17060864737481,48.18484629805316,-0.9746989945313098,2.4409167487953676,2.8675695638529093,279.2823791503906
1626,66.65927656259424,52.663093008891934,1.6720114460017141,-0.29491655173086384,1.966927997732578,366.3550720214844
1627,85.55291007372139,39.569507310126376,0.8227052005502618,-0.6162264398363702,1.438931640386632,293.83709716796875
1628,78.29694525554054,69.46588495737144,0.5728457917491432,1.5595929375110957,0.9867471457619525,358.0982666015625
1629,77.76595793756277,77.03809645298367,-2.248113212411657,2.8922349924431714,1.1428371023247579,278.60357666015625
1630,69.31296850241226,55.40936580310134,-0.9418959089032972,-2.2244499804558027,1.2825540715525054,320.32403564453125
1631,67.38983523247268,97.4980574884381,1.9625686890267398,1.9619628407164935,0.0006058483102462375,7.550258636474609
1632,78.81374297694438,96.8437615372195,-2.649839131170965,2.3943781355701326,1.238968040438489,264.5714111328125
1633,38.744778359176145,92.78605454887551,-0.049032898832829463,0.39922679079903345,0.4482596896318629,200.1541290283203
1634,101.83542599729287,96.07423739556174,-1.8863165944871831,0.5608470631478872,2.4471636576350706,360.3457336425781
1635,76.09030839233587,61.14299853303183,-1.5371458437628955,2.5099861581429384,2.2360533052737526,427.6954650878906
1636,67.15804268012582,38.86326509650489,2.079719402519533,-0.11116810931949228,2.1908875118390254,344.3901672363281
1637,91.33963801338021,46.92135487152919,-0.4097371108946235,-0.5163172430058314,0.10658013211120787,84.77408599853516
1638,44.10648237564349,75.79149570570652,0.9446150784226797,2.991107921410668,2.0464928429879885,391.08941650390625
1639,85.44225204366106,100.78223245612176,-0.5165351144802632,0.9859941931896286,1.5025293076698918,326.8037109375
1640,86.97317187444779,36.739513611768864,0.9631858687545005,-0.08919734166594706,1.0523832104204476,363.23834228515625
1641,53.827642917957014,54.50953876666679,-0.6091385304425847,2.996176023371948,2.6778707533650534,262.7499694824219
1642,48.424031567894076,47.2785151528827,-0.2122728939266154,0.9468986258488101,1.1591715197754255,241.11097717285156
1643,53.19620911138382,84.02685496505467,-3.1097759560961578,2.3689474513643205,0.8044618997191082,209.79293823242188
1644,40.2401166830313,88.51397126380652,-0.6806579901099958,-1.2809823096514996,0.6003243195415038,347.13934326171875
1645,36.42813793106927,84.48464068452017,2.428194150086603,-1.6994337922653606,2.1555573648276223,433.9665222167969
1646,87.09891319635392,36.53045274697586,-0.12249498994694319,-0.5933593780940676,0.4708643881471244,227.16580200195312
1647,62.754992327468045,75.10769606733695,1.3880207100893571,-2.944623814688027,1.950540782402202,308.966064453125
1648,67.76405931976544,73.53559242080351,2.7531821230372406,2.2625249990531504,0.4906571239840902,226.2756805419922
1649,92.47848438422858,44.81562949769739,0.5695274198221116,-0.197893679482382,0.7674210993044936,231.86907958984375
1650,48.86486691761218,72.67540271698206,-2.7931055108463263,2.2305740402685794,1.2595057560646803,320.63214111328125
1651,54.54663445334724,88.23183606802814,1.4417768017148083,2.200529244527851,0.7587524428130425,227.75123596191406
1652,48.33068807773242,36.82956028712293,-1.965990202591677,-2.9602658036193126,0.9942756010276357,271.4007263183594
1653,60.616937306935625,89.14880195940549,1.3639958601943691,0.7329439427765951,0.631051917417774,258.77850341796875
1654,46.578041212709834,90.27166682788314,-0.11609477763564024,1.3323982551285027,1.448493032764143,281.2322082519531
1655,99.4722355452848,75.13590537485939,-1.4737414444599553,-1.4948019104668187,0.021060466006863395,50.77798843383789
1656,88.01482929170331,74.82016748211367,-0.3713991040007252,1.039057756308111,1.410456860308836,328.2705993652344
1657,93.05853436302938,93.40835750984785,-1.7705834764235069,2.4365720237713546,2.076029806984725,343.6756591796875
1658,38.71337140538256,90.04145130276322,2.291002760418311,-2.723128533271281,1.269054013489994,319.31939697265625
1659,81.47651254346393,80.8822257181578,0.46782293629771177,-1.6541766348026758,2.1219995711003876,421.20794677734375
1660,93.06286123691496,52.397804828541766,-0.47247086499679636,3.079127925965306,2.7315865162174844,287.32110595703125
1661,35.95374927799066,46.75770141338417,1.7543501581292684,-1.6073971309201533,2.9214380181301647,430.1066589355469
1662,60.81860645388543,36.91354609338014,0.15462418813144074,3.022488553157353,2.867864365025912,221.36936950683594
1663,101.10984107508365,85.6025048116143,1.6191915407593305,1.1482332173454726,0.4709583234138579,352.7171936035156
1664,44.03375209950803,67.42250091998721,0.37781164044132476,0.5352407030372084,0.15742906259588363,157.87469482421875
1665,63.72358144841819,87.69324165851647,-1.0340987447091066,2.156381741149235,3.092704821321245,287.8656921386719
1666,35.614008269917534,65.20091875914045,-2.0125200484390664,-1.751781255435515,0.2607387930035514,197.09506225585938
1667,67.78768826565529,86.57448184529345,-3.1329918052007377,1.1392898054031804,2.0109036965756686,299.4544677734375
1668,57.0734372002251,38.48647604499242,-1.3704207234525385,-2.191429652881774,0.8210089294292353,261.5599670410156
1669,73.83636500503827,45.824288787625356,-0.389940094774321,1.4695335406695067,1.8594736354438277,372.2572021484375
1670,86.60391524868893,90.56818485270819,2.965855103467244,2.80909595300973,0.1567591504575141,279.0931396484375
1671,98.76775568061205,98.02781320764268,-0.10867891447542632,3.1054015169459293,3.069104875758231,202.35643005371094
1672,77.25851747401865,77.39406456323073,-0.36378337272641614,-2.192668275203313,1.8288849024768967,320.8556823730469
1673,63.9893109350071,96.73398830028053,-0.14387396385021578,2.74584983850398,2.8897238023541956,249.24691772460938
1674,70.35042868969008,68.99830895994322,2.0539267253378686,-0.25184827503351803,2.3057750003713866,318.3031005859375
1675,73.22447445366439,35.68432351725638,0.7874982981820731,1.8925567557505119,1.1050584575684388,290.2568664550781
1676,37.85634463500008,64.35772848424662,0.16976841366912554,-0.5571353738681304,0.7269037875372559,240.14414978027344
1677,73.62596924076814,73.92319087876942,0.6032443723172292,-2.1707632473701755,2.7740076196874046,288.3905334472656
1678,85.9303429887319,62.08316171507812,2.698702970033259,1.6184961574873178,1.0802068125459412,341.669189453125
1679,44.55129508183265,70.46071639454217,-3.0897049757779174,2.65141691592739,0.5420634154742789,209.89060974121094
1680,74.634246368242,77.7123008351397,-1.936118070973199,-1.1987804862128744,0.7373375847603247,243.26828002929688
1681,71.09145876386273,55.4219985416529,-0.6430161708424844,3.120057357624221,2.5201117787128813,278.9296875
1682,35.39905481141757,77.60138502751659,1.7759060893141783,1.4599330346505983,0.31597305466357994,169.71142578125
1683,36.523508307650445,73.4833940498366,-2.8808834384677655,0.3874362366848172,3.014865632027004,416.3400573730469
1684,90.68529524283909,66.77669479952299,-2.882198053012662,1.0747963057290972,2.326190948437827,277.2328186035156
1685,67.26484943270162,97.58259372228275,-0.16113184000797887,-0.5403585309851118,0.3792266909771329,208.5377655029297
1686,62.445517652622044,75.04088398859167,0.6905660805544822,0.08849370903792542,0.6020723715165568,222.3330535888672
1687,101.28779813879879,76.15264976147688,1.0147958197108267,0.5416310643441933,0.4731647553666334,219.99795532226562
1688,62.64725978353969,57.62784452202824,2.3993391843527716,-1.0758792649640831,2.807966857862732,299.4703674316406
1689,61.73851863798761,39.56687184451688,1.624466563798376,-1.762345598337522,2.8963731450436887,379.7452697753906
1690,79.03019786663872,98.32343909087331,1.2106891092318213,-0.25028625905452717,1.4609753682863484,299.6481018066406
1691,52.67174124778809,69.52873707383559,0.05145884091465236,0.6251259922859411,0.5736671513712888,241.39479064941406
1692,73.17112418971959,57.29627110777288,0.6666887244172508,0.803312074009674,0.13662334959242317,90.47087860107422
1693,62.194470250039046,96.56352396922598,-2.6607899279920253,-1.6652002235506909,0.9955897044413344,390.4467468261719
1694,51.42514135856244,73.1533073330529,2.1900572925832584,-0.8023280473166658,2.9923853398999243,253.81199645996094
1695,46.029450735597685,100.28136047498441,-3.079591638340146,2.8752583548533694,0.3283353139860712,168.52117919921875
1696,86.22119268894141,83.99530354949206,-3.114244607117563,0.890724082910948,2.2782166171510756,266.1185302734375
1697,59.73377365951329,45.45359559146476,0.20878693099668189,0.4370268721187762,0.22823994112209436,173.3359832763672
1698,66.65043382712035,62.10421341863619,0.5638230361325993,-2.9478754256334248,2.7714868454135626,257.8093566894531
1699,63.71110695717011,38.961633400893,1.9205883880101258,-2.125359311819134,2.2372376073503273,380.9164123535156
1700,89.14535612749188,36.852536153835246,1.7488239442412565,2.880057920841793,1.1312339766005364,420.8731384277344
1701,52.18563757724142,58.42556010052802,0.6590526434412274,1.8013186113054607,1.1422659678642333,285.49127197265625
1702,55.0398592217216,96.00081110859114,-1.7119569900213913,-2.91307183952618,1.2011148495047888,393.54705810546875
1703,98.35362411584987,39.919988834422725,-2.935899294553602,-1.2747625419208888,1.6611367526327132,333.43707275390625
1704,70.23805835325047,57.27492115925107,-0.6364997068767839,-3.05914329968445,2.422643592807666,295.11181640625
1705,91.36604963851985,84.64799704129616,-1.7806058238671671,0.915063880495472,2.695669704362639,356.4620666503906
1706,66.5928375405779,100.1676248054581,-2.335919541126833,-1.5970504190707777,0.7388691220560554,354.6264953613281
1707,86.3381520250598,87.43508780661769,0.917950260117971,-1.7020384101949526,2.6199886703129236,355.5008850097656
1708,70.61930650630552,41.02202466451816,1.8944549387795835,2.9083360545391947,1.0138811157596113,350.76409912109375
1709,42.01395546615625,83.21089243567043,-2.5923059427077675,2.01234232038511,1.6785370440867091,306.092529296875
1710,94.98823293092282,35.90397120005232,-0.35481757363241284,-2.29051326230919,1.9356956886767773,372.7503662109375
1711,88.64397481486904,82.39406710035095,2.3501111605854597,1.9627215179616204,0.38738964262383924,221.00743103027344
1712,71.97059812932642,41.69040809136282,2.0699638204697486,-0.0894048016368667,2.1593686221066153,276.5182800292969
1713,66.15464351390311,64.73988971074328,0.9485564540726301,-1.9101008348141022,2.8586572888867323,356.5894470214844
1714,82.91430465398389,61.38972174372038,1.0542762744980632,2.674975584314182,1.6206993098161186,236.0145263671875
1715,78.08330207008285,48.89376446713147,1.6452472991898883,1.5956445953734093,0.04960270381647902,79.10264587402344
1716,41.74058208112825,49.21023522047855,-2.6543561896760863,-2.602218833677008,0.052137355999078316,102.35357666015625
1717,77.57847089103967,98.2090967151876,0.3799884171340828,-1.3042567023278158,1.6842451194618986,343.3777770996094
1718,50.15878600823899,47.99125934653671,-1.908566387003618,-3.088006133006375,1.1794397460027568,384.0892333984375
1719,38.799887064403855,42.82517044082145,-0.3981180967879756,0.5429708236076416,0.9410889203956172,238.26597595214844
1720,73.95613401922785,58.602041490852386,-1.6015594634251047,-2.2535429140980625,0.6519834506729578,393.5838623046875
1721,99.00971990705183,92.69096694376748,-0.0404430385747272,-1.2552856473121237,1.2148426087373965,353.8154602050781
1722,36.372853973921366,67.06621803490981,1.7509033349155407,0.9159915816655282,0.8349117532500125,237.65447998046875
1723,64.48505494456951,67.87766342516314,1.091960820180967,-1.2018964191452832,2.2938572393262504,327.8854064941406
1724,51.16313752288784,86.32773154571402,2.478438912541133,-2.149546178183668,1.6552002164547857,306.0787658691406
1725,94.59337217337665,82.92779124280538,2.945169993039223,-0.199079547973942,3.1389357661664214,226.18055725097656
1726,51.02439399188643,59.01504119581543,1.417959855419829,1.1795214008595671,0.2384384545602618,237.41416931152344
1727,55.83231409657235,42.73810668244985,1.1064817115627452,1.9823922769490663,0.875910565386321,189.2520294189453
1728,94.54003615120533,66.09949411154149,2.218444347716381,0.10653858294022012,2.1119057647761608,258.6261901855469
1729,53.23856112531932,72.36636340230515,-2.2256200944264544,1.1603188710220982,2.897246341731034,281.0213623046875
1730,91.37455010291143,41.92933715504047,-0.099148732421932,2.6453270422520907,2.7444757746740227,239.23800659179688
1731,50.86636836949925,37.23541408279873,0.7617711918891263,-2.625883610272529,2.8955305050179314,280.4992370605469
1732,35.213770646324676,80.52437425596531,-2.6594566767974213,0.8990990973691915,2.7246295330129735,446.50909423828125
1733,81.6373856483385,66.71635070640903,-0.14316457615762435,-0.2235137126449236,0.08034913648729924,133.74830627441406
1734,37.35630488231105,79.94301807576697,-2.7559995602874077,0.05504000071019455,2.811039560997602,408.2686462402344
1735,64.07121469805848,49.78612102789084,1.341646743225862,0.5879730006931267,0.7536737425327353,283.891845703125
1736,43.553567437805114,42.07479462519385,2.2398562563518594,2.780155002151411,0.5402987457995518,215.07032775878906
1737,79.50731669741984,49.42932709166531,-0.8933540466535339,1.7445418346099144,2.6378958812634483,323.5111999511719
1738,71.51436792460251,57.646939957817445,-2.0128671189652856,1.585126493020577,2.685191695193724,394.6413269042969
1739,66.82952675299192,94.91272257299046,-0.9097180646655874,-0.5023905538322344,0.40732751083335295,173.4493408203125
1740,77.31701284069705,78.44299899268452,1.9928898749002473,2.7850833563019233,0.792193481401676,249.8079833984375
1741,52.90635375759187,42.169700322714704,2.1158709564437768,-2.5761234029860742,1.591190947749736,295.9293212890625
1742,41.32444802959759,65.29145080628444,-0.5994272599160557,0.9686579370664745,1.5680851969825302,244.0180206298828
1743,72.34308427919353,65.45997842339877,-1.972061154901783,1.1050008077337576,3.0770619626355407,289.26483154296875
1744,66.99645763588639,51.43104238065114,-1.2235509177035524,1.474551593438238,2.6981025111417907,427.5807800292969
1745,79.98771215554966,51.91826759769773,2.236690488147726,2.8869898128825193,0.6502993247347932,246.4407196044922
1746,76.65427414893199,83.81740221885428,2.556371166082788,2.331727148434098,0.22464401764869013,121.27679443359375
1747,40.30101984188625,62.25379344107658,2.0291882899681157,-2.968917193229392,1.2850798239820789,350.5998840332031
1748,80.0911817622216,91.11677425230519,2.2364432269393557,-2.7035989455069793,1.3431431347332519,323.7552490234375
1749,86.61964818595027,101.61022654686367,-2.4659060177943513,2.3637441618187633,1.4535351275664719,254.26353454589844
1750,42.968805185325564,36.44244873126605,1.3162371668858759,-1.0798972158389035,2.3961343827247794,472.20672607421875
1751,75.20183727769748,52.29037307057571,2.518371712902531,-0.9251215673288846,2.839692026948171,268.6460876464844
1752,40.877284032288465,40.55536782079622,-2.2665786936604118,-1.3595168498773824,0.9070618437830293,276.58123779296875
1753,72.492717090712,93.72304028938231,1.8255157655273466,2.1110649820686005,0.28554921654125387,167.50668334960938
1754,46.304561778508855,39.87862732483718,-0.8502202086836261,0.2611685817133944,1.1113887903970205,299.5322570800781
1755,100.51339213886835,96.31324745593714,0.9175860855018971,0.3318119180265553,0.5857741674753418,293.75457763671875
1756,71.7861343689211,36.862274122592694,0.960617484927802,-3.04541380847933,2.277154013772455,339.1595458984375
1757,61.8542325366152,66.73292629960865,-1.4150959071001845,1.4861817501137846,2.901277657213969,372.9639587402344
1758,97.3945159077947,57.309744921136264,-2.840719648588899,1.5742897831028921,1.8681758754877953,391.8439636230469
1759,98.9941779933686,79.5725646881702,0.7180010837745052,-0.19273605159891094,0.9107371353734162,260.8401184082031
1760,55.20901048672234,90.78842983566751,-1.6625071918048469,0.6038746231861953,2.266381814991042,411.8230285644531
1761,61.80396939083438,69.0383969505786,-2.690019653566892,-1.982511732884004,0.707507920682888,234.79510498046875
1762,80.46112578959458,57.939132319773265,1.5785700148156057,0.46828083763944006,1.1102891771761656,383.88397216796875
1763,91.92922671571142,77.22308494640822,-0.7216073920731958,-0.3048741998541784,0.41673319221901733,201.6602020263672
1764,50.71231524763597,67.96189128790932,-2.372908503007979,2.014424817113298,1.8958519870583095,289.0082702636719
1765,37.58463557379719,91.0133720482863,0.8424779638380064,0.5358166217165574,0.306661342121449,158.27296447753906
1766,72.68083805451035,46.94713096356588,-1.1479521753512791,0.707508453520659,1.8554606288719382,356.725341796875
1767,62.28012504951174,71.94204808861987,-2.6103274713667615,-2.404706603381941,0.2056208679848206,114.37260437011719
1768,70.90427462532324,55.780140288969605,3.123145471535648,-2.9103310596538696,0.24970877599006894,168.8539276123047
1769,77.0272247270051,66.1428973119879,-0.27756526179646945,-2.302197868196258,2.0246326063997886,342.27252197265625
1770,82.48577093203915,97.83878290257168,0.6925463979419262,-0.6692143759233624,1.3617607738652886,274.6787109375
1771,93.03474906170214,66.76644850948114,-3.020004301483802,0.44421998861386536,2.8189610170819193,241.64552307128906
1772,38.83726439540047,44.87282511529671,-2.2245112120288972,2.080205548055937,1.9784685470947523,252.8662567138672
1773,65.23529334499956,52.97392369116582,2.03556896145772,1.162003746228482,0.8735652152292381,194.88539123535156
1774,83.32776853754956,55.24828848784381,-0.19764430318385795,-2.3690365509941262,2.1713922478102683,276.45318603515625
1775,89.14035658368459,99.23001972993326,1.8870635673584308,-0.006899229014259323,1.8939627963726902,344.381103515625
1776,52.82224276839537,77.58587617038603,2.728744477803171,1.6146797677235298,1.1140647100796413,432.99285888671875
1777,99.2871046990006,78.68443546507214,-1.987686661373159,1.5645625849585763,2.7309360608478515,384.2445983886719
1778,95.58176479935554,60.72375654921815,-0.6745484509389001,-2.2908616368623713,1.6163131859234712,276.16046142578125
1779,100.47385745427582,58.40617507563992,-0.698215046160533,0.423237362097614,1.121452408258147,285.963623046875
1780,39.02196231828725,66.83678099435686,1.6831961581553587,2.3010415869931498,0.617845428837791,229.39035034179688
1781,88.54407860963386,53.1220662154544,2.9218871459511897,-2.655817311808102,0.7054808494202949,243.76673889160156
1782,43.74582524695804,58.70009833384428,0.11927797390917805,0.683461965324724,0.564183991415546,229.304443359375
1783,37.72297894960826,83.70862459400456,0.6944579267230435,1.1014537006537886,0.40699577393074504,171.35238647460938
1784,71.50874471629888,95.78053181205355,1.427777975577123,1.456473225099625,0.02869524952250213,50.296634674072266
1785,75.22338915635926,64.20472402287713,3.0248584270826964,-1.217757240346295,2.0405696397505957,338.2605285644531
1786,98.8841254803246,83.8828402892965,-2.8013185024127036,1.4308860345725778,2.0509807701943052,353.70849609375
1787,61.060130611427375,85.2124168870742,-1.6379360722707508,2.861574560179598,1.7836746747292376,406.0123291015625
1788,80.14100365965244,70.2600643381415,-0.3134110094307898,2.472496431108647,2.785907440539437,303.7392272949219
1789,78.05849542515247,89.85546742051145,1.8978449202489456,-0.5913073274354588,2.4891522476844044,331.6651611328125
1790,84.58482188593926,46.349689332871904,-1.3689573055277018,1.4647038159349677,2.8336611214626695,380.8383483886719
1791,92.78057230011714,53.89515507090571,1.4080288004432733,2.2243212591706945,0.8162924587274212,285.88336181640625
1792,98.5123845232425,57.75171064346098,-2.217825353282339,2.213718216775262,1.8516417371219858,273.0209045410156
1793,47.46232137385943,44.82635924433829,2.7011607702072897,1.1977373844321368,1.5034233857751529,257.2177734375
1794,77.34183509254329,86.55081326038206,0.21448804462657467,1.762978456574304,1.5484904119477294,301.2093200683594
1795,81.31885499528555,75.93364148705143,-1.7488505937030792,-2.384101450860301,0.6352508571572217,290.6817626953125
1796,98.47266991542216,68.45299057533882,-0.3929581192359186,-0.11282936819532896,0.28012875104058965,181.85020446777344
1797,38.44381616553364,39.25696446535218,-0.8623810979080262,2.8771095686030144,2.5436946406685457,465.4179382324219
1798,37.68065461404047,65.59590220350395,-1.0281861761304225,-0.6791225422690661,0.3490636338613564,174.27783203125
1799,52.350047955275244,50.26124125962074,-2.2637426148947744,-1.3555245193524932,0.9082180955422812,325.32177734375
1800,92.50773387759867,76.17855147573206,2.0334490732858903,1.75974496825632,0.2737041050295703,195.18087768554688
1801,66.3559801598268,82.6052050074399,2.057803485072042,-0.7426446483953884,2.8004481334674303,281.2946472167969
1802,61.01420929736984,68.4593029800882,-2.571852122513471,-0.16994883483242829,2.401903287681043,276.0594177246094
1803,68.2094960983399,89.48567696683976,-0.7999821145431212,-0.1089179634552786,0.6910641510878426,251.36944580078125
1804,64.78777582450593,54.840235082338964,-1.3384308400404976,-1.5412036864175178,0.2027728463770202,361.7695007324219
1805,99.76011488630056,41.16457382449446,-2.1081878411998,1.5449370395289428,2.630060426450844,421.0635986328125
1806,79.17474644102856,70.99191396222923,-2.5414020980393928,1.1010140407451816,2.640769168395012,248.8523712158203
1807,42.41001283442665,63.89193876838122,2.154680660749454,-2.617017056954313,1.5114875894758193,272.0159912109375
1808,51.80795239271512,44.20389543246376,-0.17102106742083878,-1.2489422757157387,1.0779212082949,370.1301574707031
1809,48.535267996290074,47.62413645176229,-2.0590532139689994,2.957389590553051,1.266742502657536,270.2851257324219
1810,93.87862316218894,56.306755813294075,-2.5056275665476906,2.487273566812094,1.2902841738198012,239.53915405273438
1811,74.58836572568134,44.20893548246087,0.20025469214928782,1.1155113468503908,0.915256654701103,253.22048950195312
1812,67.72117786785122,39.24031934290268,0.44315544935705153,-1.8508856852814914,2.294041134638543,346.78863525390625
1813,95.22361856262323,51.97280954077794,-0.11963511502777502,2.6142255917784816,2.7338607068062566,260.25054931640625
1814,87.63189644534586,94.5296681500996,-0.8791000744088424,0.269248322707202,1.1483483971160444,308.84100341796875
1815,85.04615259003916,58.02848669056581,1.9554117800089355,0.7854016330834752,1.1700101469254602,287.54974365234375
1816,74.74260759856986,42.881255561635186,0.6926176422963022,1.1247373608510163,0.4321197185547141,269.0212707519531
1817,88.82774345457206,51.999792056041386,-0.2794612445995903,-2.1462261735276167,1.8667649289280264,325.64569091796875
1818,69.77802148402405,74.07125407371906,1.4310326220382548,-0.8617867764996077,2.2928193985378624,337.29302978515625
1819,73.38539275319856,95.38569731860409,-0.4203823554297954,-2.64974716531443,2.229364809884635,256.27423095703125
1820,49.144158398715334,42.663861317853616,-0.764331733357078,2.2118957077824115,2.9762274411394896,257.1058349609375
1821,41.75870273030566,92.33911275112354,0.7245699056061015,2.87972772884454,2.1551578232384387,435.5255126953125
1822,99.79787019024756,91.6226675843226,0.5322682210310137,-1.5340898694518772,2.0663580904828907,451.8924865722656
1823,42.6386046737162,57.828828184761235,2.060400894541065,-3.0212354293129047,1.2015489833256174,390.03802490234375
1824,100.53120927945872,82.02580094771457,-0.7103580832566752,-2.147505677047995,1.43714759379132,317.83331298828125
1825,98.14682865257136,44.11578672499465,2.3635516421630633,0.9848390644456773,1.378712577717386,188.45509338378906
1826,51.33959677865424,66.46024803509665,-2.2052336413580047,-1.0297045033979626,1.175529137960042,256.91949462890625
1827,68.0983758703203,50.0960329209421,1.2673398133313354,2.7631441632871567,1.4958043499558213,262.1176452636719
1828,80.20535658042562,37.25229599099216,-1.7094649069550671,2.628853222404775,1.9448671778197444,374.6046447753906
1829,46.96173148784132,51.11462301509937,-2.440569749496961,-2.720602660716356,0.2800329112193949,140.25039672851562
1830,50.30128157880414,100.4161675219165,-2.4537842857049856,0.4528710417051123,2.906655327410098,279.42724609375
1831,68.462948725919,99.19184778673578,1.8279005080217452,-1.3665837251237494,3.088701074034092,334.8601989746094
1832,36.86236256148477,44.74830962017256,0.9378471528616519,1.4924729635619558,0.5546258107003039,332.398681640625
1833,94.47223014048589,71.38591605451836,1.5261368312633579,2.3365861158071803,0.8104492845438226,301.86334228515625
1834,63.171616199005875,92.56366681287446,0.45185745893189466,2.5351586733554026,2.083301214423508,252.30621337890625
1835,44.32714871408982,58.70238168504548,-0.4555936277887649,0.8455054403391054,1.3010990681278702,273.2818298339844
1836,38.91085396531853,76.10197467077649,-1.452660924531941,1.9975815027099753,2.8329428799376704,370.36639404296875
1837,64.85654927595908,78.31627027867995,2.6163198077791927,2.3156028339268984,0.3007169738522943,132.9149169921875
1838,78.71883285348574,92.5067362780908,1.588273112336215,0.24213232673188712,1.346140785604328,411.4129638671875
1839,72.49775115686893,68.40507715862246,1.8740809939090273,1.7048908698694882,0.16919012403953904,274.18536376953125
1840,63.931320358135466,100.76581291139777,2.4240184643985883,-1.9055834161598355,1.9535834266211627,360.07440185546875
1841,55.10028895220874,92.02128302249454,-2.351465983226383,-1.016937634218126,1.3345283490082571,268.02532958984375
1842,77.07932617847888,93.48319455918447,-0.5487757533423601,1.7849952037783705,2.3337709571207306,320.607177734375
1843,61.648918892855676,66.54353476577882,-0.5828607413545543,1.8191669794924605,2.402027720847015,288.5186767578125
1844,97.73911990626328,84.84191320179393,2.703623806939679,1.4822756696404182,1.2213481372992607,377.8675537109375
1845,44.38427888576348,88.36998841255212,0.42659742291058755,2.401877539401526,1.9752801164909384,272.6042785644531
1846,70.53828292618606,92.22163582284466,-1.750685941215684,-0.5941195057010282,1.1565664355146559,348.27154541015625
1847,76.66594780250064,99.87409082702142,1.469571829878591,-2.1610278038581545,2.6525856734428412,322.6347961425781
1848,50.043462711501796,98.99319168507478,3.027668179756237,-2.721286274597582,0.5342308528257675,220.61447143554688
1849,64.63487428670882,64.20573581357857,1.0068639636971408,1.2016735310235802,0.19480956732643942,172.83045959472656
1850,66.82340811404706,44.64050921660571,0.4797331012305053,-1.8538073028235926,2.333540404054098,349.6710510253906
1851,51.758826642506776,59.56675021428272,1.140717843949095,-1.741248273338643,2.881966117287738,322.9617004394531
1852,71.76288014976843,85.01116178982255,-0.4805137584135486,-1.3626530876284755,0.8821393292149269,315.7058410644531
1853,85.27697338440376,89.9704405182285,-1.1024132419461687,2.792690914664509,2.388081150568909,352.0424499511719
1854,86.64292732623986,84.12389617709115,-1.8511532213605308,1.3361034856546157,3.09592860016444,308.8990478515625
1855,72.15018777565369,78.82827998140918,-1.570333358150489,2.365664900891777,2.3471870481373207,453.8424377441406
1856,40.98248258204667,58.29211312585161,-1.8283348913131485,2.2323725483178336,2.2224778675486045,319.6221923828125
1857,79.05328446068003,99.51031352805961,-0.45581570357801215,0.1690776475757252,0.6248933511537373,222.63961791992188
1858,85.53911805940253,92.63724553598128,-1.0012725846682815,-0.9473478008627643,0.05392478380551725,65.0534896850586
1859,38.16351700211314,95.11734205184806,-0.17312669418201354,0.7548831871113726,0.9280098812933861,248.6404571533203
1860,50.211054642951865,62.67083972372245,-2.0574185312643483,0.7830297283995109,2.840448259663859,282.16961669921875
1861,79.9436077271291,78.2703689529444,-2.721143530532661,-0.6893250894972569,2.031818441035404,313.99273681640625
1862,76.46336126256139,35.51024328309862,-0.6086619361387324,1.87243080774119,2.4810927438799224,442.7579650878906
1863,96.8361251604514,68.85056424102564,-2.240394989667766,-0.2908854611713254,1.9495095284964408,310.6082763671875
1864,80.3852079088407,61.874920177795474,-2.9633069030081747,3.0106218836441814,0.30925652052722996,144.3899688720703
1865,50.97537238164922,76.45895063806708,0.013242786328943268,2.3975633913650336,2.3843206050360903,261.1497497558594
1866,65.05886040129988,43.764846004474265,2.9229746500588893,0.4528112118758436,2.4701634381830457,233.1871795654297
1867,91.77567010460828,67.26574526951828,-3.0650205322539334,0.5831268425215406,2.6350379324041127,263.41961669921875
1868,46.475626612338914,86.84445757519401,1.7480880203022275,-1.3593462429893666,3.1074342632915943,310.1854553222656
1869,91.40710558393721,79.20132926502785,-2.8047987070011193,-2.387758391612399,0.41704031538872055,353.0665588378906
1870,73.51766628564067,37.255827229433564,0.16658489575455082,-2.1137516851010565,2.2803365808556073,300.5614013671875
1871,39.260413571887476,50.34925210647751,1.8527164995094045,-0.08727998239293822,1.9399964819023428,292.6990051269531
1872,40.53238090462415,75.34014441936196,0.3923563986868599,-1.1774455733281106,1.5698019720149705,351.9631042480469
1873,91.9606353114158,39.74584308352783,-2.8545431595757713,2.064798112550382,1.3638440350534327,427.0222473144531
1874,100.32462166391599,77.70314114452412,-1.6995309096203801,1.9733419571542967,2.61031244040491,391.4359130859375
1875,65.73547135838095,75.42756410930141,1.6677286498938448,2.0720353517842227,0.4043067018903779,305.5464782714844
1876,69.96828440664846,50.87491352558249,1.440399498865327,0.14914959101223602,1.291249907853091,408.95947265625
1877,79.18019227262141,73.97034937992429,-1.3823131279576124,2.7419269255643277,2.1589452536576466,345.55010986328125
1878,63.43472374781219,62.3657470378341,2.495420633982838,-2.2847447786307042,1.5030198945660447,253.68820190429688
1879,63.08289884581566,49.69589345049471,0.6879943699503706,2.0346091932892616,1.346614823338891,225.91793823242188
1880,92.586453094191,58.97459483637164,0.9227975462311191,-0.19371663427017527,1.1165141805012944,275.95452880859375
1881,84.13913613466866,73.04412221814437,-1.5610370864275709,0.416742944343651,1.9777800307712219,439.03326416015625
1882,82.39349430635875,59.700913367388154,-0.9368168396529075,1.9787867157829817,2.9156035554358892,297.5732727050781
1883,52.99675852359878,83.36831900090273,-0.17212962758752592,2.905298648026389,3.077428275613915,262.45745849609375
1884,65.07604957324754,91.33991359010506,0.8453352938020418,-1.245808586931084,2.0911438807331257,389.6727600097656
1885,99.03479303731531,82.39665152268299,-1.7989868630198005,-1.104043393892855,0.6949434691269454,286.92108154296875
1886,91.5883483267445,97.54102395011333,-3.1367625690278933,2.929321276862084,0.21710146128960897,147.32135009765625
1887,75.10833121160144,73.8252328326783,-1.736013328490845,-1.2194163860621325,0.5165969424287125,399.44378662109375
1888,70.2902370992274,69.32892160182598,-1.108814900129246,-1.7780347061126551,0.6692198059834091,261.5063781738281
1889,96.26055018417989,63.196672654134204,-2.431256950412389,-0.1409152196350858,2.2903417307773033,283.4111633300781
1890,66.55409057397554,53.04427810983172,-0.07472266144469764,0.5529842919175922,0.6277069533622899,229.06996154785156
1891,97.26054146147993,35.94143338487939,2.667958210576603,-2.8527528387580943,0.7624742578448898,251.49563598632812
1892,59.36741880278049,55.42582290222464,1.9863053176126755,-2.258258071526588,2.0386219180403233,270.9320373535156
1893,35.993127793521836,64.22539776074271,-2.7801534083135317,2.983206507638249,0.5198253912278059,202.0706024169922
1894,58.542555365285125,50.807238235832166,-1.7437832448615997,2.3255928614356263,2.2138092008823604,354.1444396972656
1895,41.54782041576347,77.33279846158644,-2.403765331611358,2.1961738953221452,1.6832460802460834,266.2907409667969
1896,60.5222040992016,96.76527210387846,-1.641523158836095,-2.443803104278993,0.8022799454428979,372.8160400390625
1897,65.2138623205617,64.38844636762273,-0.605105916786016,-3.111487987663561,2.506382070877545,269.64532470703125
1898,69.63703012812499,95.93295338579267,2.1202788106431933,-1.0639380675142358,3.0989684290221575,277.30499267578125
1899,36.85960376881449,86.2067367193641,3.1271246719987014,0.8472579002192093,2.279866771779492,415.708740234375
1900,70.43805117337226,44.83483919630021,0.39558536599263494,-0.9197034478000519,1.3152888137926868,305.6911926269531
1901,58.802658240986545,62.755287841960126,-1.3020773605344997,1.300199486901815,2.6022768474363147,311.10308837890625
1902,36.09325956087059,54.641212709184416,0.7132574825838356,1.7065495152757526,0.993292032691917,284.51251220703125
1903,72.48865694179717,48.5641152732559,-1.5741721103020214,3.0071039012041947,1.7019092956733701,431.2889404296875
1904,96.65434696545913,86.78153819594837,-2.7002732399616525,1.1625043658944412,2.420407701323493,298.12078857421875
1905,82.95669407724061,50.0408845799371,-2.2941588002405533,-2.7730574898872637,0.47889868964671045,220.3075408935547
1906,43.07311548225148,99.0603423522558,0.030338145227146285,1.9762390065169244,1.9459008612897781,280.7079162597656
1907,75.17869741232214,99.86117249136554,-0.28969172956821243,-0.9586885506218188,0.6689968210536064,287.02587890625
1908,46.87321336486221,80.64811017130273,-1.0682571126394476,0.2570468843421714,1.325303996981619,328.1639709472656
1909,68.62550100276152,91.20282671897837,1.9139415345554793,-2.6033134360312733,1.7659303365928338,365.25848388671875
1910,76.0858060931636,79.40860298738873,-2.8599270011818803,-0.3090301023343809,2.5508968988474994,250.1211700439453
1911,80.05106217102934,68.46572004883522,-2.0581917929377225,-1.3231688083406115,0.735022984597111,243.77223205566406
1912,45.23774633690734,46.951374421082406,0.08735127007319932,-1.116375594930287,1.2037268650034862,341.4432067871094
1913,90.17372569734525,47.92624655553,-2.703032686112476,2.1754705275123616,1.4046820935547493,316.60174560546875
1914,58.06582824047126,87.44803415458617,1.3727770305612461,-2.7018092234187936,2.2085990531995465,313.3301696777344
1915,64.1543840115444,81.28681256539693,-0.7545042492593983,1.9629075389805113,2.7174117882399096,286.14215087890625
1916,47.85601784605076,79.14291351441558,-1.5651675182243925,0.31664756970274155,1.881815087927134,433.78155517578125
1917,37.61191053225,46.165799077288256,1.1649352288037074,1.3336000251804911,0.16866479637678378,129.32907104492188
1918,85.79829939076201,41.90245644633218,2.2381683295286967,-2.3484373758024457,1.696579601848444,276.77850341796875
1919,90.65069559263908,54.1961319739804,-1.8823320618357833,-2.689171142255772,0.8068390804199888,382.1125183105469
1920,92.4000472411939,99.80787468247283,0.6924014235887936,1.4610986779688915,0.7686972543800978,292.68670654296875
1921,98.9706076022388,86.94116349429154,0.43529993945559076,0.6630769284884779,0.2277769890328871,161.3537139892578
1922,79.09537136854007,69.58592794489839,-1.1910913077694625,-1.4750070304537035,0.28391572268424103,328.0201721191406
1923,62.0418735942485,57.14445592926684,-0.21547258951646775,1.5762254894060383,1.791698078922506,364.6236572265625
1924,41.60861153443968,83.93009990729355,-1.9139444325415975,1.5732125167712256,2.7960283578667635,390.2889709472656
1925,64.77196611685919,55.83495826394737,3.069320589739414,0.7338755467058067,2.3354450430336073,254.3372802734375
1926,45.490672566380084,45.351529200480385,-2.4962680640413417,0.4328149585044625,2.929083022545804,291.779541015625
1927,91.99450387566193,57.96597514544743,-3.010238480884858,2.6891142178980134,0.5838326083967156,174.16708374023438
1928,67.80126596142745,96.24853970490412,-2.6809941204651846,-2.7335974764677298,0.052603356002545176,61.67292785644531
1929,96.4138431832348,64.64754944048629,-0.40421976550621386,-2.2722224485597415,1.8680026830535277,330.55596923828125
1930,60.42789725053714,95.45293423765551,0.35207055473613824,2.2044185011607684,1.8523479464246302,278.24749755859375
1931,62.87872049815,76.42072553497704,2.545492058703821,-0.6991034217559413,3.0385898267198246,291.390869140625
1932,37.78692477838603,62.86825138966081,-0.6707016815304168,3.0679031501518113,2.544580475497358,395.22607421875
1933,52.53711147878066,90.17184956235013,0.8875624072631085,-1.6663382884819993,2.553900695745108,395.4889831542969
1934,85.7987310536953,93.33784373401527,-1.619294682412443,-2.4667714468780915,0.8474767644656485,390.54376220703125
1935,59.77886711364518,52.02966581603818,-2.1870721491729146,-1.4513346875159994,0.7357374616569152,323.680419921875
1936,98.89410354520365,76.6835991470753,2.2202281585806167,2.879735939829578,0.6595077812489611,253.93048095703125
1937,100.52377168700849,40.53060167066107,-0.06460977890963893,1.6233592371823242,1.6879690160919631,413.8697204589844
1938,36.039600367291925,93.45312792809645,1.1359764481356605,0.9324593132073371,0.20351713492832335,178.59860229492188
1939,101.59425530021623,65.27372780090055,0.603318078329115,-3.1342806720006307,2.545586556849841,239.22305297851562
1940,54.28628660960254,62.14830886849082,1.465285084194572,-3.091657566511801,1.726242656473213,349.7247009277344
1941,38.21816415672884,50.529084332683155,0.6305701930619878,-1.7480746691539133,2.378644862215901,327.8851318359375
1942,95.93421276506007,75.66824728406976,1.5823936312242175,1.6501256741890948,0.06773204296487734,86.4844741821289
1943,47.315094546216116,39.816561761267124,1.0294589941722627,-1.600717844805045,2.6301768389773077,441.31512451171875
1944,42.16715022749006,85.15147091550082,3.080685953707837,-0.22973661944392498,2.9727627340278246,390.6152648925781
1945,98.73634282288651,59.40594820573535,-2.283889473406919,-0.5329801188790175,1.7509093545279013,319.26849365234375
1946,84.17839613503708,99.00623605646321,-1.7731472210875727,-0.1816785985504592,1.5914686225371135,333.12841796875
1947,39.061451622699174,43.701933645390156,0.8569893475081596,2.8024276568079474,1.9454383092997878,320.092529296875
1948,52.02923738640102,43.09608760523086,2.663462758053348,0.5305935907425336,2.1328691673108144,220.4495086669922
1949,37.032124821236096,59.60263738618179,-0.25930002403892694,-1.7418779010717187,1.4825778770327918,381.4577941894531
1950,98.81302215443048,79.84500632706624,3.0224506752686144,2.934859738747975,0.08759093652063932,79.7218246459961
1951,42.14472699114931,98.46500311391503,3.035665370054371,2.3730666927966695,0.6625986772577015,334.5297546386719
1952,97.73867443758691,61.7027256028377,-3.005059058858568,1.2836885625586314,1.9944376857623871,299.48736572265625
1953,98.67623723843118,70.57655150939084,-2.9573079154848694,-1.1198068245299315,1.8375010909549379,343.7977600097656
1954,100.31414623140977,97.00745538972257,1.9924383385075366,-1.6319978537529845,2.658749114919065,395.954833984375
1955,64.25201357781641,76.32729664686879,2.2880304904963618,-0.3294005639080795,2.6174310544044412,334.9818115234375
1956,95.46842877590296,43.226371777740404,1.3690627276208573,0.5356998631370193,0.833362864483838,395.4897155761719
1957,60.68508720807658,63.26875047015963,-1.8638242571620418,0.28983405830831677,2.1536583154703584,312.99951171875
1958,94.5192614991585,52.60952917347922,-0.7750260179019546,-1.2786069933872604,0.5035809754853058,337.42462158203125
1959,70.49094647310845,47.97608233924194,1.315471827231578,-1.409190825673726,2.724662652905304,336.08990478515625
1960,51.628709131193396,41.82918850431247,-0.01814612299511653,-1.1084147216086264,1.0902685986135099,331.6926574707031
1961,101.72131023004167,99.93887435317923,-2.932742725342089,-1.348082040942823,1.5846606843992659,372.3750915527344
1962,95.62300700587397,67.51201057927622,1.5510393622005774,-1.0000705222206574,2.5511098844212348,408.6614074707031
1963,60.73892983225686,89.78430864295733,-1.653655617834503,0.5962280190126861,2.249883636847189,428.52386474609375
1964,81.49803748415391,45.58421449683269,1.8061573119682262,0.8248064219699258,0.9813508899983003,359.1451721191406
1965,76.53648916424916,82.54909309679024,-3.031569439352693,-1.1565789654470102,1.8749904739056829,330.0086669921875
1966,45.67269094288426,78.75325720926543,-1.77400179156787,0.03440370793290759,1.8084054995007777,360.35406494140625
1967,57.252920266055284,90.26430432182025,-2.8893057566360074,-1.5023564953922064,1.386949261243801,409.8137512207031
1968,66.09098018707307,82.26218686291824,0.23456194485656878,1.9669754669727686,1.7324135221161998,281.6583251953125
1969,69.8050092420113,76.75039061177509,-1.4887717895200858,1.0470730878469947,2.5358448773670803,388.8228759765625
1970,74.60136106084052,74.54901149557494,-0.12802996555846757,0.5839919830571856,0.7120219486156532,214.7102813720703
1971,85.34125335657933,46.93151739971434,2.831440242199503,0.5055835910820856,2.3258566511174172,236.05606079101562
1972,43.92834619952635,95.97778357611432,-1.872228650895173,-0.9478175000476226,0.9244111508475505,289.3023681640625
1973,48.533139247292794,90.87732063595132,-0.09878350400579139,-2.9152960598385547,2.8165125558327633,285.58123779296875
1974,55.90849257442318,78.07973113338377,-0.8979217349342519,-1.4064623908272738,0.5085406558930219,264.3578796386719
1975,71.32910862827207,65.83640145600123,-2.0910625347886764,1.16595768206557,3.0261650903253403,300.3806457519531
1976,56.90228196245191,89.6846642796774,1.3324222647681339,2.1115037211575105,0.7790814563893766,223.6404266357422
1977,64.96362431981564,87.85891999867175,-1.082485058367932,-2.2859118151974216,1.2034267568294896,304.5336608886719
1978,61.88602512924771,85.6629932363078,0.07266009834492282,-1.2124601618756865,1.2851202602206093,392.4314270019531
1979,97.64016248903397,64.81637043530051,-2.340732860867338,2.4645183857374526,1.4779340605747964,284.45855712890625
1980,40.202718394721586,78.99313410574581,-0.49488611548291495,-1.9509170396167352,1.4560309241338203,314.1235656738281
1981,40.810893640223796,44.933809407716204,0.5186459374970829,0.012045186571933542,0.5066007509251493,223.29783630371094
1982,65.023841652973,42.44640843387449,0.2393675608185415,-2.941007774442574,3.102809971918471,211.9851531982422
1983,70.29212987526128,39.45772176099496,-2.83029246323726,2.2665578824114148,1.1863349615309116,285.07012939453125
1984,96.27445176106461,49.67968541252145,2.4315843085390343,0.33883985744366285,2.0927444510953714,342.928466796875
1985,63.06520409334355,47.89273250271875,-0.49017231052657406,-1.2858876242624233,0.7957153137358493,326.37139892578125
1986,83.05552279976081,42.043414931460234,-1.0211307046712559,-0.5885979700396411,0.4325327346316148,192.52333068847656
1987,57.841420021706746,71.86840954564275,-2.5387364580416834,2.867667476565532,0.8767813725723708,289.9076232910156
1988,46.37920184954898,90.35427603250429,0.4748078624079488,-1.1399688958295506,1.6147767582374994,360.83880615234375
1989,52.24851978911242,78.86292165262884,2.8572971143631687,-2.551468400152566,0.8744197926638518,253.21591186523438
1990,58.60486536871854,81.39888487921077,-0.8342919589582865,-0.4918557507303194,0.34243620822796705,190.4121551513672
1991,71.32195817791232,48.418749460346525,-2.1003704342077025,-3.03846299958985,0.9380925653821475,258.6065673828125
1992,35.3260898901873,78.84418322842853,1.2054531680186082,-2.6724043548188767,2.4053277843421017,463.7451171875
1993,73.21905589826837,91.42727044678698,-0.365834642497298,-1.132266326622963,0.7664316841256649,301.900390625
1994,92.24140065798882,94.67436307129456,-1.9953671231922439,2.1409640404114976,2.1468541435758453,287.7330627441406
1995,52.85596138494776,59.96301267681328,-2.3482649713284642,1.1271273222414964,2.807793013609626,260.44866943359375
1996,51.4704977592621,56.15162946491469,0.7464865809193935,-2.4528091787118997,3.0838895475482935,263.42755126953125
1997,51.81469124387944,56.58260012402884,-0.8289764263961423,-0.9156201197413503,0.08664369334520794,64.89329528808594
1998,81.01867842681413,79.69694166846905,-2.7843980303302853,1.484906722516639,2.0138805543326623,454.5069885253906
1999,78.81544177000546,46.18148536485256,-0.21512271590333,-1.212923006782451,0.997800290879121,331.9805603027344
2000,63.50765614933179,42.431891532509304,0.17263798935607433,-0.964029913407046,1.1366679027631204,305.06231689453125
2001,45.81814527885506,90.02589305195872,-1.7890481354624257,1.0453175203328273,2.834365655795253,352.4997253417969
2002,69.96176954508599,51.25445534676609,-1.1918064593426232,0.5848506439829042,1.7766571033255274,367.80072021484375
2003,73.56197984052623,83.94197495217452,1.5344469314965758,-2.217009624027998,2.5317287516550127,365.9869079589844
2004,92.11637429385385,48.431900677556584,-2.474008161094006,-1.2525054929607304,1.2215026681332757,392.9140319824219
2005,83.54416993839745,43.70868939090292,-1.607751303283502,1.7451747799006485,2.9302592239954364,465.47235107421875
2006,51.084172280650954,93.02842966532283,2.4211957491447667,-1.3616967288599118,2.5002928291749082,368.2272033691406
2007,80.62186367416791,100.1281777709449,-2.674158670153793,-2.4197462557435587,0.25441241441023443,121.81526947021484
2008,73.4782069031774,96.1646207096048,-1.1282070977071004,2.208842670565579,2.9461355389069075,364.33062744140625
2009,41.725775108990426,76.16622311558254,2.565145082426487,-0.9184286575952201,2.7996115671578794,315.0363464355469
2010,47.90830288222746,100.50553541349211,-3.1016949095479522,1.7735441732273527,1.407946224404281,287.5839538574219
2011,39.909537457282084,89.2992305065454,-0.009776215256817267,2.0674506150943532,2.0772268303511705,264.1922912597656
2012,37.23986117343302,85.50908031984477,-0.35644394814469793,-1.857532314630125,1.501088366485427,309.5515441894531
2013,47.66265271985607,87.97319727351535,1.0493617452951698,0.9902614243917673,0.05910032090340245,94.06749725341797
2014,70.45190525110387,71.19963041928807,-1.6443945969935758,2.801742870908889,1.837047839277122,443.0124816894531
2015,37.857952537095784,81.08554775031516,-3.029009056603941,0.7666333590363656,2.48754289153928,402.1741638183594
2016,53.72062463416931,101.04802785565842,-2.194497675459737,1.434397761108455,2.6542898706113944,308.7272644042969
2017,63.64133911987554,50.06021408315773,2.477059702081771,-2.5302675668180545,1.2758580382797613,242.532958984375
2018,51.18468406843591,95.23709709485749,1.2703299820864746,2.923156348595702,1.6528263665092275,348.95843505859375
2019,41.060591382679384,82.30039935742522,-2.7398465265586274,-0.9453727626199102,1.7944737639387172,363.2230529785156
2020,69.22873480583208,91.65159894502216,1.7340067301445714,2.8490883223923458,1.1150815922477744,301.86199951171875
2021,48.42626594194442,72.88396057385077,-1.332360679431552,2.3768200751416657,2.574004552606369,389.95343017578125
2022,72.96691509302133,45.17881932578673,-2.1925755440680224,2.9857316276432044,1.1048781354683597,259.51361083984375
2023,43.65475390697419,50.96773791998849,-1.508937928753022,2.5425457520419013,2.2317016263846625,413.7630615234375
2024,73.38481169825917,50.44336233281777,3.0493396972903923,-1.834577343267358,1.3992682666218361,319.4863586425781
2025,46.5348212199048,96.19200601046174,-0.670630028643532,1.5734321239229283,2.2440621525664604,353.9527587890625
2026,97.96068493913796,66.53990545054316,2.9842287444486546,2.3618827126483843,0.6223460318002703,194.98483276367188
2027,57.12731251553453,57.52722477224266,2.149360705995335,-2.413004530905191,1.7208200702790608,245.2532196044922
2028,69.9228863568742,35.52228254633145,-1.0747021253660107,2.0307170550375693,3.10541918040358,460.1446838378906
2029,71.7319622221141,67.78867260758018,-2.023501626264827,-2.9035178414630187,0.8800162151981916,279.9732360839844
2030,57.701431168969535,101.2550448300628,-1.5301305230507976,-1.0139997699855967,0.5161307530652008,320.15509033203125
2031,82.46177220683403,94.36259064811819,-1.6345252172238431,0.2459643928091486,1.8804896100329918,414.71893310546875
2032,96.79415667304653,74.94038642942647,1.7664806641918656,-2.767223775301562,1.7494808676861588,342.451904296875
2033,77.67827077909298,47.963664907130635,-2.314404141513941,-2.5282268774205536,0.2138227359066125,133.75161743164062
2034,43.56995250665378,88.14473796148206,-2.777818613171268,-2.5413409116515178,0.2364777015197501,231.4768829345703
2035,46.602164664932374,36.00815484624946,-1.5571460241183779,0.5907701480186449,2.147916172137023,408.18499755859375
2036,42.740083223943856,45.36935546245817,-1.3880224697588808,0.9130259997370338,2.301048469495915,352.5968933105469
2037,99.45738857506238,89.32977403852703,1.0581998678194733,-0.4450921884250354,1.5032920562445087,304.6543884277344
2038,95.35311159266882,77.53493557445285,-2.4111925014384203,0.04847334562595629,2.4596658470643766,297.92022705078125
2039,68.72421566721766,71.0425889761566,-1.1094630006576898,-3.070843091233622,1.9613800905759322,326.65325927734375
2040,100.61398335137508,46.21832659289321,1.5954727106415367,3.115249421011101,1.5197767103695643,409.05950927734375
2041,57.4401434013696,52.40585514004921,0.9502655917325669,-1.0112666934585466,1.9615322851911134,284.01397705078125
2042,42.00280217599002,61.39912117251494,-2.572317312900842,-0.5758739352768512,1.996443377623991,340.3670959472656
2043,51.50026842357054,63.968831234678944,-3.121250151337339,-1.9386049639825045,1.1826451873548345,298.4791259765625
2044,43.409625669825935,72.41918437737036,2.9935726835546106,-1.193366563883761,2.096246059741215,347.5043029785156
2045,41.81610822805959,58.496976223507,-2.368112264888212,3.0747621813466255,0.8403108609447492,306.5352478027344
2046,67.50033736813558,67.30130107679804,2.9557558238163386,-0.9949019997177717,2.3325274836454764,319.8888244628906
2047,45.915310505068035,38.46751187773538,-2.306513072949253,-0.2951420806896339,2.0113709922596192,378.91839599609375
2048,93.4801930081095,62.711163113051114,0.21455435644817777,2.4597674569029406,2.245213100454763,252.53248596191406
2049,46.39447667402661,61.42322704759287,-3.0241739168884116,2.3964579187978803,0.8625534714932945,208.65264892578125
2050,53.51869637665013,79.87700175037233,1.0095514793126679,-3.101663907098007,2.171969920768911,305.8161315917969
2051,63.57144740545171,39.146576389711825,-2.134310983994221,-1.5053260867942173,0.6289848972000036,353.65093994140625
2052,43.20373876459333,89.70893888059268,0.2586442444897612,1.6600572717341455,1.4014130272443843,383.1722717285156
2053,55.537720949045784,69.95275364098174,-2.120428984141599,-1.0588964463596549,1.061532537781944,250.0054168701172
2054,93.32141712931828,99.29955432218934,-1.8239746153111496,2.3998972048211105,2.059313487047327,361.8551025390625
2055,44.87868436155275,53.7618424814213,-1.7780207613885823,2.947419975056274,1.5577445707347304,406.96759033203125
2056,78.9267068810797,66.73610502024252,1.2948878495189433,-2.014448018033651,2.9738494396269926,328.5720520019531
2057,42.09358774597527,70.20410680208498,0.7117694318230252,1.9923955634672215,1.2806261316441963,240.4295196533203
2058,46.39284673946154,87.4476207448811,-0.1297590249692906,1.2628971593158438,1.3926561842851344,311.71636962890625
2059,91.76564251349578,99.73809243008708,-0.7816081322083899,0.8718814468537905,1.6534895790621804,268.3688659667969
2060,37.26877229362396,83.01654698156828,0.6364049868755672,-2.4995941549197678,3.135999141795335,354.3877868652344
2061,68.5376076376416,97.9405668158142,-2.2074369471625133,-2.8963999964946368,0.6889630493321235,250.17779541015625
2062,88.30386829846597,84.65166123695042,-1.2050280445999293,2.1085220106295886,2.9696352519500686,329.53802490234375
2063,74.50831931046812,40.52014801166013,-2.6048833356245775,0.35951338814927336,2.964396723773851,292.8216857910156
2064,54.182996874488,42.225093874102484,-1.1733370358163766,-1.8917624496533938,0.7184254138370172,364.7137451171875
2065,89.8370947866822,72.99266574836457,-0.9768171058911381,-0.07173499196547439,0.9050821139256637,298.013427734375
2066,50.567155224063086,49.15678987104148,2.469529428266049,2.547094620875913,0.07756519260986394,113.3852310180664
2067,41.36510937343166,83.58440800478724,2.7816685176529923,0.2861746634714857,2.4954938541815066,323.0347900390625
2068,68.58385633111257,91.14273590390485,2.882893917376922,-3.117060823611383,0.2832305661912813,149.32675170898438
2069,40.694092697914165,91.86689175384497,-2.8339020959894086,0.0380367632089067,2.8719388591983153,320.1029968261719
2070,67.23523356826178,61.147978435911185,1.8854582588186446,-1.5933555169828395,2.8043715313781026,421.039306640625
2071,90.04495612075587,49.26678300106482,-2.808294878711919,-1.2555553994431958,1.552739479268723,344.8124694824219
2072,65.26300812453098,59.05866282011654,-2.7620202073691567,1.6328622717970696,1.8883028280133607,412.4963684082031
2073,82.53236477715498,50.36724584906351,2.5998296739059956,1.0685527231839096,1.531276950722086,237.85597229003906
2074,72.98027564396344,49.90310279765991,1.5053885898338768,0.8175466856712297,0.6878419041626471,333.3791809082031
2075,77.57236382784556,82.13872361229608,2.810070194194621,2.692173417803187,0.11789677639143381,229.2174072265625
2076,56.65887901973991,52.068714652286474,0.07295507555155245,-0.1951172682435729,0.26807234379512535,139.7133026123047
2077,77.54410582662344,45.58759210648017,2.1259631115388897,-2.744217147282427,1.4130050483582697,334.5422058105469
2078,37.83379055303208,47.92950504564425,-0.13165554035931715,-0.12606933662817488,0.00558620373114227,21.094518661499023
2079,96.53496647880846,90.84297100418578,0.553783351204165,-1.4520569820595115,2.0058403332636763,403.4414978027344
2080,53.62436617215969,80.99772209663519,2.6909788154061696,2.51467786223518,0.1763009531709896,153.61756896972656
2081,68.37046421785962,86.59013683420666,-2.1233571781960987,-1.6342379189054161,0.48911925929068256,336.7634582519531
2082,67.70180903824598,78.15832834864241,1.1328582890499588,-0.981309843007669,2.1141681320576278,319.11090087890625
2083,52.26081104496588,54.58681217859558,2.0624199849069598,0.19760504204433804,1.8648149428626217,257.3901672363281
2084,46.992431166412594,61.23658051599338,-0.5295499717019458,-0.4415927568976681,0.08795721480427775,117.52432250976562
2085,78.24940384438082,90.56583620990797,-1.833874357772022,0.8186244326178582,2.6524987903898802,374.7169494628906
2086,74.65744987658906,47.645837118257376,1.5808825219533453,-2.028616215823473,2.6736865694027685,335.4290466308594
2087,65.02334948437195,48.69801455282021,-2.679596677778754,-0.8340979359182805,1.8454987418604736,344.83917236328125
2088,72.37922565962637,60.859904124025334,-0.835738633287828,-3.0552360805333714,2.2194974472455433,273.6239013671875
2089,93.83168017692515,62.13648578390816,1.799859336717307,-2.7439338526255335,1.7393921178367455,334.84771728515625
2090,61.83755112995938,100.64450125333538,-1.8178286590528765,1.5953017027455738,2.870054945381136,407.5538330078125
2091,97.19252860794461,90.7687667053591,2.4727978225910103,1.8319207446618861,0.6408770779291242,248.26953125
2092,60.21788435525457,61.08893409182065,0.27420520662226,-0.5243157401771641,0.7985209467994242,265.07452392578125
2093,54.79474664361972,75.03490215870889,1.6680262479693138,1.9222488749722197,0.254222627002906,284.67523193359375
2094,101.50861386770309,85.22891350761256,-0.3689237021633933,-1.6090837339512463,1.240160031787853,429.98577880859375
2095,96.87611966416429,101.74853931545458,-0.33827761477256235,1.3735245143652897,1.711802129137852,344.39697265625
2096,88.01287089370197,86.29308120478042,1.4201297220793139,0.34869017641218125,1.0714395456671326,345.77886962890625
2097,77.90651366610045,39.74702287837862,0.228852491086053,1.9800645993937245,1.7512121083076715,360.13037109375
2098,80.52632307709216,78.24782296424075,0.1790378708745246,-2.052910566707022,2.2319484375815466,306.28680419921875
2099,81.64875953604442,71.4303939861928,-1.7787120337549074,1.5848086113304385,2.919664662094241,339.0946960449219
2100,85.90970779261107,80.72435986185937,-1.7576388711958975,-1.770269577872148,0.012630706676250547,31.718711853027344
2101,75.16308933999534,96.87681749026439,-2.6904050571098095,2.132324984715611,1.460455265354166,309.1422119140625
2102,60.8139955158594,76.34851901673358,-1.8546062219645312,2.88687261199396,1.5417064732210959,364.2962341308594
2103,93.189682391443,67.18446656234951,1.2560655117338344,0.5618882924682636,0.6941772192655709,339.7354431152344
2104,67.94358663762145,101.87389237462901,2.2006621425782544,-2.543501316263052,1.5390218483382798,280.27386474609375
2105,71.65141055077999,75.27389394221528,1.7427691685051627,1.62752344594883,0.11524572255633281,150.31466674804688
2106,55.278347375349654,65.48405926423757,-2.7286175379221724,-1.2399436505917034,1.488673887330469,413.1432800292969
2107,95.61776961407816,50.331893955591035,2.3772816032394877,-0.516132502012935,2.8934141052524227,245.63226318359375
2108,89.21184234002726,83.52426727221666,-0.0633966378376778,-0.06691114612697913,0.0035145082893013324,12.264192581176758
2109,44.630174833485086,80.61727434748039,0.6368818861032612,2.839637255486994,2.2027553693837327,317.8233337402344
2110,59.77545787333047,93.1598386901608,-2.3399951763180673,-2.5648782862396597,0.22488310992159244,100.35343933105469
2111,44.00678828767401,99.03111671383343,0.08773507002743752,-2.319373047059867,2.4071081170873043,293.1046447753906
2112,91.44018599858444,46.61418448551667,-2.696234975350496,-2.0170739985878523,0.6791609767626436,257.94122314453125
2113,36.24870228074744,44.7152332369212,3.093239719920078,-2.3922231348234435,0.7977224524360651,278.10162353515625
2114,88.47769202251294,86.10167906901532,0.577045219562812,-2.620096145139733,3.086043942477042,285.1725158691406
2115,68.16449954465716,69.7682472891388,-2.1133967806944174,-0.795518371455394,1.3178784092390234,263.51824951171875
2116,43.85790306972304,37.49852960146288,-2.9688429759781783,2.6623503432843263,0.6519919879170823,185.1224822998047
2117,54.38817790679205,47.58763085651422,-0.21785440237472642,-0.9254274944612235,0.7075730920864971,253.34828186035156
2118,78.48952548112605,98.65118610980468,2.6246869813550076,-2.5281998340843477,1.1302984917402308,248.17604064941406
2119,97.0183883175913,70.46760912550623,0.4204889790200461,1.5614080137595057,1.1409190347394595,390.50787353515625
2120,62.956531039351134,71.19520934390701,3.1371220049374395,-2.450782481631723,0.6952808206104238,225.34825134277344
2121,40.915984924481,80.70355868220477,2.9880081741209654,-2.41049202009585,0.8846851129627711,325.57696533203125
2122,63.860188120398874,98.28846138711712,2.171427819622008,0.1424741813222581,2.02895363829975,275.7591552734375
2123,62.61372253935042,98.2571470306637,-1.124918298568946,1.0309324761293226,2.1558507746982687,301.5486755371094
2124,53.64770482820484,89.65209942389625,-1.5376685762433493,-1.3090632429259275,0.22860533331742186,382.9761047363281
2125,91.12142553213893,63.3087044566137,-0.9938089804499999,1.9594011697599818,2.9532101502099817,294.670654296875
2126,40.098162751154945,45.30890146944209,-2.5067640070510313,-2.9945921217702582,0.48782811471922694,239.44110107421875
2127,59.933073982075,100.34684780951991,0.7690871100876722,-1.584430822746248,2.3535179328339204,424.9098815917969
2128,57.31113143028472,79.62506549527686,-0.7424030874919856,-0.11656677976407126,0.6258363077279143,295.6334228515625
2129,47.466352130568566,67.2255567950844,-1.4350243694662923,2.9173062827258196,1.9308546549874743,383.6636047363281
2130,39.34233978317628,43.05476091865395,2.991516767525005,-0.17997339261498402,3.1116951470395975,385.2568664550781
2131,52.06347328522155,70.83709488372915,1.8011885879290297,-1.1648306299477142,2.966019217876744,301.48779296875
2132,75.51642195987853,98.24848258918338,-1.979013671542222,0.7881810988794387,2.7671947704216606,293.5113525390625
2133,50.57710994808896,46.655015682653676,-2.5980098609221183,0.9532819360336795,2.731893510223789,293.97882080078125
2134,75.36104548054809,36.370512054414604,0.5245283259870583,-0.03225363151675564,0.556781957503814,181.87075805664062
2135,86.68475950103974,56.73346455470041,0.24312272510716504,2.914674293823176,2.671551568716011,193.77023315429688
2136,82.574185227566,63.609981681382386,-2.2079506282711963,-0.26659918139278416,1.941351446878412,377.3638000488281
2137,61.172532898069875,97.16442098046141,-1.3122170550303727,0.20502633126569503,1.5172433862960677,361.9015197753906
2138,86.74432797826576,93.1185198803166,1.8288836142046785,2.093578815119475,0.2646952009147965,140.9104461669922
2139,38.88017101342063,37.92044118935645,-0.282893729128054,2.8658583057510505,3.134433272300482,362.1446228027344
2140,82.03301274944529,53.7450179594742,2.1757616895251832,2.508983515950133,0.33322182642494974,152.30564880371094
2141,95.10324628188073,64.2445493706694,-0.9140242513336632,-1.7921002490958664,0.8780759977622032,303.0777282714844
2142,83.86708378465889,47.86325820361189,-1.6914036049369505,0.8533467553575305,2.544750360294481,349.12005615234375
2143,85.64217474600166,50.85908484630829,-0.03542894535917007,-2.5137734041645294,2.4783444588053594,313.8682556152344
2144,45.900002081065495,62.05499955206848,-0.14307565675285616,-0.336647306123639,0.19357164937078286,221.5884246826172
2145,66.84334706117447,85.22876366465903,1.6703731870537046,-1.1784965126669986,2.8488696997207033,364.95660400390625
2146,82.2910753277068,89.26412224025876,0.44815058428530774,-0.4795007212516871,0.9276513055369948,261.94085693359375
2147,94.5038387006884,64.65962303070998,2.305393871667757,-2.8155159476588243,1.1622754878530055,296.93414306640625
2148,57.87978837981706,86.71676828037934,-2.5709804023307927,1.9806582795914505,1.7315466252573428,300.0162353515625
2149,54.711992701390784,50.048024603663976,-1.813504857952245,1.2655751452529813,3.0790800032052266,374.92291259765625
2150,76.52548118776468,61.34582687557379,0.5492227021938763,1.3195969659374045,0.7703742637435282,271.8047790527344
2151,61.13644872319977,71.66692357763327,-1.7921971084057509,0.926901166843769,2.71909827524952,309.8535461425781
2152,85.75899668206873,64.39477258372715,-1.7083678674599585,-2.1167799875604563,0.40841212010049777,302.0215148925781
2153,85.31292804687698,81.16728341053437,-0.9839383123937155,0.7324413467072768,1.7163796591009923,282.9248962402344
2154,80.71763712336708,52.80537536438635,2.518208489352978,1.7357080151632989,0.7825004741896793,283.9328918457031
2155,77.00672505280124,43.29074391051289,-0.42470303752644156,2.0954670809219342,2.520170118448376,291.1382751464844
2156,48.34865696027344,92.6394977242143,-2.593535569546197,0.9287949348485816,2.7608548027848077,292.10992431640625
2157,38.68421120537252,46.25348367212244,1.8216765639533907,2.89417459172092,1.0724980277675291,260.2040710449219
2158,39.04999183969272,72.82550373865587,0.8782886246829564,-1.8460607473471293,2.724349372030086,329.7071228027344
2159,88.26628566065267,80.78299023814071,-1.7873535545556063,0.4366019354872126,2.223955490042819,394.59002685546875
2160,42.13606406494824,54.00565494228829,2.8113148945608026,-0.7914420832425342,2.68042832937625,404.0682067871094
2161,45.32131617870331,79.25767164049068,-0.9870225107309114,-0.6838583550024557,0.3031641557284557,155.5605010986328
2162,75.83726799659414,76.81990086860857,-2.4486994997399654,-2.295508155922259,0.15319134381770638,107.37586212158203
2163,79.74891339508545,78.8653971159817,-0.4397812480193224,-2.799815438432436,2.3600341904131135,322.9587707519531
2164,100.60588022411343,44.71021485986164,-0.5105518754710303,-1.368253270180655,0.8577013947096246,357.09161376953125
2165,38.964578001243964,75.03797467866255,-0.7900411770301257,0.44965041212198376,1.2396915891521094,290.7133483886719
2166,87.15799655436379,91.1120899646741,-1.9849005988433315,1.6351455715602805,2.6631391367759747,367.3829040527344
2167,54.74954933021351,83.10744000997786,2.5431655625409526,-0.26601757015176863,2.8091831326927212,270.7674560546875
2168,90.91521163210473,97.01512059672297,2.150112345391584,2.6327056500535386,0.4825933046619549,174.95516967773438
2169,82.03156127957794,49.95519721527035,-2.5595171262237666,-2.4059402616068972,0.15357686461686937,90.83016204833984
2170,74.15634221621536,53.48989140791893,2.9690295117304375,-0.8225554588211312,2.491600336628018,299.95489501953125
2171,38.47628050840219,72.4884895024271,-2.491145824247828,-1.6813641359378062,0.809781688310022,381.83599853515625
2172,72.98930696511641,71.46626809719587,0.24910692337640672,2.2997091579222264,2.0506022345458197,291.09649658203125
2173,41.7560531825262,80.19071313798884,2.1515823555048152,1.5345768860463576,0.6170054694584577,309.76385498046875
2174,55.64193450709766,45.9884905922886,0.3307385974460928,2.95364896033598,2.622910362889887,257.8658447265625
2175,80.00486453287996,80.00612000422123,1.6305095337394784,-2.765677021387089,1.8869987520530194,438.7969055175781
2176,96.59514163730665,77.36910767933543,-2.11623174372706,-1.2417737355993532,0.8744580081277067,388.89990234375
2177,42.23300703383538,100.59060700768012,-1.4932213128608935,-0.9133496469061217,0.5798716659547718,295.2746887207031
2178,61.21481505665912,64.7286391859548,-1.3772792026388996,2.744444243313752,2.1614618612269347,362.5301818847656
2179,96.79751991480222,76.27927270595191,0.5324591030822337,-3.0418587436123885,2.7088674604849645,249.58529663085938
2180,83.99254348711689,99.07606645003355,0.5313772864765438,0.17676597304032837,0.35461131343621544,159.21090698242188
2181,86.89903363571582,88.41864777234956,-0.1677806458725155,1.231788914915148,1.3995695607876635,305.56280517578125
2182,71.85853762335081,78.69928075306728,2.9800798152588515,-1.3638611426768465,1.9392443492438887,345.2496337890625
2183,39.59445944502054,77.88919733401623,0.9916610303243889,1.1322704517928486,0.14060942146845967,146.93894958496094
2184,69.79261667937362,82.96415942105489,1.2734091089762662,3.064936432272529,1.791527323296263,300.418212890625
2185,59.30181335150074,41.6191041377802,2.8430285819512884,3.020248184103697,0.17721960215240884,159.31939697265625
2186,35.823448608071814,54.352020280623705,-2.734168576059464,-1.1092267949348602,1.6249417811246039,464.7108459472656
2187,68.77212752450703,93.0270931909252,-0.880180271475409,1.8467330045311838,2.726913276006593,324.1317443847656
2188,92.39103241381214,86.28752703746173,1.746430768448735,1.0324544666421822,0.7139763018065528,219.92686462402344
2189,99.70422286470166,66.60544099887667,-2.982986542099179,3.1283316736171694,0.1718670914632379,101.11935424804688
2190,63.53381366064397,94.45890956035504,3.032292416230944,-3.0281755326630617,0.2227173582855804,84.98263549804688
2191,74.40936820778879,41.39215054065425,1.5137629535394108,-2.2918747793390732,2.4775475743011026,422.7613525390625
2192,80.50918299240182,78.7354368168136,0.10699480166749131,1.0838604114583905,0.9768656097908992,274.97998046875
2193,81.62508435204919,79.7935722879411,1.7169370809431141,0.43819579986905266,1.2787412810740615,334.6378479003906
2194,99.36642741356782,85.96585976544809,-3.070039002138131,-2.03693190148621,1.0331071006519208,304.4036865234375
2195,82.45090046492712,83.65593533534442,1.1252626057284827,-2.4358939679558294,2.7220287334952746,251.5201873779297
2196,78.05712276517343,36.30744298885008,0.06705301368887495,2.2528355541762526,2.1857825404873776,357.909423828125
2197,100.53191269663463,36.18961577609264,-2.1793497494136926,-0.20122548417799946,1.9781242652356932,285.51214599609375
2198,93.8735770356973,57.95127829434321,-1.3083057609281612,0.6482653167171732,1.9565710776453344,357.6183776855469
2199,42.44161487594809,100.84265661233458,-0.6055939894792908,0.5937595110605018,1.1993535005397926,255.9464569091797
2200,56.96664425784162,91.08070679408601,-0.435667658075511,3.096810877997621,2.750706771106455,250.9639129638672
2201,39.540625370586426,71.38168545465975,0.9822978947723806,-0.5713785248032996,1.5536764195756803,242.88143920898438
2202,43.45656195289008,47.95387541752845,2.248268272538655,3.1314863902884182,0.8832181177497631,286.3814697265625
2203,52.45259412711591,57.9214625162666,-2.9267573429590716,-2.1495355479379517,0.77722179502112,247.30540466308594
2204,40.86438053641141,45.14106575078469,2.5232207347864675,-0.6136134132392796,3.136834148025747,297.8006896972656
2205,52.47943298257283,84.41166425800549,-1.2739891361245714,0.21112858350667674,1.4851177196312482,348.56414794921875
2206,37.224785017580736,47.76134233932118,-1.1417975337462258,2.8020337999086653,2.3393539735246955,408.9134216308594
2207,40.69777085810894,91.96944584808688,1.4232236460712642,0.8429907499804044,0.5802328960908598,298.7470397949219
2208,46.31902593329801,51.66182675833352,-0.7953419344041017,-2.416756011969542,1.6214140775654404,310.2638854980469
2209,36.698594192941385,43.36735344956143,-0.6086125055704508,3.0742941473046788,2.600278654304457,423.230224609375
2210,53.20829675918801,74.17993633200966,-2.626417420885509,-1.9109613565804042,0.7154560643051049,354.5936279296875
2211,65.37229632761978,88.58153866139486,1.6459068265847305,1.5227093317921616,0.12319749479256892,84.2993392944336
2212,53.20215880886309,98.35949243078787,1.4488186431982397,1.1737565762255633,0.27506206697267643,277.8487548828125
2213,71.8217140255075,60.28780100630678,-1.4891558530192477,1.1892787732676284,2.678434626286876,411.3888854980469
2214,53.75960645643519,51.69080931532275,-0.19655207579401246,-1.8191852975522818,1.6226332217582693,334.6477966308594
2215,90.95883063969086,64.60360227152705,0.18077629413292584,2.8864137320766945,2.7056374379437687,213.80625915527344
2216,68.49692092924641,68.35337241459767,1.5183743769171274,1.4394446164295003,0.07892976048762713,118.71044921875
2217,71.90822210960567,51.48830054655784,-1.6070447423457643,1.1719022703168758,2.7789470126626403,419.0736083984375
2218,63.20668444833602,68.23536641134642,-1.5263894171356351,0.805433741360198,2.3318231584958333,459.15997314453125
2219,79.40371458186823,51.67402290878411,0.8613249093800501,-0.6003793425559398,1.46170425193599,249.39999389648438
2220,75.43799154862518,68.76238469646933,-0.5645498555136368,-1.4420299418709286,0.8774800863572918,396.3624572753906
2221,98.12524747645644,77.47942294765565,1.3774734471910337,2.522299239294937,1.1448257921039033,281.8769226074219
2222,71.58784282589158,44.43010064266209,-1.444939691242575,-2.442412255320508,0.9974725640779329,335.9920959472656
2223,91.32378468252917,42.11728956385615,-0.7777117635539317,-1.5800624520499813,0.8023506884960496,404.8423156738281
2224,44.27777506133636,92.64035796081704,2.99606453633955,1.353863988511879,1.642200547827671,364.7137451171875
2225,43.637392774355085,57.43450549274742,0.8551651270084228,0.8360049544517727,0.019160172556650146,90.0062484741211
2226,83.97253155644087,93.50255336634487,0.29226139658301653,-1.0499124488676563,1.3421738454506729,338.3197021484375
2227,57.86666818836049,45.14387799658853,-2.6532693921640065,0.20822297544272228,2.8614923676067288,265.3689880371094
2228,89.8067000257517,55.10195625172977,0.7197348487106137,-1.4697056267814368,2.1894404754920505,424.521728515625
2229,41.483187409413816,92.8265901595062,0.08269445415727228,-2.1148663019239597,2.197560756081232,302.2640075683594
2230,66.38186046675716,74.14528012436156,3.008220925094667,-2.3329539290190944,0.9420104530658249,247.30795288085938
2231,48.534236869675816,96.77548666012832,0.255090939234039,3.0857232541514934,2.8306323149174544,256.3158874511719
2232,79.29474659339152,79.1185019515116,2.385472879453567,-0.834305986645802,3.0634064410802178,279.6552734375
2233,66.16419388990933,52.88285989624562,-1.8965302013621137,0.22198826739478017,2.1185184687568936,386.0528564453125
2234,79.62591844029194,72.63555998387955,-0.9277738469232681,2.1431558287994363,3.0709296757227045,261.0299072265625
2235,45.073243814451544,42.55112474924772,0.7474580267979394,-2.695480693139971,2.8402465872416762,317.5996398925781
2236,99.84072602304137,96.62540002161876,-0.8657559658913727,2.1821150026491143,3.047870968540487,256.4117126464844
2237,40.38309948268613,40.13263938650199,0.30904479563793164,0.3408853674338408,0.031840571795909156,189.75115966796875
2238,62.20350778518726,87.53801865058767,-2.4572441646922263,2.573183239754359,1.2527579027330014,259.67742919921875
2239,36.962064533433704,88.68599695721608,0.35680318117378507,0.7995869973436545,0.4427838161698694,238.33294677734375
2240,42.29913957442389,50.43651979292393,1.4741898698180558,0.9028021318537984,0.5713877379642573,248.91856384277344
2241,89.43466239812838,70.29887892749096,-1.8372320945850413,-2.518848566090415,0.6816164715053739,317.5736083984375
2242,71.39695495352773,56.55393302247506,0.8752237534746561,-1.1611122603331332,2.036336013807789,345.3970031738281
2243,65.31778159874439,77.13632158945353,-1.953881978431716,0.11703586505430152,2.0709178434860176,335.7713928222656
2244,37.370218723301484,48.072675710621525,-0.5738922502560055,0.9425346497416331,1.5164268999976387,292.42669677734375
2245,72.3447166474875,46.67256849118712,2.1238209557455203,1.8772534069959388,0.24656754874958153,203.8266143798828
2246,58.41215508466142,43.235713274452664,-1.410232524517753,2.03485287466928,2.8380999079925537,335.1612243652344
2247,89.00141186819639,99.57927746837258,-2.218783273118679,-1.746159517102334,0.47262375601634493,276.5006408691406
2248,66.52542802316441,46.94642503195364,-0.012276620257420046,1.773555296969259,1.785831917226679,312.3563537597656
2249,52.03441152736916,39.938279452598195,-0.8706974383898665,-1.9453047618108523,1.0746073234209859,288.1334533691406
2250,95.40213768458277,62.412261968382666,-0.14135930411187436,0.0025627515945747525,0.1439220557064491,97.39703369140625
2251,54.09857666412073,99.46952820665845,1.0950920327888216,1.9759030056097604,0.8808109728209388,215.63381958007812
2252,52.19283353357602,60.511528483556134,-0.357335946889076,-0.04498208549514793,0.31235386139392807,217.75193786621094
2253,62.25893679478879,45.46808057614664,-1.6346991621179705,-1.9107987306957284,0.2760995685777579,341.0537109375
2254,68.05705645627808,92.13517624616935,2.386323967376396,-2.6686149956423533,1.2282463441608373,278.4319152832031
2255,74.60815860026256,90.71033037501552,-1.0905771081516469,-0.15533677459960904,0.9352403335520378,292.3218994140625
2256,94.43949733212091,96.39969624617723,0.1497451409880557,-1.785251718759758,1.9349968597478138,347.31005859375
2257,90.80325762399816,83.6765703106295,1.9114121329012734,0.2387905700348969,1.6726215628663765,320.5447082519531
2258,101.94134883541983,36.998100200664744,-0.5511432257937776,2.4368377094667126,2.9879809352604902,304.5777893066406
2259,60.823874283288006,64.62882831593157,-0.1076866815330435,1.8360032959586077,1.9436899774916512,279.4968566894531
2260,98.83996842150171,88.13564949994205,-0.608529609448683,-0.8754213314735981,0.2668917220249152,151.50216674804688
2261,93.08436339016905,42.80883575978191,2.5902034208155067,2.7239284428265336,0.1337250220110269,96.7687759399414
2262,71.76673590272324,76.86426367620366,-3.1370984338613415,3.0757763415663524,0.07031053175189263,70.13993072509766
2263,83.75426333877311,70.30019006987048,-3.060136390742513,-2.1622570574569417,0.8978793332855712,249.32278442382812
2264,55.24257594481204,71.00080632017449,2.616893706963885,-0.17091718377240062,2.7878108907362855,247.61566162109375
2265,42.411329646314876,45.28282903892859,0.8566770595982072,-2.1945277475665765,3.0512048071647837,222.41836547851562
2266,43.22833698596271,44.59494065446793,1.5589384564480415,0.125808734541474,1.4331297219065675,360.7441711425781
2267,99.5588457189309,98.8887771056144,0.5427424192672285,2.0474003957810556,1.504657976513827,318.75286865234375
2268,70.48939928201557,87.5338322537979,-0.06464265130542968,2.3725282533278014,2.437170904633231,255.4273223876953
2269,64.58398568778932,53.78719842559944,1.322860958893421,2.38209395530298,1.059232996409559,214.96804809570312
2270,81.716602045447,49.58541344400098,-0.8185130711797317,-1.8511273417306024,1.0326142705508707,331.9907531738281
2271,54.244441363450136,82.08766239770463,-1.3764129101345133,-2.4977596910914945,1.1213467809569813,348.06439208984375
2272,44.977039685084094,90.73459108050105,-1.9538537845205157,2.6866155682941093,1.6427159543649614,345.63165283203125
2273,62.44846996522732,56.392338568366924,2.240919795238071,1.0297989400101155,1.2111208552279553,190.7154083251953
2274,57.90148737972885,70.85011222363754,0.5434417664540434,-1.42345506009333,1.9668968265473734,366.41644287109375
2275,78.09842497037685,54.02805905816609,2.4248325057731908,-2.9905296900940956,0.8678231113122996,212.9293975830078
2276,79.15026761051112,40.77019297113538,-0.006413419732641312,-2.0971516387626328,2.0907382190299915,303.9032287597656
2277,58.66329390351966,51.623260134080994,-3.056511151215269,-0.2637592170764287,2.7927519341388405,306.614013671875
2278,82.89253386587316,37.90862807430803,-2.377872368465335,2.981917864329562,0.9233950743846899,242.96470642089844
2279,60.5455672219555,100.15302365754974,0.7963395667779114,2.5059070005384116,1.7095674337605002,252.29010009765625
2280,63.87976792308439,59.30745016890563,0.951743681228046,1.8109503183260385,0.8592066370979925,254.174072265625
2281,35.61262857498682,75.23751071840289,-1.4528958324911783,1.1948433522342246,2.6477391847254026,394.56982421875
2282,89.66880580694608,35.75088997527809,2.9597551000806073,-1.0663536308903199,2.2570765762086595,336.4967346191406
2283,59.91669201684478,94.40990281088061,-2.798223531006774,1.4738928609175987,2.011068915255214,370.46246337890625
2284,56.42340561461809,95.98413290746913,-0.20634991447390272,3.0385098520683806,3.0383255406373033,238.9229736328125
2285,84.32948530836507,36.90078257331291,-1.9107539050643665,1.5125997130321593,2.859831689083061,465.5292663574219
2286,64.24255596456152,61.04137676112697,1.62816830138566,2.6677342482642894,1.0395659468786294,380.1110534667969
2287,93.39796968071646,84.162453426131,0.7646250138692694,0.7097772244506033,0.05484778941866608,62.838531494140625
2288,38.266178063596556,69.52256863970176,-2.456103533021327,2.2348388588129566,1.5922429153453026,287.7604675292969
2289,36.92380592871285,66.33124126412854,2.999720204951549,-0.771502335907726,2.5119627663203112,383.56036376953125
2290,71.11855790433177,50.86839282576902,-0.7849284062451809,2.0512990538153835,2.8362274600605644,264.55145263671875
2291,41.41301580568749,60.69605001838897,2.114731488262981,1.5091895778860769,0.6055419103769042,299.0997619628906
2292,100.33890506119064,75.41002903402328,2.104378418753189,-1.4018237828461004,2.7769831055802974,328.5634460449219
2293,100.27849179909342,37.24945870938237,0.5416148608321745,1.720638487132752,1.1790236263005776,394.91583251953125
2294,62.85111026167024,85.28870062234051,-2.1248258488533773,-0.25269740831611154,1.8721284405372658,289.36614990234375
2295,51.507484932344596,85.34965380641371,-3.041227848593678,1.3163491766846924,1.925608281901216,272.6979064941406
2296,61.488357023545944,77.00311870259672,2.780220498016474,2.0353276030457366,0.7448928949707376,275.2578430175781
2297,40.0281782406086,70.2339555198102,1.1511235764711518,-0.39113212018123145,1.5422556966523833,291.3363342285156
2298,49.43103933085696,75.64105804335534,0.8790381622336234,2.6689437761853245,1.7899056139517011,310.82415771484375
2299,100.71404810347272,97.429312829363,1.5678018476080045,-2.436809595436535,2.2785738641350473,417.3561096191406
2300,75.19653165558213,60.40657251181258,-2.6698943083261604,-1.1317380136458164,1.538156294680344,326.9241027832031
2301,94.05920997459546,76.60133080588793,-0.015998559815193047,-0.6077291061231875,0.5917305463079945,220.0887451171875
2302,94.38986935722096,69.09766935706133,1.38724836083607,-1.5651897164029462,2.952438077239016,368.6284484863281
2303,35.40968483207403,57.8049666518163,-2.820762826078926,-0.28732038536261806,2.533442440716308,358.27508544921875
2304,73.6410888213006,87.67355598233439,0.852974156284477,2.525383632823072,1.6724094765385948,256.214599609375
2305,70.01436748123137,84.50995025269009,-2.6432495256724113,0.27751176990094084,2.920761295573352,285.3146667480469
2306,53.32493711699128,83.69557848267524,-2.7778421653609797,2.20594334917142,1.2993997926471865,296.4910583496094
2307,75.2973223650928,98.400387392011,1.3012349850110025,-2.7748807516824447,2.2070695704861394,290.44195556640625
2308,92.69340117895588,92.51844992801118,-1.3369321035229966,2.4714079131363196,2.4748452905202707,350.043212890625
2309,101.57436293555661,63.59590920434097,-1.6924151292514156,2.498663024400517,2.0921071535276545,395.0253601074219
2310,98.91477493993156,69.68129585522448,2.303376657682797,0.9059488985301511,1.397427759152646,194.25723266601562
2311,99.98224645209831,73.4806025445614,-2.040756595723673,-2.6341917380754665,0.5934351423517934,241.33486938476562
2312,39.5393238794895,56.37976289100027,-0.14858894567556868,-0.9227666114451942,0.7741776657696255,266.58978271484375
2313,95.71229506607702,86.98163104963855,2.5399407158031426,1.161174352974296,1.3787663628288467,242.842041015625
2314,99.29904262728643,78.6896503540333,0.4433224082439233,-1.7294806902454738,2.172803098489397,382.0682678222656
2315,65.05505348217444,76.43604715831478,-1.0792834810487637,0.21103662146466506,1.2903201025134288,330.7291259765625
2316,39.06374648288583,44.15232592065885,2.8949587663674956,-0.17989740674087606,3.0748561731083717,417.8009338378906
2317,79.5869749134461,38.15568188652366,-2.49582563700767,-1.0495852186919898,1.4462404183156803,284.87188720703125
2318,74.6851659973735,88.59747583196503,3.0171903380484517,-2.6752875051953504,0.5907074639357843,240.22012329101562
2319,63.041727189627494,37.69569127019223,0.926781274227908,-2.3373258539471453,3.0190781790045333,369.2908020019531
2320,49.73109894759783,100.257438678124,-1.2122545390601058,-1.0364742255531616,0.17578031350694423,221.48928833007812
2321,86.7543264153415,90.23525781244233,-0.6663837755551425,-0.8438614997348086,0.17747772417966612,128.51657104492188
2322,80.69514893963547,100.70760675149403,1.224095033832393,-1.2556063672166937,2.4797014010490868,317.1642150878906
2323,70.90270939238837,88.38128907026066,1.768645373571971,-2.2665685063964562,2.247971427211159,333.9515686035156
2324,62.77019908530573,79.17359281405137,-0.5325453100132203,0.23170457324264904,0.7642498832558694,246.21543884277344
2325,43.91820810495209,52.023289681044545,1.952955996312708,-0.3153133671054138,2.268269363418122,294.74395751953125
2326,48.55366778268401,87.71041606719952,1.8223438629713602,0.4465190558357537,1.3758248071356065,277.6910400390625
2327,44.24369149847062,50.57231723685528,0.9988708804788002,-0.44364323697983865,1.442514117458639,248.79788208007812
2328,90.88923113146824,80.65619479687261,-0.7886241549987418,0.8729969002009437,1.6616210551996855,296.9781188964844
2329,64.38407261563282,56.69699893580011,1.8930679076739398,-3.0044881862345516,1.385629213271095,358.52862548828125
2330,86.50017321193431,43.124469028888804,-2.172726743802288,-0.4441003474282734,1.7286263963740147,290.4803466796875
2331,50.05682507155626,51.815739447684365,1.2644147381982558,0.131432288558464,1.1329824496397918,306.32147216796875
2332,93.46728300693808,70.85630148959635,-1.1684369588375805,-1.5304705750484455,0.36203361621086505,355.2611999511719
2333,95.34271955167259,91.44229361379682,-0.8984428081008913,0.48175065552990937,1.3801934636308006,283.6811218261719
2334,49.16996612217932,75.79727905626993,-1.6040584262494746,-1.005173464092119,0.5988849621573555,336.6270446777344
2335,97.77279680937733,90.72529832071979,-2.9965172618868134,-1.976852706793174,1.0196645550936394,310.3394775390625
2336,73.59643063301678,65.61357024923095,-2.1156851795100833,-1.9892140402209886,0.1264711392890947,136.10806274414062
2337,90.14640745976608,57.756349287426566,-2.773555598342439,-0.09175848444265222,2.681797113899787,294.688232421875
2338,51.19537204552924,46.72795219449284,-1.332836019008965,2.637498909759576,2.3128503784110457,356.45574951171875
2339,72.44860227980891,85.29967079787448,-0.9685887374189797,-2.374986346027947,1.4063976086089673,268.9018249511719
2340,38.71998779709135,38.35110326710254,1.9736600205290635,2.0856414378994135,0.11198141737034994,103.96578979492188
2341,49.0892688872606,76.14116798542443,1.7029353052349085,-2.5110580854412725,2.069191916503405,361.4549865722656
2342,80.79030799306804,47.80578484967677,2.203320609750489,-2.61344593496983,1.4664187624592675,284.7991638183594
2343,49.40431687302994,40.74682515746483,-1.3655215268456673,-0.34757313320303274,1.0179483936426346,367.194091796875
2344,76.23810585271255,79.0161728814544,2.6567173493631797,0.13103186265045208,2.5256854867127276,245.46864318847656
2345,62.0083964423423,79.06948600992756,-2.609954696598046,1.8057584763619454,1.867472134219595,310.4363098144531
2346,88.76697482127273,44.99667712070062,-0.3846920206222655,-1.606085877765528,1.2213938571432625,470.9969177246094
2347,97.09564042141827,77.69186095438818,-1.5390330496025038,2.9129459900536068,1.8312062675234755,440.99676513671875
2348,81.84590038137023,90.46728840851529,-2.633355781411072,0.5067118801765296,3.1400676615876018,290.3873596191406
2349,95.04189540480401,79.27363120444994,2.9251794405854428,-2.579195371190327,0.7788104954038169,230.28121948242188
2350,70.04003521984465,38.97312470441338,-2.324788339837666,1.5634769755616817,2.394919991780239,424.1169738769531
2351,41.6794561126996,42.450542183125236,2.712494054791443,0.11856436332406473,2.593929691467378,252.90701293945312
2352,60.72347145390636,47.05320491111403,-1.3720398549907984,-0.32982992083357576,1.0422099341572226,353.9775695800781
2353,58.559060512110804,76.95982814642954,-2.6480743901137944,0.8112259566563655,2.8238849604094267,279.99639892578125
2354,69.97803840451118,80.42234560280286,-0.3351770930452984,-1.6761253811379484,1.34094828809265,446.3181457519531
2355,54.78226643236434,36.08047671958824,0.6472792281242783,-0.43644862384229866,1.083727851966577,301.815185546875
2356,76.90125227146922,96.75118570585585,-0.1500397330536707,3.1258870958004046,3.0072584783255114,228.65704345703125
2357,59.24895110376091,70.56504355858547,-1.7657769864787594,0.582146784078891,2.3479237705576503,342.3436584472656
2358,85.63815681652497,47.526633644124104,-2.263865284195296,-1.2523498447438997,1.0115154394513965,335.47369384765625
2359,100.45776669205361,37.400491587542824,-1.0705955173508177,-0.03277423974915372,1.037821277601664,308.4719543457031
2360,91.49225183024973,83.0835341782987,-0.051210214723952596,-0.9174449999964716,0.866234785272519,266.1153869628906
2361,86.04990341455752,57.31491615288404,-0.6680481932372953,2.6195408916247276,2.995596222317564,255.5149688720703
2362,99.95743586596566,46.89240098292891,-1.4969281100211536,-2.251395098109783,0.7544669880886294,349.0973205566406
2363,43.8522933719574,45.00587834711356,-1.7370800507232143,-1.2424969583646908,0.4945830923585235,310.66925048828125
2364,48.548919156180034,46.543161162405,1.2286487076071495,2.519379049602783,1.2907303419956335,271.7740173339844
2365,85.19915289430466,79.19736118124521,2.129730008385625,2.3972198862337475,0.2674898778481225,138.5701904296875
2366,38.04676075275529,35.85058330458671,-1.5557840028363763,-1.9884712319251971,0.43268722908882085,376.22021484375
2367,36.840162385320696,68.637046102317,0.6106125681072174,-0.3569709106917949,0.9675834787990122,253.52090454101562
2368,44.54803210722835,77.02902370425753,-1.9588138862533093,2.131253158512707,2.19311826241357,316.4595642089844
2369,85.6148540460039,48.28899339071244,0.8970632839174346,1.8084777625519584,0.9114144786345237,218.40869140625
2370,56.65874416091279,75.23788708436217,-0.21162972007914238,2.511040905297114,2.7226706253762565,283.5347595214844
2371,82.29906176089071,44.04905334717374,-1.809276353703823,-1.8919113085904407,0.08263495488661765,302.55010986328125
2372,53.24796246613158,39.60067847162037,-0.19781361935291297,-2.0732877638656713,1.8754741445127583,337.1020812988281
2373,59.33428720684837,86.21450442436544,1.6423333041082078,2.044888944423363,0.4025556403151551,283.6463317871094
2374,46.37649350646461,48.43263803020259,2.378962462849585,2.7245534151086748,0.3455909522590898,269.3486022949219
2375,73.08871778032946,80.60305755828075,1.5666876426522922,2.611362930856001,1.0446752882037087,371.0184020996094
2376,46.624936595565444,72.8708811710838,-2.9400588570141752,-1.0692724319375846,1.8707864250765907,322.8119201660156
2377,52.228367415923614,74.08295938600585,-0.4896675584124277,-2.9738127939943477,2.48414523558192,277.74481201171875
2378,48.3107658009701,67.33544530820453,-0.12722259213509268,-1.9591804333632221,1.8319578412281294,341.25634765625
2379,65.02744170788084,83.44951929131241,2.778105068657335,0.1761857839761216,2.6019192846812134,245.8354949951172
2380,35.6952794290279,66.56652534251053,-2.654087667236155,-2.3763486440702577,0.27773902316589716,188.41122436523438
2381,48.04032164468698,93.39397269800237,2.1135024139757785,-3.125930150998672,1.0437527422051363,267.27294921875
2382,88.90485644715065,43.8689307926424,-0.3767195639975842,-2.046752723541167,1.670033159543583,321.302734375
2383,92.07297683178295,40.46784458635257,-2.645680057515367,0.05686311341499861,2.702543170930366,301.3829040527344
2384,35.90594085266148,92.50838094053718,0.5000147551706231,2.2361967750088807,1.7361820198382576,272.2410888671875
2385,101.00411404529726,77.08744230367554,-0.738705151384186,0.7771268355440455,1.5158319869282315,292.91363525390625
2386,90.64970082612837,35.229948444422284,1.799471337635297,2.005240232101025,0.2057688944657281,138.86016845703125
2387,71.37369427586839,82.85385151567573,-0.8438284207463074,-1.76240748756813,0.9185790668218226,296.82550048828125
2388,62.85544059026769,79.44015633439577,2.763059546964853,2.4004157433310978,0.36264380363375537,178.34458923339844
2389,74.77415524641525,74.11992614581453,-2.3594778460630423,-2.7712580607911743,0.4117802147281319,203.82794189453125
2390,63.49110843961646,80.76905756885688,-1.9228377416182185,0.6780804048229832,2.6009181464412015,340.23333740234375
2391,35.484025812956666,51.63454151284525,1.4233039464980521,2.8005297311568453,1.3772257846587932,338.6681213378906
2392,73.19867710805966,52.14827937679458,1.3472526147594408,2.9415854129735095,1.5943327982140687,314.6254577636719
2393,53.64431822283299,38.27288673059376,0.418487903027839,-2.1646534262315082,2.5831413292593473,312.4821472167969
2394,48.27490606926894,46.640660851102425,0.6959282472711426,0.026320717203068167,0.6696075300680744,213.71624755859375
2395,82.81339473402485,73.94607437365373,2.152889377183498,2.0875277188815096,0.06536165830198826,72.03659057617188
2396,53.40180156189092,62.037058995944236,-1.5350801657607314,-0.38530196296086716,1.1497782027998642,400.67694091796875
2397,67.19962426579389,71.91815352240484,2.7280752155185013,1.8320256273831586,0.8960495881353427,248.34786987304688
2398,46.807677655844564,43.344624587895815,2.5732086348866225,0.30173998427742266,2.2714686506092,292.60308837890625
2399,52.956893627034894,100.48742695355905,1.9098389914941132,-3.094372855919983,1.2789734597654905,338.3351135253906
2400,62.73228738404724,85.73677539684921,-1.636582470575817,-2.8292250992015147,1.1926426286256977,425.28009033203125
2401,38.22414549048854,90.17009276782981,3.108101591168025,1.4118517036995453,1.69624988746848,373.5516662597656
2402,90.58062363827312,41.8216351149682,0.7260242541763411,2.2230710348317473,1.4970467806554062,194.4877166748047
2403,68.90547754565608,76.40977080780206,-1.9438623908999573,1.5783612619905263,2.7609616542891033,457.4967956542969
2404,67.50420663870483,88.86070312188394,0.610413742376128,-3.0128887331982344,2.6598828316052243,268.1705627441406
2405,50.865671607481296,86.61478077567293,-3.0959370244375184,-2.200465916061454,0.8954711083760643,273.2143859863281
2406,87.46639463376027,57.459749280886506,0.34010015243296055,1.8834310797956464,1.5433309273626858,316.4453430175781
2407,97.50385344497965,67.56200492863456,0.8933213659406958,0.7470203041243018,0.14630106181639402,92.08463287353516
2408,86.54789076505932,90.64862479707023,1.2212646073792293,-2.815582641095678,2.2463380587046795,322.49407958984375
2409,52.12198743251915,36.42984421658429,1.8078405095462333,-1.558217922393747,2.9171268752396062,504.4157409667969
2410,38.896037713610646,66.94812850860012,0.1783179477336967,-1.2988827939879901,1.4772007417216868,374.7362060546875
2411,68.7602101824188,66.33914453936526,2.101426800724245,-1.6218505298857149,2.559907976569626,443.7394104003906
2412,81.00493596426213,56.24499142693429,-2.1162724186399404,0.329361145001942,2.4456335636418824,358.3504638671875
2413,51.69835511831269,45.64840849399817,2.613478601446605,2.5323653313186254,0.08111327012797975,77.0150375366211
2414,87.12256469400504,62.26788500487974,0.5842896992780227,-2.7497400987568175,2.9491555091447466,289.1277770996094
2415,77.7425538711029,99.34940415472603,0.2084659337713961,-0.5662725601809075,0.7747384939523037,256.4032287597656
2416,65.37721247639695,84.6652990454038,0.5697157832755266,-1.7362368065767249,2.3059525898522515,381.0466613769531
2417,96.76617233248457,53.99213554442421,-3.114939536310859,2.1356329249570516,1.0326128459116755,241.1109161376953
2418,81.91938482310431,47.956796934640714,2.6639419558538115,-0.0722373033222028,2.7361792591760143,238.98443603515625
2419,38.69135216631438,61.82933612750018,-1.8109614377219596,0.10978790611242006,1.9207493438343797,356.4540710449219
2420,59.86473967820373,39.76448149729463,-0.13304243583441178,-0.6187150868527151,0.48567265101830337,204.6835174560547
2421,46.3525016781266,85.09544622427637,-1.2292018618872704,2.1382857747228172,2.915697670569499,352.3007507324219
2422,53.84623844533958,58.9161294955289,2.059796669090197,-0.05040853588949279,2.1102052049796898,276.08074951171875
2423,42.841457958685105,53.189264211196594,-2.7519690675951987,0.028688899619802477,2.780657967215001,348.49798583984375
2424,81.59281794636732,92.07846642040593,-2.299777417779094,-2.6071364907610413,0.3073590729819471,135.60194396972656
2425,82.590491225961,70.64700315371165,-2.0807594388852744,-1.2115119841107218,0.8692474547745526,297.8144226074219
2426,43.403330918406844,75.4862590830943,1.137624867506596,-2.5255033880206703,2.62005705165232,283.0745849609375
2427,53.2824731991173,59.467128584946074,-0.23551512663323093,-0.5010462508552251,0.2655311242219942,174.620361328125
2428,64.46124603156011,40.55226029687057,2.3109973732657565,-1.7580136269587345,2.2141743069550954,345.3045654296875
2429,92.784534132083,74.15420286833981,-1.9566537800831847,-0.3310231901237506,1.625630589959434,329.4906311035156
2430,66.62009958276899,66.76055913867891,-2.3701986531854815,-3.05897089879646,0.6887722456109784,224.33193969726562
2431,82.81956162600085,85.06783134698703,1.833049564085397,-2.8432817557843006,1.6068539873098884,305.24078369140625
2432,55.34676319634184,51.457469494627794,2.943149604890092,2.5055975533833497,0.43755205150674215,189.56549072265625
2433,46.05752368708123,62.10278064800997,1.6743718544402686,1.371557504148556,0.30281435029171266,178.01683044433594
2434,96.24232688961402,35.2164361875985,-1.4971419633408471,2.7766604461483917,2.009382897690348,410.3685302734375
2435,74.93180848288267,45.70297878896263,-1.163166475567661,0.13202450599757043,1.2951909815652314,368.1455383300781
2436,61.76736486257929,42.94414866368615,2.309169552247127,0.9333066088418613,1.3758629434052656,182.34881591796875
2437,58.680703383816024,48.729445579126654,-2.9504712718728507,0.9507861557360391,2.3819278795706964,276.1623840332031
2438,97.5098942026701,36.80959112668474,-0.25090257585851905,-2.328335589413677,2.077433013555158,313.3686828613281
2439,37.10330523327523,66.46264655110701,-3.041489106964947,1.2708433464372924,1.9708528537773466,373.0563659667969
2440,67.88043791155192,52.77713324397635,-1.3040420434860422,-2.0557204763611536,0.7516784328751113,262.8389892578125
2441,64.96821611797698,92.11713505931235,-2.80968857139207,0.6702691076667957,2.803227628120721,319.8299255371094
2442,43.825591901834464,53.33626721297312,0.8814152547796583,0.4302445915839721,0.4511706631956863,181.8480682373047
2443,84.77263636068955,62.40361576038826,-1.8969540066123067,-1.265491063277258,0.6314629433350487,206.37423706054688
2444,43.49498079404144,38.68677764944672,2.65350376114415,-3.016577247078515,0.6131042989569216,171.39389038085938
2445,101.5023450706358,73.84285032865532,2.3862096736092138,-1.8696380916774924,2.0273375418928805,343.89898681640625
2446,71.14561483295674,91.0901668356723,-1.716380386245369,-1.654884040363636,0.06149634588173303,94.31861114501953
2447,73.12685819847991,91.2464964512262,2.4822335391388783,0.9930897777743919,1.4891437613644865,229.5576629638672
2448,44.97554568695023,41.65944815058108,0.28616342420394547,0.744631008463287,0.4584675842593416,231.76268005371094
2449,38.68360671248029,86.18066553721424,1.6591639606354942,1.709493350743644,0.05032939010814985,96.35954284667969
2450,36.55972898277194,53.417024232371276,-2.8155862224976995,-0.13645882763756756,2.679127394860132,412.3785705566406
2451,38.39016608047663,69.41624303612485,2.1626542353373086,-1.4864808628909223,2.6340502089513556,387.8365783691406
2452,65.7035344670256,71.95965682993892,-1.7343524783576807,-0.9768936295787962,0.7574588487788845,267.0528259277344
2453,83.73462680392164,43.94691655005198,-1.836040083480559,-1.623744932199087,0.21229515128147194,334.26983642578125
2454,85.37359113072247,71.36607361343482,0.25058777043282543,-1.4642873721395362,1.7148751425723616,407.8098449707031
2455,39.46003607152763,73.70082616596021,2.530327383206595,1.685962000260699,0.8443653829458961,345.8302001953125
2456,53.406716159726834,79.25985254586215,1.2368201682289213,3.077529863052791,1.84070969482387,361.9723205566406
2457,101.3885998055749,95.1528261224853,1.364858272324235,-1.6767677515905666,3.0416260239148016,389.0747985839844
2458,52.408768913364085,54.58458737028059,2.9833991525853314,1.2016934377958401,1.7817057147894912,298.98974609375
2459,40.047285970401575,71.83120218947187,-1.402773181488496,1.7011786580961985,3.1039518395846946,321.7932434082031
2460,93.32647724984227,67.26653542355565,-2.4749107121734557,3.0059407139238044,0.8023338810823264,217.0626220703125
2461,61.60968552328954,46.505412359663985,0.5184333314956606,0.12671709193972847,0.39171623955593216,146.97152709960938
2462,91.8794493934291,100.72517098312508,-0.28334175408879725,-2.540634098140766,2.2572923440519688,287.3986511230469
2463,38.00122971472452,70.69762403287837,-0.813809207608331,-0.284764098321344,0.529045109286987,242.52891540527344
2464,58.2024636257965,55.53394269537654,-2.7445386675659447,2.3660397851898542,1.172606854423787,268.0826110839844
2465,62.07421493197282,80.08752853550804,-1.3981385106768098,-0.27321608003316644,1.1249224306436434,356.10260009765625
2466,52.78260068859862,43.062697703305815,3.090068923232284,1.6722640064263805,1.4178049168059035,341.9551696777344
2467,68.00410954875272,96.50645892369727,-1.1379288073439189,0.8736606781525094,2.0115894854964282,345.1562194824219
2468,89.34678843820322,52.18767287765088,-2.569379349704728,-1.3890310056892672,1.1803483440154607,365.7388916015625
2469,64.24601116874197,100.71131705500133,2.2136412829406096,-2.2323257555205265,1.8372182687184504,279.5671691894531
2470,45.753528297193654,90.75257352523028,0.10964995394882315,-0.34092204644897794,0.4505720003978011,286.5376281738281
2471,100.26184061182003,42.41181850716309,2.009858386962362,-1.1268691090435001,3.136727496005862,351.235595703125
2472,59.01240304258119,98.68509969028712,2.8238718291733074,0.7324715007774723,2.091400328395835,294.55157470703125
2473,86.545012608231,93.87314221829263,-1.6616428991146508,-3.046657007246872,1.3850141081322214,416.26904296875
2474,41.96536987114902,82.9396486775396,-1.5996370531801545,-1.3758486081633297,0.22378844501682482,252.86839294433594
2475,60.494945961873086,43.26457251567089,1.152101795545052,1.4342506232372765,0.2821488276922244,258.8283996582031
2476,43.62820066346923,66.90880029189678,-2.088486844864742,0.8210879234173412,2.909574768282083,333.7331237792969
2477,80.31660491112173,59.28749520499105,1.6966059697953932,-0.537875895873341,2.234481865668734,340.0505065917969
2478,39.387122288141825,72.52101556098401,2.935471484634248,2.216515179478404,0.7189563051558441,284.6687927246094
2479,65.40891470419997,49.21347673077517,-2.1352998345994,-2.6666499527565697,0.5313501181571695,212.95460510253906
2480,72.38171467131633,97.20048365595989,-3.0920099722265757,2.2748901158135926,0.9162852191394182,241.59738159179688
2481,51.9881731347879,75.2700254071417,-0.6021084184649301,-1.0668347141053478,0.4647262956404177,214.78948974609375
2482,70.84626459592383,58.126888135992935,-2.904647440349057,-2.5097271697621784,0.3949202705868786,189.11434936523438
2483,68.56263942840881,36.332921505697215,-1.5500972687200978,-2.7100024741324673,1.1599052054123695,432.9803466796875
2484,78.9578859696634,42.47915364480674,1.2670324115425062,-3.112614846077828,1.9035380495592522,368.530029296875
2485,54.807877300980394,78.7702237594024,-2.748172225504634,0.9038597773326451,2.6311533043423077,337.1097717285156
2486,57.16829525218732,55.917729087809676,-2.0517527357990444,0.3049190618126527,2.356671797611697,304.56695556640625
2487,36.7789618838588,95.27331621025584,-0.7126648045041133,2.9447687760822063,2.625751726593267,373.2994079589844
2488,41.812148431004026,87.97741655434253,1.9745400461892197,-2.960703138811845,1.3479421221785215,306.95428466796875
2489,61.629041743699005,41.443246277027676,0.8185640804889189,-0.5267344493438628,1.3452985298327818,281.3534240722656
2490,95.5329413122642,42.64700625598242,2.393507704903093,0.31817273771586896,2.075334967187224,298.53485107421875
2491,44.78149070918191,36.01761614581854,-1.6710731397235443,-1.4018281542055127,0.26924498551803167,130.20643615722656
2492,57.488360260157215,98.80307025030072,-1.1507928221710328,3.0143316477789197,2.118060837229634,312.27239990234375
2493,58.08067721148322,89.07222489564452,3.0744863685768893,3.111317560580554,0.0368311920036648,51.96932601928711
2494,78.48788322546896,67.71226784493236,2.0501177924546337,2.3721609077204926,0.32204311526585894,143.57177734375
2495,62.02850985374689,67.04796376669609,-2.6567433144735086,-1.6841742293772173,0.9725690850962915,371.6925354003906
2496,57.77183440178905,53.87672544737997,-1.8374638867059283,-2.33412164959192,0.4966577628859916,294.665771484375
2497,39.48317318119267,70.30003875085293,1.5902680282809358,-0.6573281725256677,2.2475962008066035,379.5833740234375
2498,43.59695278960577,86.5136713381535,2.386760930335929,1.7100421432295496,0.6767187871063793,247.40081787109375
2499,84.97513135336732,83.90610500553592,-1.3780069283957035,-1.498301658245141,0.12029472984943745,217.6132049560547
2500,55.51761055397867,43.6144398141701,0.9544201152881984,-2.531136332035041,2.7976288598563475,249.25088500976562
2501,88.19864779499221,77.62908589031852,-1.3186443546266293,-2.8322982107040287,1.5136538560773993,377.42523193359375
2502,45.26595617252637,95.63229303335864,1.2587635641557098,-1.6103617609483023,2.869125325104012,414.2455749511719
2503,36.09559866265731,85.17963508143676,-1.5883753252222113,0.4073963033613692,1.9957716285835805,430.77215576171875
2504,41.334246009418436,59.33757368063474,-0.5409079133034482,-0.16401705897410102,0.3768908543293472,202.9199676513672
2505,96.05162567486752,78.26253295914003,-1.5675422153090381,1.7441358988713231,2.9715071929992254,388.5280456542969
2506,64.94497129106327,81.32713402915581,-2.7541495794339275,-1.9005498343117604,0.8535997451221671,357.45404052734375
2507,72.80205584905585,79.4459060212756,-2.1898488834523615,2.969951162085443,1.123385261641782,271.03350830078125
2508,47.242925417048724,92.37043806740058,-1.2022709305361199,2.3113608166723703,2.7695535599710968,367.1535339355469
2509,57.19840649982294,88.21918907994873,-2.419593836186682,-2.1271087816195986,0.2924850545670834,143.37982177734375
2510,88.66253041097221,70.0755808676864,-2.251883886838603,-1.006692938006104,1.2451909488324988,267.91204833984375
2511,97.50796393446069,89.77757992611464,0.6953447208144179,1.8821270154807337,1.1867822946663158,308.25250244140625
2512,64.81286177576824,72.38370257508241,-3.088468272950126,-2.054804504514006,1.0336637684361198,294.4801330566406
2513,83.80469715961735,95.96166958557629,-0.6450911041537997,-2.456411513360834,1.8113204092070343,245.427978515625
2514,99.23338582392589,35.30519554862487,2.8181602205106273,-1.6374031363091845,1.8276219503597748,512.1949462890625
2515,56.21529097908913,76.16290168622454,2.0034139093785424,0.8744881803346543,1.128925729043888,250.90748596191406
2516,95.47421859929852,99.95691889290325,-3.0299518199756643,0.4335212639505066,2.8197122232534153,277.3138122558594
2517,39.35003401344439,58.809441696430824,1.6935145591495928,0.303975811595417,1.3895387475541758,309.4286193847656
2518,43.43016331944768,44.37541808802023,-0.05109610252812091,-0.2861956020840095,0.2350994995558886,206.65077209472656
2519,38.62718346047277,67.835763156252,-0.9328123499359777,-2.048240143778974,1.1154277938429962,252.92520141601562
2520,96.71907574131451,79.99807179854673,0.15919462194743828,0.2623637973964459,0.10316917544900761,114.69426727294922
2521,91.0372418423623,57.741281648112874,-0.459580918177501,-2.481921816090799,2.022340897913298,267.5161437988281
2522,92.62078542403847,83.00054389904543,-2.1901621200059846,1.1830693714063951,2.909953815767207,293.5857849121094
2523,77.12488595671772,82.46743105682091,-0.2499581868629175,-3.1061986702120583,2.856240483349141,266.875
2524,86.79867415737519,39.133574244967186,-0.2306627309619218,0.1000400416397702,0.330702772601692,175.60617065429688
2525,49.48162722233059,74.61807333821099,1.3131678177255406,2.086507447355621,0.7733396296300805,208.3216094970703
2526,90.12509879208449,41.04696903751092,3.0561542806450905,2.3446660018769023,0.7114882787681882,207.33221435546875
2527,96.77431770706409,40.08229716830063,2.35560060462112,0.7569237765363859,1.5986768280847343,176.86199951171875
2528,87.92916784262235,81.80930518672656,-2.1628255670473977,-2.327972073077164,0.1651465060297661,151.34791564941406
2529,58.16745463227575,80.17084213709862,-1.2895560937034631,-2.009789928721533,0.7202338350180699,219.6922149658203
2530,79.24925939112367,90.78276508990058,-1.9321741392496024,-0.9091503193922024,1.0230238198574,311.8113708496094
2531,43.1898467372808,78.79882954340141,0.7847229112710963,1.3928568085602278,0.6081338972891315,278.3408203125
2532,98.96708519883894,52.73553105044659,-0.08132726275874802,0.923119121512257,1.004446384271005,254.9888458251953
2533,87.97252414625265,44.423600674618925,0.6844747470292365,-2.5291367211076707,3.0695738390426794,278.813232421875
2534,89.93998409274633,101.06014987504699,3.0934304279804232,-0.44074693966472367,2.74900793953444,287.39996337890625
2535,45.96918065750023,35.13376166860652,0.16501119463983693,-2.159159401788796,2.3241705964286328,295.81793212890625
2536,80.32127831265419,59.25217402012944,-2.0767558900280636,-3.0962180439900555,1.019462153961992,286.69580078125
2537,79.86489446671712,64.87643576890726,-0.2802587653906694,0.12671937441501502,0.4069781398056844,195.96688842773438
2538,84.49792019170613,77.34860221909729,-1.0925827728945117,1.5205120869064208,2.6130948598009325,415.2981262207031
2539,71.20635631453597,81.15676431531955,-2.6568226983762617,-1.0258850646146742,1.6309376337615875,296.11346435546875
2540,85.59618251987881,69.34168595259291,-0.7521360675414166,1.6660369437181002,2.418173011259517,356.964111328125
2541,81.216524298724,58.74001283010689,-0.8174355377524138,-2.9707795436487,2.1533440058962863,290.8893127441406
2542,36.95703244399983,92.21595429701212,-1.7666437847285053,0.7224324202250112,2.4890762049535162,398.406982421875
2543,58.38462999952863,92.26543554453261,2.217244338313466,1.375677476538855,0.841566861774611,266.21337890625
2544,36.19652222862634,50.50353492300873,-1.548341144350019,2.0146334112601316,2.7202107515694363,437.8533630371094
2545,79.66226362945787,87.553101490659,-3.0896736001417238,1.6020257148194448,1.5914859922184184,386.78082275390625
2546,95.61778999396304,66.3567059801422,0.3222495217793342,1.3416218162959508,1.0193722945166166,378.8583068847656
2547,86.64683224661268,47.885464086205424,-0.4526276937049869,-0.8640377595358766,0.4114100658308897,248.26077270507812
2548,82.56786396132846,85.42215775767389,1.3782946347558296,2.2476411477843827,0.8693465130285531,225.75717163085938
2549,95.06597206306009,97.2398133866727,-1.147697643410243,-2.8279717628705523,1.6802741194603092,334.1313781738281
2550,41.28255833915486,46.9458844406425,0.6481097676455514,0.07968165163462304,0.5684281160109284,201.38525390625
2551,101.4748313762414,59.30707406167329,2.8903755818704555,-2.421836764560222,0.9709729607489088,276.9244384765625
2552,74.98757741342621,60.713884183207085,-1.7751393107852036,0.15567498453657835,1.930814295321782,350.4317321777344
2553,39.73531933531027,58.02095002836329,-0.8138463348682761,0.7467551061321398,1.5606014410004159,276.2802429199219
2554,86.10634583142973,40.29326009057274,0.3818593853529486,-1.5826242507702313,1.9644836361231799,422.096435546875
2555,98.02010749410186,35.376904522966,1.4900345829296517,0.3223950412986083,1.1676395416310434,507.2194519042969
2556,96.2063193438791,48.592465610319366,0.27408561852862734,-0.9741079599199507,1.248193578448578,290.4130554199219
2557,38.58312606261765,73.5933377838058,-2.4727248622347027,1.8439632785735327,1.966497166371351,324.1236877441406
2558,74.92912697535837,64.21885484117578,2.58625791767206,-1.7332759830853917,1.9636514064221349,370.62200927734375
2559,45.85976850306196,64.22533117498813,-2.106446053232591,0.33152634352808397,2.437972396760675,376.9801330566406
2560,81.4318603311684,92.41928904644611,-1.4182965466707844,1.0219696633382496,2.440266210009034,368.6011657714844
2561,47.033689294736604,101.49910181993914,-0.4249450767807832,0.4466414106918881,0.8715864874726713,260.3959045410156
2562,36.61579692610653,64.3576109469649,-1.5147897954424379,-2.4505692978221427,0.9357795023797049,431.16546630859375
2563,59.57377420255929,56.140753556006395,-1.0433529759331033,0.08808292802423123,1.1314359039573345,312.1011962890625
2564,61.70235128670318,62.61827446536389,-1.6675746188569536,-2.2410900040244437,0.5735153851674901,351.823974609375
2565,54.19620388324684,64.28597732785308,1.0284487664071076,0.8739483940366242,0.15450037237048342,135.2050018310547
2566,52.33035302135098,59.547379097805944,-1.4418706370249046,0.7117936600639623,2.153664297088867,381.4524841308594
2567,90.56757166290546,98.52835499521895,1.9862330386176712,1.1143358845551692,0.871897154062502,215.16026306152344
2568,45.53385318460964,79.65668005066337,3.0036412758017708,1.725969819423943,1.2776714563778278,341.23651123046875
2569,87.30428874930513,71.32352125621509,2.8074320092063534,3.119776294377669,0.3123442851713154,295.1637878417969
2570,99.81405429018002,91.36515912615747,0.8460228810266042,-1.6651243183415416,2.511147199368146,409.5967712402344
2571,48.21529535142687,91.32368794158322,-1.1596255633869306,1.2388821239078531,2.3985076872947837,359.90289306640625
2572,38.81743377999709,96.82911179383984,2.8006168846938433,2.1173471477136694,0.6832697369801739,314.8305358886719
2573,73.12568053183185,81.46843158045857,0.01574985197342249,1.0083104775351392,0.9925606255617169,256.7086486816406
2574,62.617061988595495,99.19069098458355,-1.0431030597818713,-0.43173265974268915,0.6113704000391822,251.16867065429688
2575,74.66595510216901,40.76462936817225,1.5737674872512182,-2.0446829211211752,2.664734898807193,390.8693542480469
2576,80.75595377360042,45.96677637457954,1.1341392497315335,1.0904339461069679,0.043705303624565595,44.73571014404297
2577,63.32646971419424,54.575137984430754,2.6491954564448053,1.2233575845778164,1.4258378718669888,314.8058166503906
2578,68.49810028442201,42.4949678165421,2.063123672762333,-2.5569200061267994,1.663141628290454,313.5941467285156
2579,36.189964316788526,88.94654530613518,-2.796554606876367,1.7347666006661013,1.7518640996371178,388.9539794921875
2580,74.34637313740663,41.96198756870805,-1.63166507670355,2.048463104747027,2.603057125729009,430.89544677734375
2581,59.18019859859543,70.14531914621517,2.676578008888667,-1.891442967751867,1.715164330539053,407.9935302734375
2582,81.88320131558628,76.58435979137693,-1.5640664317381874,2.853466097056341,1.8656527783850587,405.0146484375
2583,75.12181428407415,94.61546507512048,-1.353706488521322,1.0602511710569429,2.413957659578265,386.8305969238281
2584,37.943098081860704,77.856919413703,0.9891131113929106,0.6559020611787894,0.3332110502141212,157.19224548339844
2585,70.0906297557926,50.84208944663366,0.9387864235192867,0.9929453544699491,0.05415893095066249,86.06684875488281
2586,84.38122192414589,87.40117152942406,-2.6402568501499544,-0.3868853056734207,2.2533715444765336,289.4927978515625
2587,52.433191726855625,99.48382974110328,1.7133931165097298,1.1137241757147107,0.599668940795019,254.98104858398438
2588,82.4183517840216,61.223002620709366,-0.29668793206369903,-1.1203935729117136,0.8237056408480146,303.5137023925781
2589,65.47578215529,82.79389526041467,1.904041076264896,-1.0784178630195735,2.9824589392844696,340.6363220214844
2590,83.45009352387652,84.60756386555762,0.3631927611801973,1.357026446608832,0.9938336854286347,302.1058654785156
2591,65.73290424922908,46.426871313897465,-3.1392354819358825,-0.9235827660384999,2.2156527158973827,297.7616882324219
2592,93.3610604483134,97.7589202829451,-0.5190347256197336,-0.9922581962513566,0.4732234706316229,232.07456970214844
2593,54.62573802600508,38.18704264544841,0.5710633375839675,-0.3488614200979918,0.9199247576819592,286.56903076171875
2594,100.88665783373584,73.57731451636232,-2.4352301983538487,-1.3497452436039201,1.0854849547499286,359.7550354003906
2595,66.70245195493347,50.185546590944384,1.6866637298582727,-0.8679999941613326,2.5546637240196053,333.14105224609375
2596,56.615986785665484,77.46633173935629,1.7434427297087263,-2.8562727745935543,1.6834698028773059,326.5055236816406
2597,46.30032947247138,100.79716807276408,-0.2791813860094359,1.2830854401858014,1.5622668261952373,334.8069763183594
2598,45.559925314769494,56.13055395058757,2.119050062953197,-0.019069091815798966,2.138119154768996,335.6533508300781
2599,50.53973817233754,58.708438725244775,-0.9313801649281421,3.046951248241715,2.3048538940097294,305.37646484375
2600,101.41898866239269,49.58071257480549,-0.4041776802691577,-1.4442276027626146,1.040049922493457,385.12542724609375
2601,48.71316228893121,52.39687115048123,-2.4854192821147105,-0.20089624491707392,2.2845230371976366,287.3489074707031
2602,76.71525057526958,44.55905456573673,1.2170327075015202,-2.258361387246332,2.8077912124317344,368.8204040527344
2603,70.04186051900538,84.58790015545135,-0.14946942440162392,0.2907343785110146,0.4402038029126385,243.44273376464844
2604,77.52150546205237,73.8542364170317,-1.6283083182648004,-0.266164433442424,1.3621438848223764,445.529052734375
2605,70.9384544174529,90.2488336166808,2.993470484633093,2.412480493182886,0.580989991450207,192.51025390625
2606,54.53689841308662,83.42224704703068,-2.558217588593037,0.9656863729419705,2.759281345644579,232.30381774902344
2607,94.53016784458467,43.71924082993428,1.5042147442916285,-1.8999029602946513,2.879067602593307,509.6947937011719
2608,46.47773820622714,81.56982570990075,0.2132803137855528,-1.764833932232181,1.978114246017734,373.4888000488281
2609,97.22942032321485,64.95375184539296,-2.7057613283244817,-2.4878791002392693,0.2178822280852124,123.24099731445312
2610,38.07797148548044,43.617245216459615,-2.287052037616262,-3.0330904558265033,0.7460384182102411,346.3847351074219
2611,66.10339549409302,46.371769152751625,3.1359947679821003,-2.1991528757602374,0.9480376634372487,223.9821014404297
2612,68.9280647582504,79.16929255002589,1.3104326728128264,-0.9098970982437451,2.2203297710565715,332.1856384277344
2613,72.2377904106703,72.54377686424243,2.5228621119637555,-2.4276343104588216,1.3326888847570093,272.93377685546875
2614,70.44907143215033,56.1163293576069,-0.7362341326492112,-1.9570087835805792,1.220774650931368,367.52423095703125
2615,71.71050221323574,91.17144813075885,-2.5396758162575503,-2.3003259642491436,0.23934985200840675,114.67897033691406
2616,91.81370898746066,67.822034788682,-0.04105095831829475,2.920031102035524,2.9610820603538186,237.30096435546875
2617,55.92151206949171,50.914690657728706,0.8700002464584449,1.8558752756435313,0.9858750291850864,277.3774719238281
2618,52.88909142316976,83.00177223967167,3.044389943559355,-2.3246961424066557,0.9140992212135759,252.181396484375
2619,41.43614018348894,53.96621035657321,2.991184211568803,-2.9131180101614143,0.37888308544936883,174.4399871826172
2620,78.91195834559065,81.28747552663039,-2.7240446479217835,1.4460149378794496,2.1131257213783528,355.63916015625
2621,56.30306722063253,99.47412042072679,2.3101415271502157,2.7986203338560607,0.48847880670584504,246.2464599609375
2622,93.52920663009597,66.65502295200432,-1.0433060661185807,0.3833974157823743,1.426703481900955,318.7738037109375
2623,93.38899984606527,84.56235978633626,-2.6562729039692448,-0.9312109927980474,1.7250619111711973,307.6643981933594
2624,48.5018053088931,54.82321284931954,1.6987448062492625,0.746874712060408,0.9518700941888545,299.2715759277344
2625,59.27401868976277,76.42449320723402,2.315773525932066,-1.4568349835443142,2.5105767977032065,380.7275390625
2626,66.4775330864515,73.93368676702295,-1.9715884023981483,-0.9826482735509203,0.9889401288472279,270.5538635253906
2627,87.97629029139082,97.72786743193271,0.8373800307259578,-1.7663616360297887,2.6037416667557465,350.90924072265625
2628,94.41685067810607,74.18914280967687,1.1666347038321234,-1.836254660521435,3.0028893643535586,309.2248229980469
2629,36.431324736460276,59.42219608169316,-2.043882471783135,-0.26646298765126497,1.7774194841318702,308.44622802734375
2630,75.89869648443259,55.19338192254841,-1.8091220415823837,-2.3718714048984855,0.5627493633161018,299.8199157714844
2631,80.13087031993626,62.880926728047974,0.9587149489560112,3.1326403842505863,2.173925435294575,232.05824279785156
2632,58.47095865780676,73.7018971260228,1.1058097384751209,-0.6629805868165968,1.7687903252917176,276.63983154296875
2633,68.91423754231747,79.28832187219959,-2.0404139212989683,-0.7110607211190643,1.329353200179904,297.529296875
2634,90.57868991231982,44.998159590421665,-1.6040988319126324,-1.5939615203021378,0.010137311610494582,31.373943328857422
2635,69.09011841620932,92.94105302237939,-0.26399513621273263,-0.652097728396785,0.3881025921840524,224.59243774414062
2636,93.49879233389427,89.0474929319654,-0.20216866832247815,2.6270494683009575,2.8292181366234357,318.7685546875
2637,75.26122263991621,62.09809904441089,1.588177441902217,2.2469762118043723,0.6587987699021554,326.0577392578125
2638,98.93902830698346,69.0412141068748,-1.6968293756755373,-2.391455045110378,0.6946256694348409,367.2105712890625
2639,75.50896359348664,100.8535841955324,0.5466046985658704,0.4387482609686155,0.10785643759725484,141.24981689453125
2640,93.98503141655101,70.19796545245646,-2.675051337742978,0.41462434900692324,3.089675686749901,272.6997375488281
2641,52.30408709077738,92.98523094965006,-1.5191345661821993,-0.5884961933804806,0.9306383728017187,413.365234375
2642,98.22653432843077,94.12001350441963,1.3170946253023468,1.024767098399031,0.29232752690331587,194.147705078125
2643,88.56588110309178,92.94059638857385,0.7607190377257633,2.834429450904797,2.073710413179034,286.4033203125
2644,63.951379029748786,98.18318942562397,-1.4984964634079974,-1.6716480702455963,0.1731516068375989,188.24998474121094
2645,69.4374233146431,41.04465637756234,-0.5917092031501046,3.09175960185409,2.599716502175392,267.8901672363281
2646,62.82246636938578,63.7315094591887,2.180569762231128,1.4674553629203793,0.7131143993107489,297.03021240234375
2647,44.38523649422446,52.21469852233716,2.7865085229066855,-0.21996301981910094,3.0064715427257864,313.62677001953125
2648,78.11911912551517,52.14069269316802,2.8893229396236784,0.9399252777266467,1.9493976618970317,249.3520050048828
2649,38.67971275488897,46.55484006282247,0.2169534588435713,2.559564888601792,2.342611429758221,342.08001708984375
2650,72.76607295556092,83.77663726866344,-0.840396387620594,0.279747363975444,1.120143751596038,317.300537109375
2651,82.30481523024784,77.64565649370758,0.39188882282122517,-1.7319941267164944,2.1238829495377196,377.4386901855469
2652,66.90948052398285,90.46406762849394,-0.44255731446739865,-0.29474617829125904,0.14781113617613958,198.24020385742188
2653,68.06598647096916,42.619670237974454,-0.4466224990766432,2.954232430713633,2.8823303773893105,247.91961669921875
2654,64.6350705588245,74.78264119025667,1.2590447916228618,-2.7661563446357644,2.25798417092096,380.9667663574219
2655,80.50266498066158,48.23697149909275,-2.4671103517443673,-1.2450984273618906,1.2220119243824767,359.74761962890625
2656,85.34415480994915,47.67416645404633,-3.012837911625661,0.4447519589792499,2.825595436574676,227.66896057128906
2657,60.72297028093544,69.47502176388568,0.4433038936056488,0.629127102045969,0.1858232084403202,113.9322738647461
2658,42.88426667561602,49.79550229826226,2.9940325749316967,0.2029767814205754,2.7910557935111213,359.673095703125
2659,60.44882266564079,54.13719288605812,-0.2590385960661079,-2.506695199344835,2.247656603278727,297.32666015625
2660,57.87562669657281,66.92399058145567,-2.097301326596792,-1.6695103004947083,0.42779102610208386,318.8416442871094
2661,91.11949918594777,57.65585125477599,1.7409839878504902,-0.20009710837219252,1.9410810962226828,324.67755126953125
2662,56.00632378389837,95.36199695833578,1.6227992751749678,-2.8863442807973607,1.774041751207258,418.529296875
2663,80.85226044623239,42.95156649088289,2.241844711542867,2.4608151173408386,0.21897040579797178,98.3255615234375
2664,71.15321887148147,101.72028533896497,0.1929163290489333,0.7239241804028955,0.5310078513539622,211.52259826660156
2665,79.98741819902553,97.37358663691899,-1.3406974920661214,-2.0295528181502593,0.6888553260841379,235.44529724121094
2666,92.54981619029428,78.56973344478774,2.3537168515181195,0.5713941608706699,1.7823226906474496,223.83460998535156
2667,82.92969673058474,94.70195724809727,-2.678069602020799,-1.988107569217321,0.6899620328034779,223.1379852294922
2668,40.60825416647517,66.42153772739451,2.1135463308241746,1.7453981285706028,0.3681482022535718,170.43502807617188
2669,39.88035778672347,84.57535220067432,-1.1836508523343243,1.329045670313402,2.512696522647726,307.0563049316406
2670,95.87911421802941,90.0437193667041,1.2937866339022417,-1.2080451392693012,2.501831773171543,348.1930236816406
2671,81.17093568735902,62.600448038143384,2.242953184591081,2.451555258095371,0.20860207350428972,94.59920501708984
2672,83.46263028529268,98.23076216100168,0.6994845435659958,1.4744167614113994,0.7749322178454037,310.588623046875
2673,78.77240970848588,68.82880573142637,2.1157631270788837,-0.7766306377410492,2.892393764819933,284.41192626953125
2674,86.79575196049643,72.21586926705555,-1.7928185714966614,2.827309475454941,1.6630572602279845,392.9874267578125
2675,85.06439568353524,90.83010559766225,0.9378816261986742,-0.32828462699674343,1.2661662531954176,329.8540954589844
2676,65.77360784497242,79.29423860977037,0.6965261006058374,-2.903443082124595,2.6832161244491544,268.6994323730469
2677,86.71348535532596,79.8979170708099,-0.8183603531961512,2.2906511646775813,3.1090115178737325,257.58917236328125
2678,43.481629910126806,84.96613325379232,-1.7984534311202924,0.7888588738070639,2.587312304927356,358.8365783691406
2679,78.44371874574972,92.6748988825969,2.2364392485798525,1.0477618093183496,1.188677439261503,233.64837646484375
2680,82.80987122371874,77.80859546157558,-0.8027401980224225,-3.048303527209822,2.2455633291873993,305.2488098144531
2681,78.44836588550697,69.25675141642145,-0.8497188208487585,-2.0719861990800696,1.2222673782313112,270.9108581542969
2682,53.76349926082167,46.49586839784868,-0.8379346697826362,1.1429565794548129,1.980891249237449,351.24029541015625
2683,42.75010713976825,56.45221989619331,-1.361911217347731,-2.5146109853954153,1.1526997680476843,323.8788146972656
2684,70.38105930723948,71.17623524136351,-2.275284846355075,1.6083604164864465,2.399540044338065,407.4998779296875
2685,69.41640108521801,48.75899431710817,2.851889545983477,1.7612240088281688,1.0906655371553082,312.5343017578125
2686,58.65067125537678,83.01548468873821,1.0883644509088777,-1.4266723370442218,2.5150367879530995,329.372802734375
2687,47.96151724113088,57.02098276178629,1.333779836875295,-2.4068311612314504,2.5425743090728408,296.0003967285156
2688,55.87576582444752,97.6601333819746,3.125496389685032,-0.9382921413819809,2.2193967761125735,328.63861083984375
2689,76.84773330055643,66.29651472556122,-1.5684932836329106,2.0299360471668333,2.6847559763798428,457.3903503417969
2690,60.84013036096591,42.27687741944782,1.096631136739325,-2.062847223105119,3.1237069473351426,364.7764587402344
2691,82.56143568664493,50.64961884735864,-2.971757170792772,0.9448644889566591,2.366563647430155,287.48065185546875
2692,92.67972400739731,63.09014221103186,2.457889663391252,-0.8161210058671475,3.0091746379211872,260.577392578125
2693,58.619987213855595,101.74168715093478,-3.126894594772285,1.1725332692688077,1.983757443138494,283.0016174316406
2694,85.08901635491071,99.31169916852998,1.2830020408920877,-1.9445334418233544,3.0556498244641443,284.0943908691406
2695,78.08974695460944,49.14659090886079,-2.705793036476762,2.719455400027118,0.8579368706757065,234.08351135253906
2696,68.60912515917596,39.76973633184982,-0.00655046511508095,2.548353939017982,2.554904404133063,228.7528839111328
2697,94.42860064409115,98.63800913821532,2.6524002594285943,-3.0998745137876247,0.5309105339633675,178.40208435058594
2698,50.377484049299746,42.017893576160304,2.593449810708348,-1.1454388612023645,2.544296635268874,377.9264831542969
2699,38.816191545956535,94.61457478924359,-1.1288695436950782,0.16443775133854865,1.2933072950336268,352.07904052734375
2700,99.96521179015406,101.43365982243405,-2.0089282734441256,-0.9661367160200354,1.0427915574240902,270.62017822265625
2701,59.459510626445905,53.913414718483196,0.49924623622577435,0.6092477759896955,0.11000153976392113,114.10111999511719
2702,67.57593387140264,68.79864918705498,-1.2882115133028744,-1.8534242060352673,0.5652126927323928,174.19403076171875
2703,66.02370459836719,56.939352152105386,-1.8567567625220998,-2.9810799461861004,1.1243231836640006,318.0288391113281
2704,72.86558564004301,60.20719689873759,-0.8201044670585929,1.3971192085297854,2.2172236755883783,310.35076904296875
2705,94.93434220351575,61.98373415953967,-2.192572742747606,1.0462449680836876,3.0443675963482932,261.2802734375
2706,49.103058327232006,91.33564920524233,1.4831877488539593,-2.672438776651221,2.127558781674406,373.8817443847656
2707,45.98003125680819,100.85039934548169,2.750907428135921,0.16521593339065221,2.585691494745269,257.3919372558594
2708,68.10218679651126,60.31749349185757,-1.4794976165592582,-0.21185072737455668,1.2676468891847015,418.09063720703125
2709,83.5023279600761,100.38243545462932,0.2763270240698894,-0.6461368463950925,0.9224638704649819,268.7531433105469
2710,81.46727504236908,47.01441705948657,-0.7438508838818252,1.3012617274613785,2.0451126113432037,417.5137023925781
2711,90.43683080779525,90.01179021880228,1.1696797814344313,1.647378067845497,0.4776982864110657,365.5440673828125
2712,57.611822090897306,73.99815980492768,-2.8185619402394875,2.246889022210225,1.2177343447298734,299.2011413574219
2713,75.07037705546364,58.19845955464633,-1.8781606990720912,2.9311471151209716,1.4738774929865237,344.80084228515625
2714,67.73636285610877,72.04827358808515,-1.249764851917663,-1.2202171530897161,0.029547698827946833,193.00535583496094
2715,67.32056157943248,90.83720314133487,3.0437894538902572,0.8101660048115766,2.2336234490786806,296.0036926269531
2716,97.76960729439004,51.718681340388784,-1.284034954490994,2.639872500756468,2.3592778519321245,341.276123046875
2717,67.2646924495067,52.30782838944745,-0.854163063717158,1.345242660807921,2.199405724525079,322.7464294433594
2718,64.07921345782867,67.64655434182683,-1.631861736288411,-2.962244098290152,1.3303823620017412,436.537109375
2719,69.25437859910205,94.50517906439376,2.5588510795664448,1.7747591509814917,0.784091928584953,267.4686279296875
2720,64.5874045698407,100.2146317917935,2.8673538995404186,-1.954683325281282,1.4611480823578857,277.1366882324219
2721,47.025600696774944,64.80920229159511,2.92239025155836,3.0815319879112906,0.1591417363529306,109.01029205322266
2722,38.94660099406115,99.0414507519345,0.30710914590978033,0.9356600655628613,0.628550919653081,387.12677001953125
2723,62.40415720473614,51.20698670837277,-2.833378597400823,-2.6141752676829495,0.2192033297178737,231.26422119140625
2724,52.84567464081283,86.91644773436471,0.49447555175502256,1.1719453005015312,0.6774697487465087,273.6873779296875
2725,55.69200803912746,83.43806441521775,-3.0882109615778064,2.7308372407766752,0.4641371048251044,171.0313720703125
2726,53.85563103940474,66.05462032486618,2.1034168697913698,-2.042054527299616,2.137713910088601,283.1897277832031
2727,91.8615051409879,60.314821544874164,1.4478006407612085,1.3543478102427242,0.09345283051848431,134.48193359375
2728,54.64125449702607,72.08434120792865,-0.8349419531151017,2.030492387343423,2.8654343404585245,277.97857666015625
2729,96.58938962947269,61.24805906896084,-3.0373512234985114,-0.8174306509152331,2.2199205725832782,273.87567138671875
2730,94.24234049228117,92.7133231388656,1.9322117265988066,-2.4364612345354475,1.9145123460453324,333.64312744140625
2731,82.41507452139336,65.0821562474114,-2.0262114451414828,0.7606752486204016,2.7868866937618844,290.367431640625
2732,97.76717033643281,83.17857456548688,0.033964088886774046,-0.37404531296799526,0.40800940185476936,217.6792755126953
2733,87.92254194685155,65.396357894377,2.641519278393597,2.4189512402410474,0.22256803815254944,165.179931640625
2734,37.39021146263257,99.21825400833552,1.9480426825420158,2.755223909600778,0.8071812270587619,277.1423645019531
2735,36.33626541530727,40.48571794447081,1.5837750946515117,1.7627394292569694,0.1789643346054577,196.57350158691406
2736,45.02348042211847,65.1281369874755,-1.3132419463709046,2.0904565063076177,2.8794868545010637,326.8363037109375
2737,48.314719967632016,56.83556845637396,0.15860595362760632,-2.3165323110430127,2.475138264670619,280.175537109375
2738,99.67760878445962,68.14529398176754,-1.8228665735260745,3.077825086727457,1.3824936469260545,354.1409606933594
2739,84.1583469949453,40.38043380883414,-0.6417898762809755,-2.226693366547321,1.5849034902663455,275.0723571777344
2740,52.14786374377498,88.42235873240287,1.245530046649625,2.8593969997051776,1.6138669530555525,371.4534606933594
2741,62.589099034388305,101.16343148889129,0.21235109459615398,-0.0059145150522290635,0.21826560964838304,141.85137939453125
2742,37.42353325256536,52.461471349170345,1.817297417809054,-3.037125913485419,1.4287619758851131,349.84527587890625
2743,50.4616376574594,85.97586566800912,2.708779539902241,-2.6422815057359545,0.9321242615413915,254.13836669921875
2744,87.45684877723221,49.440225706672756,-2.704080638400687,2.1243261437593315,1.4547785250195686,333.3356628417969
2745,83.50339604221028,36.091657578655195,0.5121584331509346,2.5645611382016416,2.052402705050707,185.61746215820312
2746,96.85148115444588,79.86214754673675,-0.9573042890694978,-2.2051678444480185,1.2478635553785207,259.2864074707031
2747,37.73323989022561,93.60556087605343,0.6349208996684683,0.2186498070203018,0.41627109264816653,204.87306213378906
2748,101.82686477477905,70.05760743896778,2.9231535278359306,1.5538819551001009,1.3692715727358298,421.03173828125
2749,56.604328261153015,97.44113408343387,0.8886242286335708,1.2789329505481346,0.3903087219145638,252.59176635742188
2750,55.753729809861895,66.32878489700119,2.1820266018453136,-0.04953912662254778,2.2315657284678614,269.9349060058594
2751,79.12671849747068,71.10581124564945,-1.2949555794622456,-1.0453686889605422,0.24958689050170335,214.17967224121094
2752,62.77718811133732,63.38771530187482,0.27727550005390844,-0.42002031644657123,0.6972958165004797,261.5874328613281
2753,41.732421472408504,91.70436796049475,0.8691283861257215,2.7952314514710226,1.926103065345301,365.3509521484375
2754,91.62004119631882,46.238989231463506,-2.488484676802913,0.6983212331161814,3.0963793972604923,282.9040222167969
2755,38.323114418977816,95.93132289686528,0.9425979388088814,2.551524597470512,1.6089266586616304,389.42626953125
2756,48.11286890863829,61.59581083054308,-2.6479293214706465,0.366119873208413,3.0140491946790595,347.7115173339844
2757,37.144168542723804,75.3711202995207,-2.5323682607532167,0.8452042668035826,2.9056127796227873,413.4425354003906
2758,57.97501758289784,83.37027059102249,-2.2165694987077162,3.039135859045607,1.0274799494262636,277.21234130859375
2759,73.92005040948101,92.76180071405702,-0.918897579296095,1.321447119788317,2.240344699084412,298.416748046875
2760,88.89316624439974,87.62484526078046,-1.7445344185636358,0.6892307710741021,2.4337651896377377,361.0679016113281
2761,59.53721044662773,45.26614770582235,-2.9598603086848656,2.5170605482684394,0.806264450226282,230.4959716796875
2762,84.58257387516667,100.8493311825998,0.8874492860277163,-2.9222410515179895,2.473494969633881,283.7481689453125
2763,59.96647316542236,65.72447910917245,2.60774751098742,-1.242367714808196,2.4330700813839705,406.688232421875
2764,38.93872371722762,89.91798829093511,2.2547429087290496,2.5620483300455215,0.30730542131647187,190.28445434570312
2765,64.72122468437401,69.34400134317633,3.0996609699121906,0.4917567226065871,2.6079042473056036,269.3938293457031
2766,101.84276803324083,53.46356215582083,-2.0558513183833185,1.30305032356784,2.9242836652284283,315.4193420410156
2767,91.94715634840838,92.72869812750379,0.6451961945537974,-0.3132728767179942,0.9584690712717916,344.1592102050781
2768,81.13456085472097,74.36233752114848,-1.387493008330508,0.963844764461764,2.351337772792272,355.36492919921875
2769,63.42910917964555,48.02212769729576,1.8444256977428495,-2.6935764676905016,1.7451831417462353,330.1829528808594
2770,88.03204559069607,58.74381875036059,-2.426311543626568,-0.9306125944073478,1.49569894921922,298.8766784667969
2771,68.2166627393668,78.12941610074984,0.8939478176728253,-1.6059727292071093,2.4999205468799346,432.1711730957031
2772,49.274238733294645,81.82778162996036,1.8233772943126088,0.30593847108377403,1.5174388232288347,281.61224365234375
2773,92.04753230854186,38.4998425449764,-0.29513134607288105,2.565607629482354,2.8607389755552353,298.41485595703125
2774,48.335961495753864,63.17211307826236,-0.6259901664689309,0.009828484639447854,0.6358186511083788,238.1940460205078
2775,41.44008180940246,47.45415001809838,-1.9322983513300533,0.8945945681165188,2.826892919446572,301.7118225097656
2776,76.8366017502353,69.11601018870184,-1.3075729992308311,-1.4811917435933017,0.1736187443624706,300.6240234375
2777,71.80055358437119,90.21980208836452,-2.3727531833111146,0.7544212672414927,3.1271744505526073,280.0398254394531
2778,73.8942822253778,87.6086036961793,-0.30098976698937463,-3.0863360897928453,2.7853463228034707,287.5639953613281
2779,45.878345195776745,83.88606454740128,-2.382904133867701,-1.253386029814602,1.1295181040530988,381.6602783203125
2780,63.33521898721474,97.97254576405112,-0.82699477822386,2.1452421891317375,2.9722369673555975,267.6669616699219
2781,90.57646233011428,76.31811173194839,1.6511845275488009,2.6502945255207555,0.9991099979719547,362.69586181640625
2782,96.88147231974766,74.05571276941973,0.8667787224171981,1.293726743078376,0.426948020661178,248.0077362060547
2783,57.20224825439333,67.31793067147152,3.085114935511733,-2.19847396673722,0.9995964049306336,252.34527587890625
2784,85.64199136123722,37.65063424737914,-1.7140620436346061,-2.4193750251918154,0.7053129815572092,359.1600341796875
2785,98.77494431706313,68.98372818987679,-0.8445698388721063,-1.014926194018479,0.1703563551463727,99.1811752319336
2786,69.22321791607067,59.16896338017163,1.029500350899272,0.6313253134613435,0.3981750374379285,170.60098266601562
2787,35.11293224860764,96.35235568020084,-0.9504551510896659,2.7487082913459453,2.5840218647439754,434.96099853515625
2788,48.372044033969644,97.3336777761613,-0.5061207074673963,0.6398831472989759,1.1460038547663722,309.43035888671875
2789,56.97752782079778,46.978858218610874,-1.5563592637163877,0.27855157188662627,1.834910835603014,430.1440124511719
2790,44.027818705029475,77.72991884394364,-0.8829752204192336,0.6295649063780058,1.5125401267972394,308.5195007324219
2791,51.37100176894832,51.97742887380369,2.9083649175200454,-2.265121231279116,1.1096991583804245,264.5503234863281
2792,69.37263095968709,75.63953966323768,0.6926252780408326,-1.564235369514988,2.2568606475558206,419.5123291015625
2793,70.85471559783903,76.54311300675042,-1.3567761362723025,1.5674194669310522,2.924195603203355,403.86370849609375
2794,88.44534371940316,56.269423154442705,-0.4506341022196896,1.0602583172523747,1.5108924194720643,276.436279296875
2795,89.10917172060701,56.350326237473766,0.41954125471436443,-1.3030386316775355,1.7225798863919,374.9513244628906
2796,83.31891912856682,55.57988835365097,2.0129578750252595,-2.4452336047798306,1.8249938273744963,291.44061279296875
2797,44.03918354610276,74.92153970840837,-1.2020851131644024,-2.368661845409895,1.1665767322454925,315.392822265625
2798,78.78541966151566,74.27374807780066,-1.33794377043441,2.775730826164752,2.169510710580425,356.19635009765625
2799,81.6369630933657,92.32196790725422,0.05173443894758467,-0.4374804255492535,0.48921486449683815,238.8357696533203
2800,57.37107756564549,50.988537250485436,-0.3607670188108907,-0.27055957402188735,0.09020744478900333,246.1837921142578
2801,49.305346406586565,40.41138167802893,-0.4127899547671263,-0.30149766981690407,0.11129228495022225,146.99630737304688
2802,58.1958454288446,96.40683699316361,0.8705861407968234,-0.7094832352571361,1.5800693760539595,264.3365478515625
2803,99.97537684439934,60.829573207515,0.39740119429803045,-0.27455955075513394,0.6719607450531644,226.44122314453125
2804,42.369639980823216,66.41405523578791,2.034838889403124,-1.8149323308798333,2.4334140868966285,321.1255187988281
2805,59.392909122874,51.431041707454554,-2.4611823240988127,-0.6645822373151264,1.7966000867836862,284.3821716308594
2806,93.8454096627971,57.46317097392419,2.854751217896313,2.0658647882805656,0.7888864296157472,230.41973876953125
2807,87.4063049126089,71.97992270838874,1.4492596698595843,1.9490027561093761,0.4997430862497918,228.74217224121094
2808,50.27131601713971,82.07052969066957,0.4688666256834968,0.058349949188504446,0.41051667649499235,184.9028778076172
2809,71.52696858251952,43.781905322708226,-2.470452271317059,1.2168369540287944,2.5958960818337333,333.9862365722656
2810,42.984957544730165,79.76625161030842,0.8481217761554354,-2.2185264650918994,3.066648241247335,264.45245361328125
2811,57.343314175856584,73.97411994756172,-2.3809838879709964,0.7815832398966336,3.1206181793119567,271.90216064453125
2812,74.20336366521354,78.9151681166133,2.5176585464706784,-1.1492483852959525,2.6162783754129557,335.76043701171875
2813,99.73138415228739,71.6161440285843,0.2917925414123075,-1.9509226226751208,2.2427151640874285,303.72967529296875
2814,59.60040797997905,57.62742874864139,1.2957219950531824,1.364393276423792,0.06867128137060963,141.76409912109375
2815,64.6413586006623,71.88997360056302,-0.8629361055129565,-2.6766899451645814,1.8137538396516248,310.05682373046875
2816,54.1055120278741,58.832855931335004,-2.6650909140626453,-0.975069276132416,1.6900216379302293,313.478271484375
2817,101.75931352268164,95.48965583811548,1.414408199251791,-1.6616817425903656,3.076089941842157,364.8921813964844
2818,68.29842013241293,38.48705573089035,2.241784406993669,1.6985185282255237,0.5432658787681452,245.1805419921875
2819,77.18001024126593,39.72045930162985,2.7898364527926356,0.5208113968439867,2.269025055948649,242.3551025390625
2820,41.004674974517656,85.2094560213772,2.9547786915541767,-0.8418510392874996,2.48655557633791,365.91009521484375
2821,41.46368331673272,40.21178950342542,2.3660018353493664,-2.2913495503552683,1.6258339214749518,276.2766418457031
2822,65.53603816781137,81.80944748533685,-2.3285204021633827,-1.021578301800338,1.3069421003630448,261.5601806640625
2823,60.00191117134086,101.56959431692762,-2.589082859340594,-2.8269523598561594,0.2378695005155653,242.0186004638672
2824,56.949180288699665,76.12991544135971,-0.8985589389976707,0.8325047139022668,1.7310636528999375,284.3288879394531
2825,100.70546054047747,78.56953117264963,2.4997936836060317,-1.8266964597980395,1.956695163775515,381.5257263183594
2826,42.422316330700674,67.18763127704369,-2.013948625494238,1.4754615648022131,2.7937751168831357,365.4478759765625
2827,72.13267450659652,76.06040046189847,-0.6211950251293965,-0.061433683671098915,0.5597613414582976,212.35543823242188
2828,50.67442192752547,99.93060621702496,-2.733949024946776,-0.9140888374373155,1.8198601875094607,351.4707336425781
2829,91.72265018426174,36.00536595059969,-0.33853598208487856,-0.45765143703692424,0.11911545495204567,201.36798095703125
2830,66.3167527508683,56.537077804668314,-1.0698750555713903,1.8213328699296447,2.891207925501035,307.0738830566406
2831,87.90087329874477,66.22165564240392,2.624060229513047,-1.4943015474639958,2.164823530202544,458.81158447265625
2832,60.86724830409613,48.55873705175265,-2.002238405230918,-1.688243439082242,0.31399496614867584,275.2881164550781
2833,48.02165747013689,69.5914953991561,2.844638925778214,-2.243990603706925,1.194555777694447,298.0802307128906
2834,75.95538486678174,80.35450423631792,-1.6001951418582634,1.441432518220119,3.0416276600783823,396.1844482421875
2835,84.27233400243676,92.31648741100497,0.9982702926512186,-0.6631410476393671,1.6614113402905857,258.6264953613281
2836,80.39417234511723,67.42398760134319,-1.4187038429557934,1.6783002786832384,3.097004121639032,357.1224060058594
2837,89.84925809184254,81.57009240561138,-0.051599576157023375,2.8467562093627166,2.89835578551974,233.88385009765625
2838,101.65364188399933,76.87673446932874,-2.710095377689103,0.5075066791262048,3.065583250364279,313.9131164550781
2839,96.35061782157167,88.26969450784242,2.6086488529283507,2.724428960497815,0.11578010756946444,114.66826629638672
2840,51.40768107565721,79.63714052865481,1.6978787615249225,-2.727844978270017,1.8574615673846468,366.1053161621094
2841,94.41224989231239,50.6358065417861,-2.0668377287241464,1.5263466895721738,2.6900008888832665,368.5802917480469
2842,62.863410908056544,64.02507044545159,-0.01599677288303969,-1.5538391731045562,1.5378424002215165,429.44219970703125
2843,76.57064428854139,66.67647452865536,2.666017696228433,2.5971622738986584,0.06885542232977482,73.18507385253906
2844,47.2210995519729,90.95115513294382,2.464006644752031,-2.736831491861847,1.0823471705657088,290.6318359375
2845,62.77052806065166,50.22533598155183,-2.7740976772596246,0.25138818626204973,3.0254858635216744,261.5880126953125
2846,61.456043341436285,77.14640843089057,-1.3709059779504296,-1.532465823673658,0.16155984572322835,249.84715270996094
2847,72.70898145327195,57.49210430328847,-2.123639596820391,0.1314114952132246,2.2550510920336158,276.50042724609375
2848,91.59576255277938,90.56478115408919,-2.954782043954789,-0.10377275446726841,2.8510092894875205,226.4253387451172
2849,57.42268519774683,73.90262631241083,-0.2591138468182579,-1.968432049955878,1.7093182031376202,324.6507568359375
2850,49.5746548970713,35.811288608458625,-0.16856373896990773,3.1053526074157167,3.0092689607939622,240.26736450195312
2851,68.27401266902774,101.64080450407705,-0.2190300801327485,2.0071832685898654,2.226213348722614,278.9994812011719
2852,74.38792764877897,84.15945670491004,1.2530132216121794,-1.4176170560813044,2.670630277693484,425.51800537109375
2853,66.2763474323276,65.3513739639903,-2.4098753981061654,-1.260675727246052,1.1491996708601133,425.2896728515625
2854,59.28867145439747,38.16846067381559,-0.22378854870855136,0.7725313658193804,0.9963199145279319,252.30929565429688
2855,79.0147487578497,41.31135454103433,-2.9554227388834593,0.8993219327915352,2.428440635504592,273.1069030761719
2856,52.37363793390959,73.08265149133723,0.08539273754525745,0.22728802880869914,0.1418952912634417,82.8387451171875
2857,94.51526153832076,88.81302766570491,1.022434525961164,-2.666416576308602,2.59433420490982,299.3861389160156
2858,46.938490627062734,64.22268269301246,-0.05586879757238705,-0.9330362000022858,0.8771674024298988,270.09735107421875
2859,51.68542987423713,92.27790200470359,-0.03664701545682725,-0.5143711519958147,0.47772413653898754,228.65074157714844
2860,53.36701416627494,83.08552936874509,0.5615602806301632,-2.1051127056144687,2.666672986244632,282.2618408203125
2861,54.10288833573385,98.4941525017942,1.573148768895642,0.09751744133981655,1.4756313275558255,396.3409118652344
2862,89.6566060765854,47.476823948629146,2.5886940716543636,0.40030556277142404,2.1883885088829396,236.78846740722656
2863,96.81603262271331,36.18720982991035,-2.436777679175611,-2.311261127203998,0.12551655197161304,108.87317657470703
2864,86.6022090686612,62.25929390948362,-0.41794039124477367,0.5362904865230522,0.9542308777678259,275.20941162109375
2865,93.86165624467527,73.0444934873993,-2.7227137606786287,0.7222330682428448,2.838238478258113,275.9751892089844
2866,86.62334519445908,95.24706771160965,-2.776810280379841,1.3154370812557206,2.1909379455440257,301.7572937011719
2867,45.0075352562888,50.0233809810584,0.5953917849444328,-1.9033916990713318,2.4987834840157648,382.039306640625
2868,48.75324639563672,53.792091818194606,-2.7233449447560654,-2.7179749367447372,0.0053700080113281414,29.68169593811035
2869,47.05902117362854,68.77806791519454,2.1637000834251845,2.8109179826009996,0.6472178991758151,252.4237518310547
2870,77.0635953546867,58.068196790038186,-1.496011235927138,-1.1519420417690946,0.34406919415804343,295.8056640625
2871,66.5133556121645,72.16446468516776,0.22970393078507634,-2.5514285332336857,2.781132464018762,288.87982177734375
2872,59.636084330960436,64.11437511394715,-0.04022725896645074,-2.0139542278626514,1.9737269688962007,326.9846496582031
2873,88.94178349033618,85.64829823983376,1.258447178569078,-0.3259450906220782,1.5843922691911563,322.9847717285156
2874,61.99777146864338,93.11823564468258,-2.2001941114003016,2.0101636205316904,2.072827575247594,284.4078369140625
2875,66.83383655760437,89.02271565240677,-2.6938588896836944,-0.4071909721752971,2.2866679175083973,248.67442321777344
2876,79.88689828395576,98.79214491911213,-1.4659103298981795,-1.125649936325944,0.3402603935722355,245.03245544433594
2877,85.77055108462011,53.616265979056166,1.6503376657573643,2.0041303973581748,0.35379273160081054,300.72076416015625
2878,68.71454812182675,76.53718069994616,1.3558396226945897,-0.22731048432864887,1.5831501070232386,371.0614929199219
2879,85.015129784614,37.384419119542414,0.4297028899276487,2.8009053904203434,2.3712025004926947,322.9031982421875
2880,72.86375877437128,77.46409164939115,0.3378891617230604,0.15313483192739907,0.1847543297956613,295.6215515136719
2881,42.29198891625016,99.18548817339943,-0.024436262347590443,-0.3387993048841218,0.31436304253653136,251.9419403076172
2882,63.1526180968695,70.39324366853748,-2.57680771351204,-3.0187072340418233,0.4418995205297831,177.9295654296875
2883,78.240682480569,49.47669942741849,1.3584648310041967,-2.8332973172791003,2.0914231588962893,374.4518127441406
2884,90.17485955685584,81.32125612272262,-3.1071211452324268,-0.26251619681699623,2.8446049484154305,292.4779052734375
2885,95.0608226830972,98.81445621055242,-0.40496924964248127,2.6324640326287287,3.03743328227121,290.2456970214844
2886,55.55450870860929,90.71027654187463,-2.3189715206487245,2.490689465121992,1.4735243214088698,262.3006591796875
2887,85.54107315501949,77.33261409175427,1.5811017425089426,-2.9151679053356307,1.786915659335013,421.58953857421875
2888,65.57457819970283,75.17943120064066,3.0948815234537497,-1.3179465181208838,1.8703572656049527,377.23297119140625
2889,45.94306222885853,37.90388515239084,-0.9952615905742679,1.5610419171473637,2.5563035077216316,459.4288024902344
2890,68.56430580507694,75.0625114188075,1.4441653715010654,-2.221058276377925,2.617961659300596,369.08111572265625
2891,54.764832606770895,75.83670361485375,1.2679033220550853,1.3854687499892329,0.11756542793414759,226.50462341308594
2892,37.994966548949094,69.5993686722721,2.5600032572385683,1.037371220255431,1.5226320369831372,390.4557189941406
2893,98.3935681229046,90.01697330582117,2.35906984571697,-3.067302355139237,0.8568131063233795,253.98304748535156
2894,56.53418009299778,50.30692749051795,-1.2091176160579102,2.933610194564209,2.1404574965574668,319.22601318359375
2895,80.69682352615351,82.18341735989735,0.9719962518704319,-1.8040874132052738,2.7760836650757055,303.1896057128906
2896,64.701851707076,70.01349578861635,-0.8076594728468387,2.079561368414078,2.8872208412609166,265.3593444824219
2897,96.13370148235708,97.73240601388224,1.561273483167687,2.3492384984319683,0.7879650152642812,308.5859680175781
2898,71.92117823732809,49.613827140110125,-1.595931437724461,2.4845752243775108,2.2026786450776146,407.9323425292969
2899,101.75173974779663,75.0482241231839,1.2881565369204422,-2.281379984041054,2.7136487862180907,310.62884521484375
2900,41.3014355994871,66.22419648994614,-0.5807825476175692,0.9440709669349925,1.5248535145525617,255.3264617919922
2901,99.8521962429838,54.29221846304873,-0.9729395219859338,1.3637803440658924,2.3367198660518262,321.4289245605469
2902,84.91259831497584,62.43233077570768,-2.277271338797578,2.890013855889893,1.1159001124921153,280.72198486328125
2903,83.57039685249937,61.55392521285748,-0.9933819744478387,2.0651868997591736,3.0585688742070123,265.72052001953125
2904,67.56714976576711,63.28028170702878,1.081744904797949,2.80805401077565,1.726309105977701,327.13726806640625
2905,72.08157767958454,90.81775125238049,1.569286357981471,0.9152452687666974,0.6540410892147737,334.30950927734375
2906,95.35107806849507,87.61709836212876,-2.26678646683299,-1.59538713111403,0.6713993357189598,350.3097839355469
2907,68.10990029009122,66.612545964134,-1.5433297568300346,-1.2281229638966948,0.31520679293333975,388.839599609375
2908,76.53954854388518,91.72783549227518,3.0929257132868164,2.283311464246524,0.8096142490402922,220.82749938964844
2909,41.8915506198376,88.83068840345773,2.9719486338360017,-0.18852640581203772,3.1227102675315472,355.16082763671875
2910,44.0069441896267,41.47730772927475,0.3980412741417996,0.4653171150507407,0.06727584090894112,91.79835510253906
2911,77.61311544674544,72.43735073239802,0.6013962283718963,-0.5587201522791334,1.1601163806510297,259.4745788574219
2912,63.29864978814622,96.48129972649139,-3.0086870856230754,1.2558420187801662,2.0186562027763455,303.9059143066406
2913,41.18573994379071,95.98532032086221,-2.1996840487242877,-1.0079208040512069,1.1917632446730808,240.0777130126953
2914,42.408660514991574,63.64443785267717,0.7473271384280396,-2.219956603299459,2.9672837417274986,281.9149475097656
2915,41.05022729662809,64.44814779822671,2.9772132441927317,0.14333908647319316,2.8338741577195385,390.0812683105469
2916,83.2739944780298,48.871755413453286,-2.730645936882054,-2.239236469485414,0.49140946739664004,222.41310119628906
2917,93.16259283475483,39.39234160913937,0.9802305765250896,0.7307099233575363,0.24952065316755337,179.19720458984375
2918,41.6701488679132,48.75019959262315,-1.3063784172129655,2.490819066938421,2.4859878230282,394.3002624511719
2919,64.1056614369463,41.751872268599506,-0.5371785153872803,-1.1842729641784793,0.6470944487911989,266.3094177246094
2920,49.01775643387621,97.04843818708501,0.989420200462658,-0.239325312472757,1.228745512935415,280.2016296386719
2921,101.31650882691433,36.66341756849445,0.35989862174400855,-2.110057113757584,2.4699557355015926,318.5332336425781
2922,69.99253685356031,54.030010271618494,0.49419527154402143,2.5802174700275744,2.086022198483553,227.42054748535156
2923,98.72172921993132,76.51463098069544,0.6989559115923316,2.9776426603576116,2.27868674876528,258.0937805175781
2924,81.11437847828208,81.1906221461123,-0.5843129413294568,-0.4751943549722588,0.10911858635719796,105.65947723388672
2925,52.062623468546604,94.48891616026204,-1.5336131657899061,-1.0764206038045714,0.4571925619853348,349.3008728027344
2926,67.15146788144003,72.74587608513092,2.6654300327444274,-1.389312491888747,2.2284427825464124,366.7576904296875
2927,69.91274046624837,86.54579059491988,-0.705100551957579,-0.07422198511621447,0.6308785668413646,212.9874267578125
2928,71.69634361284778,46.63263680213444,0.6995502744030242,0.2981589432737106,0.4013913311293136,218.0557403564453
2929,79.22410972337569,89.6613505537126,0.06907931774177012,-2.9893675594902325,3.0584468772320026,219.8015899658203
2930,45.766069480476176,55.45116619397626,1.348922211408758,2.6957678870878095,1.3468456756790514,277.0830383300781
2931,75.54802849604695,84.91876295805015,2.724364135876862,-0.2833876616964468,3.007751797573309,277.2196044921875
2932,39.13186076983538,92.00184818570946,1.8010725405160501,2.32341480916455,0.5223422686485,222.12103271484375
2933,78.13520670787261,76.5027828860739,-2.764836987452226,-0.6545542214595468,2.1102827659926793,281.6223449707031
2934,51.61095398341997,79.57836466431792,0.6127361120989021,-0.9789190572653874,1.5916551693642895,301.36700439453125
2935,97.76202638808499,92.9415028520906,-0.014815653425809039,2.7506235350444275,2.7654391884702365,250.2902374267578
2936,45.86846007547052,64.38696778805956,1.7416401664032417,-2.068159941038484,2.4733851997378604,326.59832763671875
2937,79.42336487430345,96.2448189795725,0.41251902260958806,-2.6601632992625572,3.0726823218721453,270.0760192871094
2938,64.76008567209075,68.39184636400027,0.5566967671274874,-3.088959727966269,2.63752881208583,288.7888488769531
2939,42.35250731972901,40.912567470738985,-3.133310331607229,-0.29224885511395904,2.84106147649327,360.0596618652344
2940,87.0439564592092,40.30599766986745,1.6889393101248515,-1.874401533503721,2.719844463551014,468.2689514160156
2941,52.6292038504364,81.30687183208452,2.318829037508488,-2.873164793424977,1.0911914762461221,274.62109375
2942,48.772306450839025,43.507231705592005,1.312290361897455,-0.5274541270589812,1.8397444889564363,341.092529296875
2943,81.85511256537465,87.53322813295378,-1.0241335657042288,-0.012374645272704043,1.0117589204315247,271.7833557128906
2944,71.13834371917974,96.34933507977414,-1.9983536677363438,-0.0663822828287488,1.931971384907595,312.48553466796875
2945,93.93524633327087,55.59402974707088,0.32028096873811585,1.1717168688971782,0.8514359001590623,347.54022216796875
2946,47.334495234199274,40.54674028668833,-0.8316801749784779,0.6922563309268108,1.5239365059052887,284.206298828125
2947,99.3634649486837,84.46781643122674,-1.6706989722067076,-2.9518948371569405,1.2811958649502329,405.9991455078125
2948,93.9825945257171,70.04444197577749,1.024069397629174,-1.657647459653813,2.681716857282987,398.4917907714844
2949,49.89028237485101,90.67586351821686,-2.5102704115566183,-2.3862469143059584,0.12402349725065998,97.44560241699219
2950,69.3405540495064,60.15845388598868,-3.0838252215369897,-0.22572673701686785,2.858098484520122,249.99432373046875
2951,46.5456534510641,56.694630646991,3.018663964304583,1.4217181999028377,1.5969457644017453,351.0480041503906
2952,62.250814576595005,91.16155389097392,-1.7986498127494213,2.814339290959121,1.6701962034710436,434.7632751464844
2953,35.8958721584354,92.37221211529513,1.9114354168889394,-1.2627109184502194,3.109038971840428,302.88525390625
2954,59.269504997603946,71.36744016548766,1.0353492985205923,-0.4961571543558687,1.531506452876461,287.4043884277344
2955,78.17793598589233,85.42723498161683,1.0634301295881743,2.190637369267489,1.127207239679315,209.92971801757812
2956,40.08181553857916,76.88900850962398,0.7674748888601344,-2.7942299294697395,2.7214804888497124,504.1117858886719
2957,47.66726341578108,88.52641294534388,2.5411910929831443,-2.5408969526507517,1.201097261545691,248.2706756591797
2958,94.11326972953105,48.86483743542017,-2.0809410240027626,2.249330931382728,1.952913351794096,296.27642822265625
2959,70.80134929386551,56.19502893693797,2.018928738861228,2.5139731341544076,0.4950443952931795,196.68328857421875
2960,99.1982038776869,37.971127315873744,-1.086787516272799,-2.070856860897722,0.9840693446249231,252.43226623535156
2961,64.315076727632,91.61420452230271,-1.6952196587880926,-0.08323620209501392,1.6119834566930786,393.9512634277344
2962,94.77116674430019,74.02349896693666,-1.1435822366016135,-0.4527215165516125,0.690860720050001,246.02825927734375
2963,92.62627294202514,78.63342119450206,0.4552354126596745,-1.5020724892737085,1.957307901933383,428.0140686035156
2964,99.23428578049925,100.1772488011838,0.534061899132158,1.9602903778922167,1.4262284787600588,355.0433044433594
2965,51.1227456409488,78.62701234051599,-2.321925385271795,2.4337424038502347,1.5275175180575566,252.44509887695312
2966,85.48303404469121,44.16009970203777,-2.4774055858022805,-2.4826155720789576,0.005209986276677014,21.054279327392578
2967,75.23091431494014,81.60269659957066,-2.179271790648113,-1.720488191259893,0.4587835993882201,288.0298156738281
2968,95.1387482551041,38.359054082138094,-1.9505525320315515,-3.1285108764713327,1.1779583444397812,323.6235656738281
2969,36.297677141941016,50.33113855286417,0.4597092745533682,0.5773858096784936,0.11767653512512544,111.76902770996094
2970,45.33617734595266,51.722704549027384,1.4579939265846287,-0.16675375330686526,1.624747679891494,420.5932922363281
2971,82.15649819375196,92.14941152180177,1.090867335309464,-1.8747057145364503,2.965573049845914,355.47344970703125
2972,67.80375501009846,75.34429726161278,-3.0656118047167644,-0.021404638934146014,3.0442071657826184,227.12814331054688
2973,48.11664214377634,100.74103744045888,0.4138946203842031,-0.03562216168111565,0.44951678206531875,191.90850830078125
2974,59.35633666392478,62.94015016763187,-1.8815092656275827,2.779381686820196,1.6222943547318078,379.244384765625
2975,95.59638902133271,55.66497624511719,3.0293165671258855,-1.950457786268106,1.3034109537855951,341.78076171875
2976,45.533432063542655,43.06151315980127,1.0051825045303557,-0.037565457163710736,1.0427479616940665,300.06829833984375
2977,56.8961784262837,55.03245853651946,0.4457965968696347,0.5594753566749371,0.1136787598053024,103.49485778808594
2978,41.19372508919186,77.95620575324436,1.0620454085551527,2.5932437817470495,1.5311983731918968,283.9355163574219
2979,88.42782743385516,93.32724471413061,-1.6983173790352708,1.0321519881699848,2.730469367205256,429.3695373535156
2980,90.13968943498534,40.18002983294973,0.041792694872629266,0.19403097699256655,0.15223828211993728,112.89115905761719
2981,72.95243577251182,100.70152047893583,2.436428120215563,0.057610840778753225,2.37881727943681,258.8328857421875
2982,45.38790908324949,95.65214053585554,-1.028415674064087,1.9447089211199247,2.9731245951840117,298.4872741699219
2983,99.24895619465546,50.50756702149033,2.687943952258383,-2.5326207305222677,1.0626206243989353,280.0231628417969
2984,59.7313159845242,83.09728044708424,2.250570699353881,-1.9257524452467316,2.1068621625789743,370.0284729003906
2985,91.79002018359539,89.1360608248406,-0.9120033977203725,-2.5908225145620594,1.6788191168416868,318.2206115722656
2986,85.23004542587248,69.79979371531405,2.5536157516773317,2.691596367005494,0.13798061532816241,92.4166259765625
2987,77.89878792438293,76.8335413760198,-2.7120416533333316,-2.690509536175029,0.02153211715830272,115.33798217773438
2988,52.106470797877364,99.31917580933445,0.2881868588133689,-0.9703785025008758,1.2585653613142447,341.1977844238281
2989,56.717062045882564,59.74884798003026,-1.3138075806184681,-0.2710791325783024,1.0427284480401657,301.7701110839844
2990,92.97194596884347,85.82621043004218,2.2872698094853208,-0.9817142369645375,3.0142012607297284,313.0970764160156
2991,99.26226521431606,41.42563422357169,0.377790473398556,1.7976474910083295,1.4198570176097736,376.9880065917969
2992,47.26764554474338,74.64913977649388,0.24676578997466336,-2.5592507071722967,2.80601649714696,291.747314453125
2993,57.99079978548692,101.73062228835569,-0.9349208917073244,1.7535757613895608,2.6884966530968852,254.44985961914062
2994,48.18945871585989,99.54719144715558,-0.8277143577413599,-2.6596578648564764,1.8319435071151164,301.49237060546875
2995,52.02665067855151,62.79065075505279,-0.8207180211378509,2.940832297448301,2.521634988593435,323.3376770019531
2996,85.23502562833269,59.15363066544977,-2.8498468178723684,-1.2401389325388563,1.609707885333512,354.4735412597656
2997,82.56351326405402,53.45259285135054,0.1189034265679072,1.7090140269229845,1.5901106003550773,311.45562744140625
2998,76.25699355636502,96.57189761933793,2.7214777435936197,-2.377492431110815,1.184215132475151,262.7384948730469
2999,44.318232470726215,99.19632822654546,-0.6901491810956322,-0.5992693355414298,0.09087984555420237,57.18490982055664
3000,88.8076374030749,92.4306041722626,-2.165475299081619,-2.9922561044572373,0.8267808053756185,236.4110870361328
3001,40.47652511209562,91.68957883066561,0.965564640908303,0.5995585719658094,0.36600606894249355,144.64173889160156
3002,36.750849896131584,92.61289322174173,-1.1879017857007013,0.6236704779079139,1.8115722636086151,363.99517822265625
3003,91.32993411562269,52.62354209181742,-1.8300741824600584,-1.6139020627040872,0.21617211975597117,260.26678466796875
3004,85.18918170381907,72.37659025458656,-3.049150986184899,-2.5337486555776176,0.5154023306072815,207.75607299804688
3005,101.49582706509594,54.702887692148956,1.4056370458393657,-1.574967857476612,2.9806049033159776,388.8481140136719
3006,96.86448992348842,50.94134152297967,1.6692054933820915,3.02098503051118,1.3517795371290884,364.1826171875
3007,39.85969419675623,54.23568765293838,2.891340211460548,0.621947830436878,2.2693923810236702,401.09649658203125
3008,61.420107067651664,90.17776522652856,1.4521757110457543,-2.8711843935303984,1.9598252026034333,337.618896484375
3009,70.10346482726703,50.67591229283022,2.284374311861977,0.4480911515273167,1.83628316033466,232.52737426757812
3010,38.07385138551162,56.658729759693095,-2.203369617112713,-2.1734731559269695,0.02989646118574329,59.81147003173828
3011,49.003663573978564,59.14879398408642,1.1999821289540051,-0.8834935162997137,2.083475645253719,315.2527160644531
3012,50.23108612241439,60.20391911890796,2.1195604915417476,-1.9429883807492172,2.2206364348886223,296.26678466796875
3013,81.27199462609315,65.57166486968053,-0.9951884612542088,1.7928811894525687,2.7880696507067775,305.3853759765625
3014,88.354605793148,44.929360903285925,1.9477814223535672,0.39695644138439645,1.5508249809691708,302.9121398925781
3015,64.43307890448428,37.817107320371036,2.1655859838774463,1.9274682207541378,0.23811776312330846,237.4526824951172
3016,88.90148559302612,58.41439354197153,0.13415358462028015,0.7595825451419964,0.6254289605217163,230.22056579589844
3017,83.36428062305676,42.10815389174346,-2.008701446960006,3.0670702415857205,1.2074136186338598,292.3418273925781
3018,86.47847808590956,68.83032214258591,0.7208925516564051,-1.9127571876553473,2.6336497393117524,342.8193664550781
3019,61.948559085007275,92.64242572888708,-0.3736858957044151,-2.772667313482112,2.398981417777697,224.85165405273438
3020,40.110065352533944,65.58362119168319,-0.9463508873194457,1.853134903237029,2.7994857905564747,290.08929443359375
3021,86.91473307787095,51.86354585465191,0.4240520262910672,-0.7856464264826433,1.2096984527737105,301.0870666503906
3022,38.26277845575392,59.853658142493096,2.483651135659003,-2.7194851955153885,1.0800489760051948,271.27276611328125
3023,84.38594488502316,36.07642383467957,-2.295361825923973,2.307792456599331,1.6800310246562822,337.08843994140625
3024,69.08676588931908,49.476593947482016,2.612233381286077,-2.9920545442121025,0.6788973816814069,188.35731506347656
3025,85.26496248878195,100.7137346258867,-0.3753352185995702,-1.0395340705649958,0.6641988519654256,277.3529968261719
3026,64.68767004417623,68.44255402948792,-0.8898003886685464,-1.4835115599339126,0.5937111712653662,385.3988342285156
3027,53.920430312054975,69.46512969893786,0.0552608202812257,-2.631710090103862,2.686970910385088,278.2943115234375
3028,100.76832164553466,94.85358032108792,-1.6353196599981181,1.1135571414418166,2.748876801439935,395.7305908203125
3029,79.7643977892962,76.11641863410352,-2.63500341900137,-1.4538622933188046,1.1811411256825652,359.80072021484375
3030,45.25266014657942,44.33157605333379,0.7127710470452038,-2.1155541491670893,2.828325196212293,251.40304565429688
3031,94.30669018804412,70.15272548613655,2.074558251057124,1.3089958264326809,0.7655624246244432,219.06991577148438
3032,52.2945259817125,57.68786045801694,-2.6093100279636308,-0.47085724268911777,2.138452785274513,268.64984130859375
3033,35.425121517245415,78.99076191952315,0.979123317605179,1.4161513652021416,0.43702804759696257,257.39697265625
3034,80.50986727785934,74.35514237506618,-2.651462816061528,-1.2725109351158825,1.3789518809456456,370.9737854003906
3035,64.10878756155331,61.78251812623725,1.7402189849697711,2.4194406485703874,0.6792216636006163,232.13314819335938
3036,98.64911152120206,88.59645635661924,-1.427534476551099,2.965229424174866,1.8904214064536211,397.7168273925781
3037,61.55471397782218,71.57152179765134,-0.46247383482074245,-1.0415192091762662,0.5790453743555237,268.0378112792969
3038,38.40769642719182,55.237048501703626,-1.4523955045312533,0.07058394687975644,1.5229794514110098,399.15728759765625
3039,96.9489428432183,50.86454717435551,0.5685213647692242,-0.9723795669126702,1.5409009316818945,305.7287902832031
3040,82.6466767617687,85.3031268482014,-2.1836709249397295,1.0677771767618154,3.031737205478042,251.32699584960938
3041,85.794684128001,98.46253196638736,-2.1585217274975053,2.774311874693031,1.3503517049890503,287.7828063964844
3042,82.44375716286781,69.64410331993685,-2.8908737208946707,-1.323953825158061,1.5669198957366097,322.9884338378906
3043,42.25472905103729,85.66631395705386,2.181358450710335,3.0382961308338032,0.856937680123468,352.1585998535156
3044,76.18261102574957,88.23972428319362,-2.2756224449981493,-1.9252080788714674,0.3504143661266818,227.83819580078125
3045,55.7910216730976,88.93926699760054,-1.5157529772109322,-2.581002733474336,1.065249756263404,376.7628173828125
3046,52.58091566073641,76.96655088089915,1.9704320724719508,2.8487982983369413,0.8783662258649905,261.5690002441406
3047,63.80460187980486,77.67802537033431,0.6440390905129356,-0.7981936160714307,1.4422327065843663,302.7679138183594
3048,44.028980110617965,52.44764514038664,1.9809164358362796,2.926253527162358,0.9453370913260786,343.0293884277344
3049,78.04218436363388,94.64526995512634,1.9773059648873827,2.017915889263845,0.04060992437646238,39.82813262939453
3050,80.83791819247989,52.883954195617946,-2.2729120895239863,1.3331399597871716,2.677133257868429,302.89306640625
3051,38.8101528864724,75.429277475115,2.480787642754926,-0.09113284128667942,2.5719204840416054,304.7140808105469
3052,88.07474960876684,78.79451169714525,-2.273794592360489,-0.9571466173313019,1.3166479750291873,269.6662292480469
3053,52.22281309735019,42.157377446744086,-1.177429632823144,-3.102879152510939,1.9254495196877952,380.2265319824219
3054,49.64478810728736,82.15620215686918,-1.5765634951699505,-2.3334004943782753,0.7568369992083248,382.66778564453125
3055,89.8232711541824,63.95165720273193,-0.6223134675334774,2.4941619403837763,3.1164754079172536,279.9070129394531
3056,101.74568759927696,81.40684064749513,0.865480060492442,-2.1856295069413196,3.0511095674337616,275.7135925292969
3057,58.89348301133691,58.741724561063485,1.407322870404876,-2.6665156528725507,2.209346783902159,304.5252990722656
3058,46.42981699525976,90.42218154184403,2.5545956830986833,-0.44796181106271726,3.0025574941614006,287.2013244628906
3059,97.2230270211827,85.78003292340516,2.032979637691864,-1.1123740342887185,3.1378316351990043,292.4924011230469
3060,37.37661216443916,53.85620445820456,1.9577255237579338,1.3616545942188791,0.5960709295390547,197.01373291015625
3061,74.57852443960482,57.274382764426434,-1.6015921240946995,1.5591036596897787,3.1224895233951084,395.0277404785156
3062,85.82556849064441,40.14296128660082,-0.15886247586756275,-0.1989807132353869,0.04011823736782417,48.955814361572266
3063,95.87116781740426,75.32205674187085,-0.5939947033528061,0.867300559089597,1.4612952624424032,269.3591003417969
3064,74.83464871567071,93.36661881062074,-1.679309573389876,-0.651590882922183,1.027718690467693,387.67889404296875
3065,56.482087687119225,80.1739358472957,1.4567754192740585,-2.9831589281518274,1.8432509597537001,416.880859375
3066,93.50737158128214,67.93937855727879,-1.2368536786931414,-0.4539043579612341,0.7829493207319074,350.98431396484375
3067,94.51557245968108,67.1082371385303,-2.21755028818467,0.8697936015757799,3.08734388976045,278.7408142089844
3068,37.3500090933236,70.27717118787737,-2.13285821084388,-0.6471266469301198,1.48573156391376,271.7679748535156
3069,99.94584702843274,70.31423886355822,-1.9374056674849107,-0.3250174430950934,1.6123882243898173,346.33544921875
3070,80.61332537282925,97.93340127804262,0.41865519507220705,2.637857530687663,2.219202335615456,241.35992431640625
3071,48.38251854586421,94.04722834317957,1.8824053230239164,2.8271049695796373,0.9446996465557209,324.2995910644531
3072,77.18068512173201,40.5723240536288,0.5773574336890448,-2.8573339933325053,2.8484938801580366,273.1875
3073,83.5467029052414,36.34633410008381,-2.832524795721686,2.4138535628557616,1.0368069486021387,295.9461364746094
3074,95.93705590895378,87.9381937198621,-2.0734048841495225,-0.43922971844048986,1.6341751657090327,321.548828125
3075,38.46468146738397,91.02642987811981,-1.4126890620701213,0.6408973526106605,2.053586414680782,406.74591064453125
3076,94.7626683514179,101.15500742260234,0.46377615934563554,2.913517348763058,2.4497411894174226,236.9728240966797
3077,58.46917688304917,82.21642034625026,0.48924088044930647,1.1959742091980603,0.7067333287487538,269.7998352050781
3078,49.57374165957423,92.74060537367882,1.5038460161168663,-0.13429581164406645,1.6381418277609328,367.3917236328125
3079,66.25081327029244,86.61609957478963,2.5411016768706265,-1.1451637358346687,2.596919894474291,335.9893798828125
3080,71.23997649657568,79.78166746402138,3.1096204760837436,0.5543269843762051,2.5552934917075385,267.2615661621094
3081,63.449198791625314,95.40939059734703,-0.8214867455471597,-1.8137922147632195,0.9923054692160598,314.24444580078125
3082,66.95261949707846,40.50970188957579,-1.648334821190835,-2.6169606591819354,0.9686258379911004,403.68450927734375
3083,60.30938131097384,50.4873407451166,2.5084615270019546,-2.0581277555321478,1.716596024645484,302.2618408203125
3084,74.26606238396461,36.96441336454974,-1.751978820625957,1.636329897428201,2.894876589125429,428.9093017578125
3085,52.29463966662114,44.36750561564803,-2.3527834613130922,-0.18208719917624716,2.170696262136845,299.69659423828125
3086,61.50781082405382,78.7703111021767,0.3782110702746988,-2.650440859275899,3.028651929550598,277.5885925292969
3087,36.819951571994274,68.90199898713385,2.5507001925552792,-1.2389510364747656,2.493534078149542,454.8987731933594
3088,75.6395585539589,93.419348401973,2.772744188213945,-2.84471631027894,0.6657248086867009,211.36622619628906
3089,49.737157076783085,46.241765064730856,3.117581367512165,0.9925435571609329,2.125037810351232,249.56344604492188
3090,55.88527244670915,66.8919181109315,-1.0457461131244359,-2.5763703907478637,1.5306242776234278,306.192626953125
3091,86.2889360825651,52.112835004090925,-0.08027339880406625,0.6052030176848628,0.6854764164889291,222.060791015625
3092,88.83740199700695,79.71863680137709,0.07806394052219723,-2.2384048905325153,2.3164688310547126,288.22406005859375
3093,61.734721201916926,42.925145260581445,-2.458439934331912,0.13604246505827344,2.5944823993901855,259.16729736328125
3094,70.12446517926348,70.46007194385244,-0.15822669802121325,-2.1731387465170124,2.014912048495799,306.7445373535156
3095,83.69956279311828,83.8463939354183,0.11656017759067128,-1.0891005744666735,1.2056607520573448,329.3785095214844
3096,73.51160664889427,60.33162555936403,1.2555670325123396,0.3491661695995898,0.9064008629127498,294.4638366699219
3097,65.55698799240616,50.42683751406107,2.009192908254793,2.9941428470706075,0.9849499388158147,236.31044006347656
3098,45.74773456552116,51.575122315575726,2.596483915949751,-2.3103010117193206,1.376400379510515,278.48419189453125
3099,79.29721944140236,93.51896324930513,1.84908979140502,-0.6741270754453081,2.523216866850328,304.0419006347656
3100,65.39787379051967,75.30308140221454,2.716909263434463,-0.18294366715905053,2.8998529305935135,277.784912109375
3101,60.252652372829445,81.62039655394412,-0.6630383556160129,0.21899244368578952,0.8820307993018024,268.4690246582031
3102,91.27524452205897,91.60703975042588,0.5337327443579891,-2.423275480955468,2.9570082253134573,282.2152404785156
3103,82.37233139203369,59.714644699957475,2.1608219915249904,-2.7613949024935174,1.3609684131610786,301.6082763671875
3104,78.75903338736444,62.05277910632151,0.3754159729478279,2.0966364023165722,1.7212204293687443,273.7021789550781
3105,57.57549132718224,39.513776709685494,-2.68881622209032,-1.0187513914793649,1.6700648306109551,321.1436462402344
3106,51.77957626279478,46.52161645366107,-1.3861677337480525,3.079597250138928,1.8174203232926056,343.5142517089844
3107,90.93284611919233,74.70481289792579,1.2894274671979309,-2.452797138512415,2.5409607014692406,342.4812316894531
3108,77.83884589677899,90.91278819696902,-0.40817954932074674,-1.8785840187230185,1.4704044694022718,332.9874267578125
3109,97.49778681398303,70.03318749829846,1.7319355330919883,2.1954467713976262,0.4635112383056379,242.5580596923828
3110,99.42112247710017,56.42483374568907,-0.5776904334574606,-1.6781947965527062,1.1005043630952456,419.5944519042969
3111,49.810547774729024,48.7487997531714,-2.7829690259859414,-1.5882390638522677,1.1947299621336738,452.3690185546875
3112,56.06471505169278,79.09696577894847,-1.5007383079547711,0.5130620186850803,2.0138003266398514,429.7232360839844
3113,37.52368311391081,43.72369807837595,1.08928442198913,-0.34631726582534084,1.4356016878144708,304.1681213378906
3114,75.15386799488141,77.78337372281464,1.102313536014643,-2.608120092645618,2.572751678519326,276.23992919921875
3115,36.279173363774234,82.607940184212,-0.09744024674132623,1.674216935924921,1.7716571826662473,332.26727294921875
3116,89.29350849718446,90.11373820354828,-2.2747621578543704,1.2020797271881944,2.806343422137022,310.6806335449219
3117,72.71027039480174,70.83995892581211,2.132485640725138,-2.9842635700271978,1.1664360964272513,280.37060546875
3118,40.9163766255933,54.16438049871644,3.128331555676275,-2.843374382838102,0.3114793686652091,204.2906036376953
3119,53.614212441085634,54.513902309320514,0.4271216421015702,-0.12137418238323772,0.5484958244848079,217.16342163085938
3120,51.0067765952646,41.18759312903366,2.2773046763496803,2.9045603093566443,0.6272556330069641,210.53033447265625
3121,84.80855578488458,45.61417441562432,1.1062620392760216,-1.4361341500326092,2.542396189308631,348.7724609375
3122,68.79073045975177,74.46695815615536,1.3995325761999684,1.248452257005865,0.15108031919410347,326.74786376953125
3123,56.8194964703041,73.47201398002107,2.893687334684768,2.326541789520755,0.5671455451640126,231.5719757080078
3124,69.89114647732814,57.33467246831273,1.5558658259323952,0.7046569467334969,0.8512088791988983,350.99322509765625
3125,88.39702736018822,90.10529052979614,1.1093402484083361,-1.066829374360795,2.176169622769131,306.1358642578125
3126,84.4097505202774,75.07191203718162,-0.18397392769644583,0.4300628666251889,0.6140367943216346,218.17947387695312
3127,76.53066447112451,46.75417321226549,0.9408673281845497,-0.7426982492462524,1.683565577430802,257.1414794921875
3128,70.85716541833398,53.89527762936373,-2.4317830665193707,-1.9960559394904127,0.435727127028958,228.58401489257812
3129,63.75879126565225,55.8047272538808,2.736727243011173,1.684379864911583,1.05234737809959,325.6963195800781
3130,97.93617102738085,100.76656605751681,-2.0622138890680883,2.273720758145167,1.947250659966331,311.43011474609375
3131,84.87345119637287,91.17943243648438,1.847055813797029,2.917201441854922,1.070145628057893,272.11138916015625
3132,51.012993308226015,94.54279116090105,2.6080904941374428,-0.4626129882290759,3.0707034823665187,269.9843444824219
3133,77.58325395923808,62.368089575484504,0.05486217089494039,0.7827125863362232,0.7278504154412828,203.57208251953125
3134,57.078144473741226,85.96370566187147,2.047697768917109,2.8015984156327915,0.7539006467156827,282.5845947265625
3135,62.092397059539735,71.86789303112877,1.3254213199895108,1.6322881290314868,0.30686680904197594,249.39093017578125
3136,95.65137087181452,91.69380422206743,-0.5203412401239214,2.0160392785941648,2.536380518718086,264.3128662109375
3137,101.74572783289955,65.80186246249569,1.9247281336876245,-1.795822231560704,2.5626349419312575,394.1251525878906
3138,63.5147178148889,48.98596425277201,-1.8667375840788094,-0.9109950134055307,0.9557425706732787,289.822021484375
3139,93.54175713782843,101.91138398538884,-1.1007272082830162,2.3298404267550206,2.85261767214155,302.57513427734375
3140,54.654905121092625,62.49299365766194,0.9147212002078629,-1.4836033565698195,2.3983245567776823,378.8363342285156
3141,81.25904649699817,60.058183972608816,1.4904273711821263,-2.448953680034128,2.3438042559633323,373.82232666015625
3142,80.04678950536913,51.198711309392905,2.9583471006245636,1.0560911132968354,1.9022559873277283,260.7999572753906
3143,64.3327563334611,98.94593190382264,0.1473770786521933,-1.7134944526280358,1.860871531280229,366.36517333984375
3144,81.79938713617109,88.71516270070907,2.4191600679323733,-1.658918531198505,2.205106708048709,397.4335021972656
3145,89.9645965987001,55.653535883692996,2.428895578932986,2.209061594450338,0.2198339844826478,81.1369400024414
3146,81.8591749427573,37.59926013196755,1.0610661177873206,0.9840545664199336,0.07701155136738701,80.5844955444336
3147,69.42802795790402,49.342323278682024,-1.0551412940292644,2.6901257601641246,2.5379182529861977,325.9587707519531
3148,96.66336114909708,87.1519518447577,0.24675298176815286,-1.8491000169775593,2.095852998745712,315.5227355957031
3149,36.89349022408047,89.1603502745748,-1.0212232306494071,-2.888939074409351,1.8677158437599437,408.5765380859375
3150,58.15598450375474,98.37737931941709,0.06875279885138763,-0.5457891488072462,0.6145419476586338,228.96315002441406
3151,52.04731605939374,46.41805279971088,1.7781491671733827,1.236048942579222,0.5421002245941606,229.31544494628906
3152,63.86395376083617,100.50714400784145,2.040372455666465,1.1239597992820238,0.9164126563844412,214.78553771972656
3153,95.00938124834518,53.97119168862015,-0.29608557388328993,2.282200975005164,2.578286548888454,330.1671447753906
3154,58.816785932900686,50.13779301998316,0.7595741467538493,-0.014232789526880119,0.7738069362807294,225.90487670898438
3155,93.90858329342805,36.78207604836457,-2.3335780595169195,-1.0041044510000834,1.3294736085168362,341.7799377441406
3156,94.97851964067225,100.6001085702654,-0.7228213205030625,0.43643240237112657,1.159253722874189,275.9613952636719
3157,42.91133942753844,48.888267111484346,-1.0099878727209095,2.5089222496447405,2.7642751848139366,311.04718017578125
3158,89.6813117350946,40.823220398898414,0.6968269357400754,-2.1515063158154186,2.848333251555494,280.875244140625
3159,81.35561581743168,47.300372289984956,-2.5953257190743946,-2.9835526753069868,0.3882269562325922,156.115966796875
3160,79.33555011253239,38.091164339072456,-0.5911524075562014,-1.8639724969286509,1.2728200893724495,337.6257629394531
3161,67.40276945315787,40.672551972798054,0.34202052863706367,-2.402086310765065,2.7441068394021286,379.6750793457031
3162,75.79492803055751,48.626463772449426,-0.9334203453904277,-2.9161655312171932,1.9827451858267655,292.8152160644531
3163,97.16662341399766,43.01647619595616,-2.437375711055465,2.388395257052542,1.45741433907158,278.4508056640625
3164,61.68259252470848,100.85576087075519,-1.218320688997682,0.9794563823085927,2.197777071306275,354.22125244140625
3165,37.599476513109956,97.81255961314724,-0.3775901631596925,-2.562371105772554,2.1847809426128615,371.3831481933594
3166,84.8272219722241,85.45267704243128,0.31097973495178355,0.2775599024569386,0.033419832494844925,193.56918334960938
3167,94.33450968523167,57.038513103351605,-2.6680721897168302,-0.5139324127076677,2.1541397770091626,280.0361328125
3168,42.78703857287866,99.87509531137047,0.3311743451229896,2.9717007564932327,2.640526411370243,457.4762268066406
3169,93.47326485141267,83.33072556504871,-0.640121498796939,-0.26466460673517966,0.37545689206175936,202.57028198242188
3170,50.26818431041744,75.47790561069725,1.7813813024640384,1.4078614607399658,0.3735198417240726,112.7276611328125
3171,55.78447743212339,79.96396299718822,0.7972327210334931,0.9249339041831446,0.1277011831496515,113.92440795898438
3172,52.80467142094587,76.55380208292928,-1.8784909047018983,-0.6237459554896141,1.2547449492122842,294.5611877441406
3173,72.16748195956845,79.28054306799581,0.4542832722410912,-1.5629247308756686,2.01720800311676,459.4954528808594
3174,88.64117150216933,35.98150534429592,-3.1398137800034664,-1.9475353453851643,1.1922784346183022,286.98211669921875
3175,45.75797842159544,98.71998285523932,-1.1988691733666916,-2.21933901961808,1.0204698462513881,278.98468017578125
3176,63.97032183934665,89.20220720760685,-2.302010651281944,0.5029905344367909,2.805001185718735,294.55792236328125
3177,53.79029932114052,95.95054385237967,-2.0396375189822384,-0.7864449791022596,1.2531925398799788,306.7809143066406
3178,55.09358044949005,76.45853683761744,0.5244169077045355,-0.20836498672265247,0.732781894427188,243.763671875
3179,94.87629634434468,77.03865826043894,2.4510200640049487,-2.08537255175063,1.7467926914240073,317.90374755859375
3180,52.54840182850104,96.61044219815489,0.10896563572892726,2.8333625716627893,2.724396935933862,323.2714538574219
3181,60.3686058918121,66.59943231779357,-0.3306989991667799,2.498106997762868,2.8288059969296477,325.1748962402344
3182,55.26528396568128,43.998101607381585,0.7849618000440692,2.113586987661515,1.3286251876174457,228.83847045898438
3183,93.00275317173593,67.6929830166736,-2.0876980898352038,3.0331108930680974,1.1623763242762852,287.97216796875
3184,101.37338887678231,54.25578721586957,-2.90008426906891,-2.3968878088558103,0.5031964602130996,230.1537322998047
3185,67.1117089497047,42.236763804145085,2.0086657439865503,2.7328013385141885,0.7241355945276382,319.3636474609375
3186,86.91712096090112,39.33538833184336,-0.8583654730752079,1.9132643240009157,2.7716297970761237,393.92431640625
3187,72.80782030387886,48.93838810161765,-0.3967563927722457,2.1827589946188537,2.5795153873910994,331.7987365722656
3188,92.82478337828829,81.80957594914416,1.225501337439196,1.8623758074393857,0.6368744700001896,260.2969970703125
3189,69.44853868110344,90.36930927475234,2.844106261822554,-1.1373098961730834,2.3017691491839494,307.9784851074219
3190,59.88280974764796,68.47123381448115,-0.42229759254441124,-2.7396559307042123,2.317358338159801,273.5111083984375
3191,61.5334025863572,78.51928047009602,0.10110925028624074,-2.977227293334592,3.0783365436208325,241.59706115722656
3192,75.29534366792241,88.83453798569562,2.7403108678574224,1.1525505904842444,1.587760277373178,281.2779846191406
3193,92.18097368121644,82.47666406329293,2.5921055187067834,-2.920342571127171,0.7707372173456319,209.5758056640625
3194,75.76402963260716,79.88534499422894,-2.3704852051467866,-2.93151157379951,0.5610263686527235,183.05130004882812
3195,44.19742867835809,62.49255278427708,0.18371064273137216,-1.6207653016978758,1.804475944429248,410.9441833496094
3196,54.179673564696834,50.87684778764173,2.8692696288218418,-0.10188686075931885,2.9711564895811606,250.8597869873047
3197,58.35087078024803,54.44889259734397,-1.0530371551393092,2.7275906134848134,2.502557538555464,306.1185302734375
3198,56.892617307473984,54.1652859897414,1.4811959786646263,-1.4688263503414212,2.9500223290060474,391.16943359375
3199,67.69426893582082,43.654360786741904,1.2893920242232637,-3.0291173365318347,1.964675946424488,318.7735595703125
3200,77.16574505355294,55.384211750545276,2.4795533642139427,2.626551291819358,0.1469979276054154,120.45881652832031
3201,101.75549033313945,96.96738320347173,1.5824091989982776,0.7593842080204758,0.8230249909778018,359.9591064453125
3202,54.87718460635486,51.43662731944384,0.6742839470319999,-2.227684298404596,2.901968245436596,289.8781433105469
3203,99.99241516549858,97.04981905707766,1.5904684719732103,-0.5272919757860355,2.1177604477592458,377.810791015625
3204,63.386459647339066,48.5917509119485,0.7468053796428782,-1.7774789788361922,2.52428435847907,347.23138427734375
3205,61.88673952883663,68.25262181942182,-1.5360570545797212,1.6107697565071462,3.1363584960927193,370.9477233886719
3206,56.01064626130463,37.01323922745685,2.2209781573619596,0.8051315591526897,1.4158465982092698,229.84524536132812
3207,77.59997973580178,94.93145589754275,-1.6080456914998305,-1.2222126109575595,0.38583308054227095,349.2310791015625
3208,53.62365143687096,83.5563096884463,1.4337930273579582,0.20624247568584897,1.2275505516721092,332.665771484375
3209,63.641647101059405,92.10875806388424,1.2723171553786665,2.5123281602702994,1.2400110048916329,271.6954040527344
3210,53.73413056459009,50.195042292796245,-1.7475715260372449,1.0432435432169918,2.7908150692542364,329.24114990234375
3211,69.73900823425791,77.58496979282177,-2.650452940288281,0.3826064664144391,3.03305940670272,289.32098388671875
3212,60.43888720496059,93.80757216369477,-1.2885804792515347,2.8256106968646924,2.1689941310633594,426.243896484375
3213,83.04226977371164,84.73725201251241,1.2033794997982223,-1.7660256274081283,2.9694051272063504,340.5890808105469
3214,54.80868582272785,96.2652584443504,2.1769466039476226,2.800755605949358,0.6238090020017353,271.2110290527344
3215,57.897710111014995,60.54234200591387,2.9777124716572203,2.2158658215834635,0.7618466500737568,238.59022521972656
3216,90.8145368538712,53.06744415486879,0.7784887202458708,0.17771624898380978,0.600772471262061,222.47543334960938
3217,76.93823683492863,97.43511462460047,-1.5853584280855895,-1.2630074278413452,0.32235100024424423,316.0711669921875
3218,98.47756801949885,70.8728036003722,1.259136000013835,1.0196974871065487,0.23943851290728624,249.0001678466797
3219,36.95353923812756,37.793632580013835,-2.380804401246942,-0.9565033490098727,1.4243010522370692,369.02850341796875
3220,95.7958641013714,73.23343351889913,-1.7299194040022867,2.0022067972530344,2.5510591059242653,390.5499267578125
3221,44.20671294266903,62.61189635209625,0.7481975545187147,-0.5847067958445367,1.3329043503632514,259.8665771484375
3222,92.72425885872141,75.01406857571926,1.335016816729567,0.272708041656625,1.062308775072942,293.7919921875
3223,39.02849945230294,73.64129482856265,-1.2317250983993,-2.4203961165217422,1.1886710181224422,426.2842102050781
3224,95.67635520612009,98.00376242470844,1.4997836186225184,-0.16961640256124522,1.6694000211837636,391.0697937011719
3225,72.28057143052493,95.41900129192749,-0.7302241570217571,2.141746551542277,2.8719707085640342,247.66650390625
3226,79.77630343008741,43.61617239802062,0.9672417701977212,0.8698810168692477,0.0973607533284735,66.58663177490234
3227,52.6155064079895,82.64678207901774,-2.2921205162095943,-2.600376864906234,0.30825634869663965,166.5598602294922
3228,63.999386478858376,88.790583461907,0.7758143117227494,0.4803230690561686,0.2954912426665808,182.27777099609375
3229,67.17231716625426,52.85593131053672,0.7697857473310523,2.7803540295757916,2.0105682822447393,257.3796081542969
3230,61.43364614860261,54.40938741046428,-0.9668950670654435,-1.8647423112228592,0.8978472441574157,274.721435546875
3231,47.43040931202283,35.5526286193183,1.3883611365780588,-2.864865033260462,2.029959137341066,394.16314697265625
3232,45.56331832715713,60.51358295014036,-1.532742967014689,-0.4118467983784635,1.1208961686362255,425.08135986328125
3233,77.6449689370206,78.13727163855593,-0.18135973467115285,-0.4443143787083055,0.26295464403715263,160.45191955566406
3234,62.36030869036357,69.31942676303572,-3.068933486630549,0.4429397347313131,2.7713120858177245,255.5702362060547
3235,101.58690718986085,35.76759444060958,1.7181228889210498,-1.1433110044318375,2.8614338933528876,440.9371643066406
3236,41.35422568827141,47.5597769778215,3.120908423992395,1.8287854324543336,1.2921229915380614,340.1892395019531
3237,79.93740469113045,58.719382403291554,1.4261508537448888,-2.721322421604395,2.1357120318303022,352.9069519042969
3238,89.57249928622949,61.65229063093898,-3.0726348617465864,0.7172625941821003,2.4932878512509,253.26708984375
3239,56.424915012825785,75.7018660398247,-1.974035693396222,-3.091190324693657,1.117154631297435,315.9036865234375
3240,86.3801604807733,94.04715992757616,1.5082192363085563,-0.0492751714144557,1.557494407723012,351.7149353027344
3241,95.50824705927198,40.25455262916126,0.41360768051879315,0.38791377625568524,0.025693904263107914,42.64948272705078
3242,43.743572463454136,74.69948755199611,1.8423637133589477,-2.6417468384212577,1.7990747553993816,345.4089660644531
3243,55.517762443475284,101.2365371122243,0.6279363115173551,-1.5493552174204022,2.177291528937757,424.58740234375
3244,81.13333958732443,56.74876753209675,2.992432473296086,0.17398837014722002,2.818444103148866,190.8478546142578
3245,57.62195477966464,50.18939643902398,2.0130592678737758,-2.188982815984403,2.081143223321408,267.8724670410156
3246,56.61590469954727,73.57950280930942,-0.8788120144919862,-0.8381046243375243,0.0407073901544619,51.20543670654297
3247,96.84310209602194,85.67945841698815,-0.3002713364694891,1.084799526795158,1.3850708632646471,297.4962463378906
3248,89.4938628973212,86.60903277931865,1.3974935747095198,1.2349892694724112,0.16250430523710868,220.634033203125
3249,79.15671979513922,85.86165017287036,-1.3101376149510993,-0.4125624148031788,0.8975752001479205,333.8697814941406
3250,51.118102776148135,76.45333369410005,1.6455805529892311,-0.5654688368328809,2.211049389822112,356.9745178222656
3251,50.10672960779708,45.57058472700327,-0.46307389329510507,1.58654853068475,2.049622423979855,380.2835693359375
3252,74.69586150875747,59.30110299678418,1.602004732247571,-1.5813866171472077,3.099793957784808,342.4393310546875
3253,99.75492931684197,80.56731601423041,1.8837671483065765,-1.0344201390240855,2.918187287330662,334.8576354980469
3254,76.50250040311707,67.6447698140803,2.7581818837215266,0.7151991111385403,2.0429827725829863,257.3675231933594
3255,90.45392730328578,71.47431938351752,2.2983628843635486,-0.037065234423049986,2.3354281187865986,267.689697265625
3256,51.42746750743652,42.99284707199457,0.9174390932257674,1.0726416954724707,0.15520260224670324,116.57266998291016
3257,89.51883368375269,39.991854521123486,-0.8491293549811543,2.6284983676222273,2.805557584576205,299.94940185546875
3258,96.08942491699233,97.37073213708922,2.5192967164473528,-1.1699899347004283,2.5938986560318056,325.6551208496094
3259,81.8442662186142,51.439908310890075,2.0791833518311824,-2.1875760781531595,2.016425877195245,281.3068542480469
3260,79.65680611351749,70.84021067940515,0.33454276009524886,1.6234328296975722,1.2888900696023233,349.8598937988281
3261,91.40600592410365,44.07989325000045,-2.8161297911906567,2.354610018411841,1.1124454975770883,352.0827941894531
3262,64.77761455401588,36.254036670147165,1.834664248172655,-0.3486993744589171,2.183363622631572,475.6304626464844
3263,48.75932430369064,100.05131420696546,0.47573003934231206,1.1869244772393417,0.7111944378970296,256.45928955078125
3264,60.04128032041153,78.86291823538298,-1.0344116656708966,2.253010395006073,2.995763246502617,248.8784637451172
3265,69.0159753005282,56.39407773432434,-2.5027261349180905,2.168253023601781,1.6122061486597146,283.9794006347656
3266,96.76290312072032,42.58065521927252,1.7719781528088197,-2.463581654244594,2.0476255001261725,439.18902587890625
3267,93.11806574530101,71.90605896679794,-3.0921162507388185,-2.1007855771207886,0.9913306736180298,263.62335205078125
3268,86.98530934097667,45.92618178731564,-1.6232830216051224,-0.10294604390221362,1.5203369777029088,462.6857604980469
3269,49.816695258275814,54.0768294178625,-0.904285696510966,-3.1171468289104234,2.2128611323994574,310.17425537109375
3270,35.067672995995636,78.63607895550906,2.2160990686870656,-2.069859732323569,1.9972265061689518,277.3685302734375
3271,78.64004133975338,40.91651661152881,2.7507945175072006,-2.7670433527629545,0.7653474369094317,218.95989990234375
3272,39.347889819719875,58.8203001188736,1.4897419891708816,0.3821667128022672,1.1075752763686144,350.6719055175781
3273,79.0510045541349,51.06269013301208,-0.2002555106900763,-0.6668369514570327,0.46658144076695635,216.70083618164062
3274,88.49922862032889,82.6075579038001,2.583226605720684,0.8568515802309911,1.726375025489693,225.51889038085938
3275,96.95299328956922,84.95410471366012,-2.7495666198741104,1.6265605710004891,1.9070581163049865,436.9204406738281
3276,84.1385984366953,85.68719885335153,-2.3190934002512744,0.9929769296686874,2.971114977259625,277.2157897949219
3277,77.85883856633072,50.43795778610236,-0.566995726469719,1.2615472680267068,1.8285429944964258,338.1199951171875
3278,90.28308220104815,63.9633104517585,0.69267590726496,-2.6243630828402793,2.9661463170743474,291.4570617675781
3279,58.56601821834448,38.96952629281685,0.3216626825772546,-2.9516862414102216,3.0098363831921104,342.9988708496094
3280,78.33013892046654,86.5773284594827,-1.5768386641978493,-0.2641883284554414,1.312650335742408,419.3432312011719
3281,55.58165442066656,43.98902106190331,1.1535108868336117,1.7989469232277404,0.6454360363941287,188.1540069580078
3282,51.30167880643714,94.25688200740373,-1.827769978847719,2.2237195029107832,2.231695825421084,345.833740234375
3283,41.875887678467556,79.20758442847438,-0.46703761308282354,-2.9928788119957854,2.525841198912962,394.0714416503906
3284,98.01794206577,48.432659327661526,2.049246834362785,1.701121149390362,0.34812568497242324,234.7641143798828
3285,94.85793959413427,98.94331487511788,-1.896707162667504,0.8867900868224741,2.783497249489978,369.7924499511719
3286,57.083933592755656,85.93133750836549,-2.224201967743256,-1.1388163512895524,1.0853856164537037,258.9659423828125
3287,47.18132275376041,96.82655108211787,-2.533610911884467,-1.4729563398691927,1.0606545720152742,373.2493591308594
3288,41.93114780109811,48.66847724240035,-0.20459705099578862,-1.4452048301509597,1.240607779155171,390.38690185546875
3289,56.17913386160471,39.776498644528836,-0.48540923300037564,2.4354864220941552,2.920895655094531,260.4418640136719
3290,96.51765877847332,45.308774743517674,-0.0566349029521831,1.4996213027729643,1.5562562057251474,394.91680908203125
3291,68.86580980130307,46.74205690161519,3.0710079891006306,1.3142349046809096,1.756773084419721,319.0184326171875
3292,99.23197496766343,82.27141974809157,0.7331380244042598,0.9878472106903677,0.25470918628610795,135.2766571044922
3293,83.4518113643374,85.06339956919328,-1.4620547789738367,-0.2830999537719787,1.178954825201858,469.18377685546875
3294,91.33596299909014,99.86102380790747,1.3758930691419664,2.0099645049825927,0.6340714358406263,223.81556701660156
3295,98.01875958185472,80.52298885714634,2.1445571514311554,-1.1173573560360839,3.0212707997123474,301.53680419921875
3296,43.61050667378825,85.72494369842246,-1.475244041754148,0.49095848119755825,1.9662025229517062,429.7789001464844
3297,85.18662849263703,79.43538347217444,-0.11753105627343041,-2.1655111787054846,2.047980122432054,307.68756103515625
3298,77.36594302737561,63.315730656094715,-2.601278440168852,2.620281132218291,1.0616257347924434,236.51223754882812
3299,51.31076537267243,36.34867718975981,2.61582965070688,-1.9533054607007003,1.7140501957720062,319.3549499511719
3300,42.619053889554955,69.00903641842518,-3.0699253391941306,2.3039560194306308,0.9093039485548255,293.50823974609375
3301,75.22156391934651,93.35330472007763,1.3280450926246017,-0.4874951371431737,1.8155402297677754,299.3678894042969
3302,71.73883168731766,74.28892864999278,-1.1132142972930272,-0.9747981788665991,0.13841611842642812,126.07361602783203
3303,86.19408237371029,70.24594579682271,0.15291465912467173,-0.8406396169443147,0.9935542760689864,269.3750915527344
3304,66.1478442439805,72.02946477851577,2.536296928500958,-0.9923303034685125,2.754558075210116,302.65289306640625
3305,92.72063543561771,40.01895106183085,0.311170515554668,-0.433647375140628,0.744817890695296,319.21063232421875
3306,87.56142605722869,101.50406369108038,-2.697357397065398,-2.318896729123201,0.37846066794219707,174.40626525878906
3307,38.33030828933103,70.53641340388663,2.8038633723938284,0.9775595702692037,1.8263038021246247,388.08831787109375
3308,68.20447681642653,64.46617657355473,1.0126931378169965,1.3241980373538285,0.3115048995368319,198.52101135253906
3309,96.33578500105168,90.11161414172685,0.8722526190633664,-3.0616554458604854,2.349277242255735,257.1717529296875
3310,38.7993346626785,74.3830778035615,-2.6901770246672365,-1.8297735313553156,0.8604034933119209,470.8304748535156
3311,46.206108707979766,71.6829119909321,0.1003500678403797,-2.5875181959266222,2.687868263767002,268.493408203125
3312,77.44767817848421,92.66832330492959,0.03099942358847807,-0.27759288255575054,0.30859230614422856,233.04696655273438
3313,71.59223195782732,64.23846514799835,-2.140792301137285,0.101728631095515,2.2425209322328,281.3843078613281
3314,96.605917153116,91.06265009240013,-2.548140602966171,2.8165002549598066,0.9185444492536095,432.506591796875
3315,46.50839923797806,55.2700428095832,0.27637840753295695,1.9643156885127526,1.6879372809797957,263.2994384765625
3316,37.87051036355136,101.56261310614533,-2.426867023231768,3.052475003201784,0.8038432807460343,246.87908935546875
3317,49.74085753709809,54.92677553851243,-1.131890220491932,-0.19479678998631833,0.9370934305056138,313.21929931640625
3318,75.22314742337178,73.62508636805842,-3.0627062263235785,-1.1632913836840306,1.8994148426395479,355.84393310546875
3319,68.86943284023573,38.64749921632264,2.667369009072061,-3.0122314970131154,0.6035848010944104,192.54800415039062
3320,59.63243331987745,82.73505918109191,-0.6558052776279464,-2.5019795264574207,1.8461742488294743,239.17044067382812
3321,80.20039227762133,93.95541782909073,-2.1496359835758208,-2.9482603623655046,0.7986243787896838,241.95359802246094
3322,85.00379644636575,51.334553301397555,1.544851094464403,2.629727098058396,1.084876003593993,361.9055480957031
3323,83.21693846265724,74.61844498505914,-2.0848083607071786,2.1213577524171354,2.0770191940552727,272.19854736328125
3324,80.23733375150405,51.98980294114939,2.6154379903840876,3.055402257793025,0.43996426740893746,180.78195190429688
3325,35.21984987058139,65.11939280248887,-1.3892946352239923,1.433766750082401,2.823061385306393,333.0533447265625
3326,43.85879987731764,72.47467061078382,0.8929090608186803,1.6672997439448674,0.7743906831261871,290.0362243652344
3327,50.34324614996888,66.62160434611808,-2.8049214365138884,-0.31910317848461567,2.4858182580292727,341.96636962890625
3328,92.23425694659309,94.68101662579826,-2.2115464041732666,2.7193887833433656,1.3522501196629542,286.7297058105469
3329,46.05504743684419,74.69157931874902,2.278147565011972,1.2869351627542587,0.9912124022577133,272.6461486816406
3330,53.42014545096343,42.62867066775708,-0.7196363656252251,0.6130019582375654,1.3326383238627906,259.10198974609375
3331,97.32918187020573,54.11026275000053,-1.8932781859461234,0.5927955667969682,2.4860737527430916,393.21014404296875
3332,79.11814062828445,91.48659275210275,-0.8927983739529304,-2.964513965828716,2.0717155918757855,333.7134094238281
3333,100.72470837701351,86.2595031849337,-2.6094607534587815,-0.7108037341043438,1.8986570193544376,319.77386474609375
3334,97.17780450127962,100.59532389511239,1.438875636185399,1.1191231166021867,0.31975251958321227,225.74417114257812
3335,53.82097061300533,49.85499943203345,-1.7525938644653085,-1.6033287561550267,0.14926510831028184,204.4796142578125
3336,50.464479108583106,86.69762445986628,-2.0502796511130814,1.4299856241483848,2.8029200319181204,318.2027282714844
3337,42.42296644705722,92.54431292195551,-2.1017531426093385,1.1143010657193528,3.0671310988508953,277.8656921386719
3338,45.27819609765855,74.81115589635093,-2.3044953027201482,1.2473907972862257,2.7312992071732127,410.2019958496094
3339,58.174242333283765,71.22447265872681,2.144069577973932,0.2872182309318516,1.8568513470420802,275.6459045410156
3340,58.78466558832429,65.76193027504259,2.345568018228686,-1.427791218216347,2.509826070734553,355.1777038574219
3341,99.13862165864788,89.34011115890816,-0.9250644449491556,0.8404822146501214,1.765546659599277,301.5321960449219
3342,91.1296971593432,67.06116521569845,-0.8758176804415987,-1.72869633483984,0.8528786543982414,348.58154296875
3343,57.477064998824204,71.98233795187599,-0.32933189145402153,2.499743590330052,2.8290754817840735,360.4434509277344
3344,95.5180971834171,91.84641447728069,-2.8402535476676802,-1.803665214581952,1.0365883330857282,324.52838134765625
3345,47.310838089370066,41.037365781184434,0.28906807080229635,-1.477792125201503,1.7668601960037993,379.542724609375
3346,82.43189420476642,43.187104991232786,0.5026031864892038,0.4519829687307757,0.050620217758428065,53.75080490112305
3347,75.80121331591671,101.03697512626933,-0.8284787174573398,-0.2971489501642388,0.531329767293101,233.8448944091797
3348,39.43049083332427,77.65488524513299,-0.37206849368578654,-2.2046048235261395,1.832536329840353,318.05938720703125
3349,47.70396733360728,93.67977489616277,2.8165713974978894,2.7099054160341627,0.10666598146372673,319.2461853027344
3350,99.55511303629129,40.85786224522212,0.0024262944663147046,2.407937156526394,2.4055108620600794,247.50205993652344
3351,92.30307282212621,37.462780739454345,2.1783734483783173,2.604603215965418,0.4262297675871007,269.4470520019531
3352,52.78693161550686,50.03073013885096,0.7607992944941553,-1.8466536811215333,2.6074529756156886,321.70074462890625
3353,56.91799795135836,83.06325481940037,-2.150339873527991,0.5963433532103601,2.746683226738351,285.47381591796875
3354,92.29222428014981,92.42781194678143,-2.7351328754844477,-0.04758628191830239,2.6875465935661453,301.39556884765625
3355,51.397824414274154,35.74460587624545,2.3707992321195483,-0.5149813222009891,2.8857805543205375,314.3550720214844
3356,86.69471568197395,79.0119038514905,-1.7960050788497284,-1.661983694392896,0.13402138445683232,230.68057250976562
3357,89.54094953134282,61.79584465655485,-2.8380362960889256,-2.9236963185032985,0.08566002241437287,181.37474060058594
3358,55.25561834706488,69.48105490657875,2.257954082185922,-3.0798270435494772,0.9454041814441878,232.71971130371094
3359,71.85796628170314,35.34028987487315,1.041893464204576,-1.4317970881494417,2.473690552354018,432.7384948730469
3360,52.589669784286244,88.94717697287386,-0.21240104669280635,-1.1270019300177965,0.9146008833249901,271.7308349609375
3361,84.57865507839429,61.45729729375698,2.28889133108732,-2.8650716411472708,1.129222334944996,328.9900817871094
3362,52.80279429816561,96.0827277469852,-2.661133195485439,-1.4425138920430982,1.2186193034423407,390.6603698730469
3363,57.13658528272202,88.83964214044894,0.6317127412028607,2.5574680132296663,1.9257552720268056,232.71522521972656
3364,37.17354172475381,37.97012414498869,-0.38489536422398585,2.899049620350315,2.999240322605286,443.7076110839844
3365,36.171320459066514,51.67599761730461,-1.6298561695510974,2.0250586810959046,2.6282704565325847,405.6767883300781
3366,77.53409073936555,45.30265336294077,1.4181627213694021,-1.814605582393278,3.0504170034169067,344.9640197753906
3367,74.62930023655004,55.731789618457,2.2217873008020357,1.6829938865127048,0.5387934142893309,242.1403045654297
3368,58.25545448733246,43.81712973256824,-2.2721725995435387,-2.2630125545195128,0.009160045024025898,19.57939910888672
3369,59.38492974619947,41.525168651163455,3.119329561564345,-0.22864067860425408,2.9352150670109878,263.6789855957031
3370,50.412973804622744,97.16845432421314,1.8353751269615062,-3.0384625556041738,1.409347624613906,276.4612731933594
3371,48.487573337520885,97.73545086318863,-0.7134443587967136,-1.7068158289388669,0.9933714701421532,345.7923583984375
3372,35.636216846593705,68.85758426122496,2.2601898943905416,0.7224608253596561,1.5377290690308856,225.79818725585938
3373,45.32834034259349,73.20522826993123,2.41802663093868,0.9625513318845629,1.4554752990541173,234.1024627685547
3374,81.45004846092664,76.48888517297327,-0.7805062762317259,1.4688826888972741,2.249388965129,384.65277099609375
3375,65.37815388225098,88.59380203393764,2.7191780006575677,1.9929323721740904,0.7262456284834773,242.26397705078125
3376,74.48234728065708,44.33399768819572,2.9148309932604706,1.041206956047409,1.8736240372130615,227.5315704345703
3377,58.02441629991976,87.26066142976762,1.0492295009435155,-2.4184457088225546,2.8155100974135165,246.0226287841797
3378,84.91851091575273,81.06241875512742,3.0891382504804685,-1.7204516258862272,1.473595430812891,373.9918212890625
3379,80.37957672104213,83.1067615010569,1.2822960465278532,-2.1313697794031006,2.869519481248633,290.5604553222656
3380,63.439865159992095,56.2042104841384,0.12848317096013284,-1.5714674067614902,1.699950577721623,433.7110290527344
3381,68.08567079595308,100.27211169203972,1.7532771903368305,1.8376390640175924,0.08436187368076187,201.80409240722656
3382,85.977456496964,95.38364230377891,2.0100413599940614,1.69823379509275,0.31180756490131145,221.2742156982422
3383,81.32978923474887,84.95879444999824,-2.980702401823178,1.1537679654078534,2.1487149399485546,260.2114562988281
3384,79.7396671260733,82.44059758668777,1.615326722481015,2.655477459955865,1.0401507374748498,369.3538818359375
3385,79.15389670040551,63.97052628601948,-2.655538057780606,2.5893617897416066,1.0382854596573738,256.8924865722656
3386,51.15010768896566,45.2499694113847,-0.4841337714947058,2.902289401909572,2.896762133775309,280.7583312988281
3387,85.15355116516446,83.55908648648962,0.603461767358362,-0.046869780123046656,0.6503315474814086,215.62472534179688
3388,53.588588472615825,79.43945137964695,1.5145968259300018,-3.0901022529413136,1.6784862283082715,395.08050537109375
3389,88.63947206848968,75.92822152861525,-1.5698132480276876,2.2538540151821316,2.4595180439697675,421.00164794921875
3390,75.08132114195446,36.48641682560027,0.9004119780397417,0.910979492413305,0.010567514373563291,15.211577415466309
3391,84.18342247528061,78.13469664154505,-2.8628672983433314,2.6166397379686357,0.8036782708676198,245.92784118652344
3392,39.05270676009662,65.45376056248972,-1.2441280914244792,0.6819225203351156,1.9260506117595948,403.5499267578125
3393,35.733078016689156,87.27114518448774,-2.0794917439215848,-0.38632047203213826,1.6931712718894465,326.0349426269531
3394,53.91552336776262,72.7583972201844,3.019669141557654,1.694360208506012,1.3253089330516419,362.8901062011719
3395,93.55738490692667,93.92183538430943,3.001424364714449,0.9588011730091184,2.0426231917053306,271.3749694824219
3396,69.74737474208862,43.90975249728929,1.337391721028066,-0.3739609118243954,1.7113526328524613,405.5896301269531
3397,51.74631575106548,69.18904744471018,0.8582100507175903,2.132569037732903,1.274358987015313,194.91879272460938
3398,60.409487830148976,43.56799342671236,-0.803460423668469,-0.0077656670837598085,0.7956947565847092,244.9762725830078
3399,96.12939289232669,40.97002449769967,-2.2416526667014374,2.4315325524013742,1.6100000880767749,273.5176696777344
3400,70.44740853604296,46.6773033665969,-0.564262057904946,-1.1335471655458949,0.5692851076409489,243.4319610595703
3401,62.905975395915384,68.07952930974574,1.2938573264120583,-0.09475017414756293,1.3886075005596212,289.00115966796875
3402,45.511690559583386,78.21543719447342,-1.583690705137863,1.916446520670898,2.7830480813708256,425.34344482421875
3403,54.731084023437674,42.44739132986054,2.901395055713648,-2.0848923116593534,1.2968979398065852,295.49603271484375
3404,69.81967701640116,53.304616889456064,1.467080343258515,0.5139745640445299,0.9531057792139852,351.1123352050781
3405,93.40094265090183,68.68596885060298,-2.9740043488229673,-2.1788217121631193,0.795182636659848,252.05593872070312
3406,59.15541029583169,92.2767619917182,-0.8997418427451911,-1.007458381350642,0.10771653860545083,104.92239379882812
3407,60.63310087698484,74.49030934611667,-1.2626266447709251,-2.662627991302969,1.400001346532044,379.4540100097656
3408,50.32146212820883,71.97157831049802,-2.379469382021828,-0.1143880810198108,2.265081301002017,278.0658874511719
3409,56.08260002411329,90.66015678184272,2.1020793414349326,-2.5895623001792463,1.5915436655654072,305.3511047363281
3410,86.41480507723354,77.53864378077964,-2.475357437728422,0.05178070488165032,2.5271381426100725,304.2212829589844
3411,83.71511632083092,78.88423759468613,-1.5024254625933433,-1.728733891353326,0.22630842875998258,176.57351684570312
3412,77.39374398632626,42.58417526766371,-0.37622789804355117,-0.21699134921319407,0.1592365488303571,171.38787841796875
3413,49.96646568839505,41.45476760828202,2.6166214283077007,0.1961417313166356,2.420479696991065,235.15162658691406
3414,64.5012656397131,36.16897380194338,-0.8065547659237384,0.340050046355286,1.1466048122790244,436.852294921875
3415,65.53729135512614,80.45926146739527,-0.4048266481189673,2.423524481797437,2.8283511299164044,305.86785888671875
3416,54.946116966854476,54.328070162360476,-1.3197919830064575,-1.5948979503151486,0.2751059673086911,411.0609436035156
3417,92.33677031024683,99.47563616177732,-0.43493364094501663,1.925278567943577,2.3602122088885937,320.40167236328125
3418,46.4934941259541,61.66221435444637,2.726865792861097,1.552902618018817,1.1739631748422799,382.7161560058594
3419,51.278474835719955,75.24128031950309,1.743967631824602,-1.9584417364744355,2.580775938880549,313.0927734375
3420,42.309784727611344,40.543138166689076,1.4407865512054814,-2.133890602336783,2.708508153637322,352.5008239746094
3421,51.547426778845875,52.69242220919742,1.3156558778714622,-2.683584412716851,2.2839450165912734,307.25506591796875
3422,35.69782282049978,49.74029440618436,-2.6441128541481667,-2.5048171690492564,0.13929568509891022,158.61605834960938
3423,77.22187459885916,74.8874823986005,1.8461735557776198,1.295814973186225,0.5503585825913948,168.77401733398438
3424,99.1841695359112,53.00707798049497,0.5798942550397759,2.794649374408822,2.214755119369046,271.0032653808594
3425,99.64243984793157,76.31648338724969,1.5674857317352586,0.5577854433086737,1.0097002884265849,375.0340881347656
3426,86.43780982018916,58.54780388917969,-1.1924218664464958,0.20795744160964436,1.4003793080561402,340.54931640625
3427,86.28128483123983,44.20478462105755,1.0497862118611518,-0.0959768831301755,1.1457630949913273,265.61444091796875
3428,48.68909035595068,54.93044428032232,3.1352123502974605,2.0401888978878384,1.095023452409622,273.9549560546875
3429,90.49041026279397,66.51568519460801,-0.2629784804711939,-2.524630135990033,2.2616516555188393,290.1522521972656
3430,71.14850265877436,97.26439969274125,-1.3134471979241031,-1.8866627015122022,0.573215503588099,245.7330322265625
3431,95.04039345117448,52.46579132989524,2.251666849437444,-0.6470045372028062,2.8986713866402503,254.37142944335938
3432,55.33098059022167,66.85276104400545,0.5062379106539248,2.458221453944975,1.9519835432910502,252.87303161621094
3433,56.03198572009542,78.34523239775893,-0.04974774376084623,1.7240899392345863,1.7738376829954325,336.3378601074219
3434,62.07932276730563,83.83379590189296,-1.43802782156838,1.0452192528215827,2.4832470743899626,380.96966552734375
3435,78.22321220915629,74.53320640618512,0.026222698966708702,0.8755631760116156,0.8493404770449069,230.03033447265625
3436,68.77450596126099,48.385553087808965,-0.8352705943872074,-2.505757437758383,1.6704868433711755,241.35086059570312
3437,77.61157787843105,74.92954809007537,-0.4186344835391127,0.0684830062197852,0.4871174897588979,233.91819763183594
3438,71.6347703440492,71.70627626686988,-0.6186540953332931,-0.08349992436249254,0.5351541709708005,205.61399841308594
3439,91.58369448595624,70.55671628155291,0.5955434226622311,1.7394426662685527,1.1438992436063216,327.2590637207031
3440,51.68030964627566,76.76188158934806,0.16537922358483836,0.07286397443640791,0.09251524914843046,103.443115234375
3441,60.7747982725905,100.38554215492633,-0.932165323329917,2.2569698263894606,3.094050157460209,290.8507080078125
3442,55.86664073253984,58.29304415875857,-1.2394504341951806,2.8335097668169125,2.2102251061674933,319.34075927734375
3443,85.47581819388921,75.38053120921026,-0.6546523034119129,2.7220531050020265,2.9064798987656473,309.3133544921875
3444,71.60247519382285,67.35840287760053,1.973293038782515,-2.529224667775067,1.780667600622005,310.47100830078125
3445,43.46932590775727,39.38150174863141,0.7571812344042566,2.9667319396720915,2.209550705267835,327.21258544921875
3446,60.1270118754754,65.836053473551,2.5567029145347018,-0.4926871639593067,3.0493900784940084,284.7421875
3447,61.15617228854225,94.53932994512112,-2.3245044650319837,2.7325140089444577,1.226166833203145,265.2812805175781
3448,57.02672020918009,73.27828593763562,1.4247727154438996,-1.5678743612166708,2.99264707666057,393.1430358886719
3449,97.5087511256364,71.29015901365932,-0.9872109876381372,2.4765469489175755,2.8194273706238735,280.9646911621094
3450,78.84281973784753,44.10650957799636,3.094137803221675,1.0454463307617274,2.0486914724599474,245.7436981201172
3451,53.31592916247854,49.83107732718827,0.6889903801696811,1.939483840252727,1.250493460083046,313.15020751953125
3452,55.01415872859037,55.06487249838507,1.6986974612776704,0.1162478162630789,1.5824496450145915,345.9140319824219
3453,90.27730333629151,56.66153976157072,-1.0963089218103441,2.3534960403803398,2.833380344988903,323.3708801269531
3454,61.74592427331628,53.41077573266489,-2.9083213254580977,-0.43930642302392187,2.469014902434176,273.10174560546875
3455,50.58028999775466,69.05843829643692,-2.1353660888483708,2.823270270677372,1.3245489476538437,321.6880798339844
3456,92.36856669560282,86.6592210968997,2.325862102783712,2.7012844241657765,0.37542232138206444,156.24961853027344
3457,50.60465533804351,65.46522267250728,2.278181618024652,-1.3433182345269246,2.66168545462801,351.1922302246094
3458,83.16346421604004,44.64038372313129,-0.8793310392836231,-0.5932334828326233,0.28609755645099977,137.58998107910156
3459,69.772392924314,85.11302228971522,0.23816565833572012,-0.2108818408999653,0.44904749923568543,175.72865295410156
3460,58.51608446953591,62.09159756647047,-0.2981242552226848,-2.4211296884861726,2.123005433263488,374.0489501953125
3461,60.182906747241326,56.7740220355267,3.140548335824503,1.0901728917554117,2.0503754440690916,262.2499694824219
3462,57.449946290581096,97.52093609950589,0.952140751629079,1.9905652624374728,1.0384245108083938,225.61769104003906
3463,93.09376141002943,74.79319939944,0.49509196569478897,0.8481618596516887,0.3530698939568997,191.72402954101562
3464,101.93627961970263,100.25261382434468,-2.6942759736023607,0.7164074925036608,2.872501841073565,301.750732421875
3465,70.49068515738692,66.0295923698541,-2.77098350342874,-0.3025862695394368,2.468397233889303,257.2107849121094
3466,67.51358715736038,54.18907056369185,2.2421939694771,1.0084782472653924,1.2337157222117074,207.48338317871094
3467,45.253637747559694,66.47235598564144,2.4562240864712566,-0.9610125889224239,2.865948631785906,308.38653564453125
3468,96.63054537816879,98.43464058726548,-0.28306666374841427,-0.04825632534209312,0.23481033840632115,167.57054138183594
3469,91.2687121310048,87.97050642070099,-2.8421376155606737,-0.2082615025543615,2.633876113006312,264.1626281738281
3470,43.4903875989323,50.43946776044539,0.3251917048255182,-2.6472561977563522,2.9724479025818704,471.8231506347656
3471,60.478354397986394,52.68250498143922,-2.0497077246345228,-0.3098416521775782,1.7398660724569446,343.3783874511719
3472,53.63733548553901,96.80508919359005,2.1964767583814266,-0.7091122876671001,2.9055890460485267,259.58984375
3473,57.28458566442137,93.29330654909941,-0.6038998591595166,-1.0115113534886033,0.4076114943290867,176.99752807617188
3474,84.40765501182779,77.82262608885988,-2.690527996426312,-1.6277883235192163,1.0627396729070957,427.9816589355469
3475,83.85746280413483,37.527617188592984,-2.914235156660283,-1.1154349872474936,1.7988001694127895,315.43743896484375
3476,72.89881529531559,82.62629308647743,-0.8301057408589907,-1.1649189496903896,0.33481320883139887,237.95140075683594
3477,65.05730591653739,43.59304606363048,-2.057538851480909,-2.5422091696272595,0.4846703181463506,173.45835876464844
3478,90.6962661924542,68.9299480471451,-1.4308499687107674,-0.5955151585828165,0.835334810127951,387.2620849609375
3479,40.301456403643684,89.66641999882249,1.3391265780960913,-2.248135946194881,2.6959227828886143,292.3937072753906
3480,77.1335222894173,40.1274483942312,-0.4285588153354212,2.654119908242061,3.082678723577482,272.1837158203125
3481,51.394817452035134,48.65607307029391,-2.4366981541280914,0.6619096108044764,3.098607764932568,267.8345642089844
3482,49.2453998287873,58.79603708013263,-1.0097512944484826,-2.386728168733431,1.3769768742849484,284.9601745605469
3483,81.64049748641877,67.8880482344305,2.812552206234753,0.45093303374443083,2.361619172490322,257.46343994140625
3484,39.0263380992282,84.51911865035177,1.278509748219638,-1.7357242782671507,3.014234026486789,364.6148681640625
3485,45.09855639041534,43.00029191467677,1.7582938805289432,0.31154463625775275,1.4467492442711904,415.0442810058594
3486,46.64744098848266,59.349711599858196,-1.2510278186627555,-1.0138562545086525,0.237171564154103,330.95697021484375
3487,90.73440393410944,63.23560323186855,-2.477313169669777,2.4474876331812236,1.3583845043285854,247.81886291503906
3488,91.29514769092626,87.32080626278395,1.56659456681688,-2.2565229572711214,2.460067783091585,393.65576171875
3489,61.70561832556281,73.06201321557926,1.165845806022853,-0.9867917844513356,2.1526375904741886,304.8979797363281
3490,101.43803078534928,89.62275006069183,-2.653721015842257,0.736389288175991,2.893075003161339,321.4483337402344
3491,97.07201912678158,82.72796072627506,2.076097732334956,2.589379224577815,0.513281492242859,222.28579711914062
3492,79.29287322779892,41.099882064001235,1.6741660784410772,-0.10506834964313105,1.7792344280842083,381.6722106933594
3493,63.327124510985286,99.18485257774336,1.1069430906304953,-2.8945053184902942,2.2817368980587966,255.43528747558594
3494,96.72704787000045,82.235378665957,0.46543414589175036,-2.2939656455685733,2.7593997914603237,309.2827453613281
3495,70.99893519697238,39.942464499282266,1.6140712058646498,-1.347710069327132,2.9617812751917816,416.6757507324219
3496,90.918052906316,79.68912770362999,3.0932398375813523,-0.13435884052919622,3.055586629069038,221.32351684570312
3497,94.84965860664532,39.063836083085896,2.0993582184517665,0.5581479239676699,1.5412102944840966,304.3739013671875
3498,77.6539161851673,42.99267216045378,1.1148313744668803,-2.75933325063456,2.409020682078146,323.7378845214844
3499,46.84340730252587,86.01631613506665,1.0446715423607618,0.6255289362779743,0.4191426060827874,187.37020874023438
3500,77.29487618324805,88.86397626905902,2.9779946796490346,2.5719111826642775,0.4060834969847571,194.435302734375
3501,44.35068430565231,96.63164072197708,-3.1262057958166443,-2.804517818432305,0.3216879773843391,314.80029296875
3502,44.454386928376984,89.33700516233733,-3.0657279995549747,-1.3715153121067538,1.6942126874482208,372.1376647949219
3503,83.54319662883654,58.59963517039505,-2.877802783146051,1.9145251869822228,1.4908573370513125,356.87152099609375
3504,65.26358052671651,55.39366162859928,1.147934708446436,2.0370656435621406,0.8891309351157046,201.4637908935547
3505,68.37619580410987,68.07108154270493,2.990218174528195,-1.6065210664549623,1.6864460661964291,425.94061279296875
3506,101.84334086064496,49.804104718302746,-2.2708328221797434,2.9777328169782136,1.0346196680216295,277.3077697753906
3507,43.87540774440303,82.4442343895762,2.253280461609388,-0.1772003136439122,2.4304807752533004,271.8102111816406
3508,44.5012133209785,39.15308205835621,-1.4473024974703252,-0.5101808884902681,0.9371216089800571,344.92486572265625
3509,66.43250834716414,76.01712136468504,-0.434291674928609,-0.9404908807753216,0.5061992058467126,223.9080047607422
3510,83.4733454687404,94.57348068526372,-2.1235534134831093,-3.0429739419728676,0.9194205284897583,267.2530212402344
3511,71.65453214537078,57.84297386301524,2.466617845145614,-1.777081773976561,2.0394856880574115,338.96929931640625
3512,56.065894469340506,86.65019075973542,-2.0484832246331734,1.5084845128438733,2.72621756970254,359.7215270996094
3513,54.41015821861813,90.33898386457415,2.265189453989233,2.4216585540265463,0.15646910003731307,86.61720275878906
3514,68.06089397362456,80.88368957204287,-0.14401310736360218,0.7150425579492552,0.8590556653128574,244.85670471191406
3515,62.87820109448825,65.10853688865816,-0.5301897649731786,2.1341815248710407,2.6643712898442193,277.51727294921875
3516,65.6619808275316,89.94513370362114,-0.12020058585570759,1.4303901648520778,1.5505907507077854,334.1968078613281
3517,96.48152160724607,88.29506087276441,1.4296274088820669,-0.5148312182974166,1.9444586271794835,346.12445068359375
3518,95.17191849457672,61.76328887517458,1.4893181067468193,-2.1244159801165257,2.6694512203162417,373.11614990234375
3519,87.81563442535284,85.42040178267696,2.7927589231093473,1.7823028253112199,1.0104560977981274,304.63134765625
3520,76.55236855646893,72.03439175995125,-2.7378599116591147,-0.4658041717144896,2.272055739944625,258.08294677734375
3521,67.75658767222947,82.08660724736413,-1.422982055690349,0.936784284357917,2.359766340048266,398.59381103515625
3522,35.778388794522385,59.57085912463927,-1.3130576278070745,0.019569560913716533,1.332627188720791,328.6715393066406
3523,75.00960365259665,95.10273000027308,2.8663899628112146,-1.8332233173044852,1.5835720270638867,347.05780029296875
3524,86.27167070411033,42.67791860984361,-2.7790460613547903,1.9322647901460828,1.5718744556787139,349.995849609375
3525,90.9860750088024,83.34699835404344,-2.547229512774469,2.8350254974060913,0.9009302969990263,321.65704345703125
3526,42.676665796338995,93.66476396314818,-0.2349153553051888,3.011235347765788,3.03703460410861,331.5594482421875
3527,60.37980674287802,101.5897330701875,-0.11609276349503439,-2.929474981764981,2.8133822182699464,236.6785888671875
3528,80.02035563418013,96.52181751468893,-0.6032364835074593,3.0298822452648615,2.650066578407266,282.5197448730469
3529,73.24297372594793,100.75759153198584,2.2383340104998624,0.02387983361649404,2.2144541768833683,264.0247497558594
3530,72.8261303774535,92.82263611581044,-1.4176994872681565,2.1449862600372924,2.720499559874138,338.8114929199219
3531,51.466438527621264,99.57157951095279,-2.800056290739004,1.4551550391201005,2.027973977320482,351.92999267578125
3532,39.648976664357505,58.87574693237822,2.0705354331636165,-0.5372263339188907,2.6077617670825073,257.0863342285156
3533,67.68244374600171,68.23634628808045,0.863170053232114,-0.29714465207730223,1.1603147053094163,335.72332763671875
3534,92.39852283282642,77.89407871283589,1.8769163567150144,1.2202558394519665,0.656660517263048,178.0316925048828
3535,51.23116847111088,92.30532206896063,1.156520166329873,0.8552835971969643,0.30123656913290864,178.33580017089844
3536,80.02335771781895,80.36094681038047,-2.919249717968049,2.723956897995211,0.6399786912163263,195.50572204589844
3537,38.692021773899086,39.00141074405375,0.1887459325016012,2.1131311734533726,1.9243852409517714,370.1507568359375
3538,54.80366823232084,74.4238696239533,1.2041658866464449,-1.2379230267528527,2.4420889133992976,312.358154296875
3539,71.62622542219853,62.954793048015134,0.7758275042295186,2.092648894125153,1.3168213898956345,229.07955932617188
3540,85.97789474767427,101.23062967217125,-1.2156392063332253,2.7199800170827713,2.3475660837635894,331.96539306640625
3541,87.93478389080074,54.05140475500306,-1.2065552192975688,0.01376570514368014,1.220320924441249,347.6681213378906
3542,66.7020052374126,57.037136908679535,-2.2643693830289813,-2.573827768530699,0.3094583855017179,172.48170471191406
3543,88.02060335841826,50.47694346182131,-0.610044079803894,2.4630312559689553,3.0730753357728493,268.41754150390625
3544,40.24325092464912,96.84380806419156,2.9171935891670238,2.5208416844480697,0.3963519047189541,176.6075897216797
3545,50.33795723966775,52.77450457507251,3.0857006195974828,-1.9079138153441735,1.2895708722379304,364.9368591308594
3546,84.92150705869761,92.92916753411511,-0.05171811097124035,1.7958792598030575,1.8475973707742979,303.4568176269531
3547,37.69951284034768,38.13975239584206,1.417315120890187,-2.894852787185065,1.9710173991043345,368.82666015625
3548,69.09066026810885,61.94785901713658,0.45082722436643197,-0.4493240314516509,0.9001512558180829,265.94378662109375
3549,82.80567875964621,85.68080629079873,-2.246563739530223,1.8061221387600437,2.23049942888932,315.15863037109375
3550,70.85574069159276,71.71228398697869,-0.34909849900079504,1.9890936394885816,2.3381921384893767,315.5595397949219
3551,76.08221880846924,101.53442414151002,-0.48459628642883734,-1.5533051109709184,1.068708824542081,410.92645263671875
3552,91.67443995085492,65.55191449109607,2.6946696341429393,-0.48146676623236084,3.1070489068042866,269.3044128417969
3553,53.3164502866468,55.34228051426008,-2.2557054740214944,-1.4952134904634702,0.7604919835580242,350.47003173828125
3554,46.80409256202014,89.35944560728412,2.501797702708177,0.19396008289095512,2.3078376198172217,266.5011291503906
3555,68.01043143703504,50.73334214129193,-1.1928629904765784,-3.010342398230681,1.8174794077541025,345.9128112792969
3556,100.82363827481613,80.02759746922248,0.2759201720476403,-1.5936263535884385,1.8695465256360788,434.9442443847656
3557,97.81781622003074,97.65973900352463,-2.9057174986664602,0.7811068022025824,2.596361006310544,299.8625183105469
3558,55.250747452412014,72.49904443026091,2.7718234747726456,1.445565561674269,1.3262579130983765,322.2081604003906
3559,90.46726740564421,99.44825112028276,0.32906473789071766,2.5697373296701818,2.240672591779464,380.24444580078125
3560,65.15042563835452,56.814359827198686,0.9356808711239619,0.7894102800468628,0.14627059107709917,91.1707534790039
3561,46.662029765837445,56.6795108504358,-1.3355953453894338,2.0303328064213515,2.917257155368801,269.76702880859375
3562,81.89148195264079,98.70103497794894,0.9169339984603768,-2.0995787369874668,3.0165127354478436,265.3321838378906
3563,49.04367006876491,71.09723084061892,-1.9222960600455563,0.45381827492610727,2.3761143349716636,294.12060546875
3564,54.0312211213871,66.41921818225595,1.8860718281434812,1.8928623423064916,0.006790514163010464,53.58938980102539
3565,70.24464728100156,63.6845794589532,-1.5804565481347352,1.8832813028059343,2.819447456238917,427.5489807128906
3566,92.35867905978446,58.16736924040456,0.41078404679073577,0.582443329876452,0.1716592830857162,151.6078643798828
3567,52.90649760872958,63.2932916308213,-2.490729217613554,-2.130323113339222,0.3604061042743316,166.29100036621094
3568,96.13683256817052,88.22648231445658,-1.0636017668298288,-1.7186802943556172,0.6550785275257884,311.37823486328125
3569,58.733930222855534,62.86135158359822,-2.3435602387877683,-1.8244412491522242,0.5191189896355441,269.5390319824219
3570,41.17178490269996,57.6054187979514,-0.9789824347983167,-0.567413631931815,0.41156880286650166,193.8592987060547
3571,58.33857643561726,37.37719839762657,2.0444035912018057,0.2423850320707568,1.802018559131049,355.4029541015625
3572,78.61719576424542,80.63772845038912,1.2773432498535549,1.8801319125998734,0.6027886627463186,177.5128173828125
3573,66.19192888507162,47.50048966337677,-2.3233916760247717,0.3852064263804271,2.708598102405199,272.8542175292969
3574,70.95334096577074,36.98663259547782,-2.1869174635298707,-2.0972331557354247,0.08968430779444601,85.98065185546875
3575,56.8666168122463,72.84282078387258,2.6611691028741564,-0.4929468385739346,3.1290693657314956,255.30857849121094
3576,48.621722379932265,75.96041916777881,1.5859858576518526,0.6651841189538099,0.9208017386980428,362.810546875
3577,73.27612985209001,45.527971113583355,-2.3264362798936142,3.028822944518521,0.9279260827674513,241.53822326660156
3578,36.85385234442442,42.93583602750383,-1.673445141454747,2.430646300058691,2.179093865666149,413.51702880859375
3579,99.83001783351408,96.53864769539538,-3.0049238352794494,0.2526010432099719,3.0256604286901654,235.69760131835938
3580,55.04113971703205,72.14786078248554,-2.5743440449329618,2.8038693676551762,0.904971894591448,316.52044677734375
3581,99.99288202895781,60.72093796164681,-2.9092176304386115,-3.092251159966386,0.18303352952777452,146.40249633789062
3582,37.767348358301085,87.31449310927059,1.0570296656552252,0.49794311368267685,0.5590865519725483,216.3332061767578
3583,41.87853886389233,38.82848433531701,-2.1043725879769495,-1.0762942878161348,1.0280783001608147,260.4028625488281
3584,42.115215231711055,68.2631166923722,0.9855326858281881,-0.46518057430106685,1.450713260129255,263.36785888671875
3585,91.28931999923626,88.26918797097225,-0.5460984690482671,-2.812431555025088,2.2663330859768207,331.4560852050781
3586,42.514138844856284,74.63318331098878,-1.0025570950229272,1.6133912269409425,2.6159483219638697,325.3811340332031
3587,35.15873718115905,90.30600319784739,0.8333679435289354,-3.0995406502333216,2.3502767134173292,418.80865478515625
3588,69.74751914137147,67.16129012338871,-2.9334101575959317,1.806382535913147,1.5433926136705074,308.70184326171875
3589,95.06389227313457,38.59786715792053,-3.122594588248504,-2.7448780060467532,0.37771658220175075,222.95884704589844
3590,42.44257639018061,73.90239271790315,2.280840302169908,-0.140877017629784,2.421717319799692,285.7864074707031
3591,69.98264778963168,48.65046050049897,1.773201067401307,0.2948868656469439,1.4783142017543631,320.6971435546875
3592,77.45511815725425,60.08612039181576,3.07769094621558,-2.6130177290634142,0.5924766319005921,252.3973388671875
3593,96.75036069973928,54.979147610999675,-1.6599571345927717,-1.5212704414539033,0.13868669313886842,92.66313934326172
3594,94.009013855504,67.40842286751905,-1.1408564715136094,0.8883766406340472,2.0292331121476566,346.95977783203125
3595,53.89355799287041,89.874088725245,-2.9804633357688797,1.1870013659847167,2.1157206054259903,293.337158203125
3596,53.69692311572351,60.950731322578136,2.8687085899103977,1.9877040804853987,0.881004509424999,260.6421813964844
3597,81.26298752334,53.862132101277496,0.1698793497719615,-2.5516011628082773,2.721480512580239,260.0138244628906
3598,74.51308314083883,76.04241080190215,2.7469520753909284,1.6616158715342104,1.085336203856718,358.6552429199219
3599,65.60535938632476,35.794273887887265,2.9681264948337764,-1.5711721399190963,1.7438866724267135,413.9327087402344
3600,64.5096600449561,64.57480516422706,-2.849475881819879,2.638600308422366,0.7951091169373419,228.76780700683594
3601,41.94262831541841,52.126910482677744,1.8980719602214098,-0.49952804338131607,2.397600003602726,399.0716247558594
3602,94.72960882927714,79.76951463479277,-0.7125677405340487,-2.9677133672793765,2.255145626745328,283.5838317871094
3603,59.83557318810979,55.5737610555284,-0.09605638545447359,0.5649992720598469,0.6610556575143205,201.14678955078125
3604,35.43971099511914,77.13606227444812,-1.7487140965302792,-2.3886643341285843,0.639950237598305,326.9450988769531
3605,65.99888923668277,84.37445455227737,2.5490024470174166,-2.1918131741759757,1.5423696859861942,242.75302124023438
3606,51.622926723634905,63.853914319557845,-1.059199052060933,3.0685845325848717,2.155401722533782,332.31561279296875
3607,49.04532674956398,78.18995489781676,1.6451074089876885,-2.5250032648861036,2.113074633305795,344.31170654296875
3608,84.77796088296161,84.60674568732286,1.8111967853512043,0.6700666909738966,1.1411300943773077,288.4222106933594
3609,72.39426481741381,82.2677620956744,-2.4445454628459062,2.7615874324288034,1.0770524119048768,261.2181396484375
3610,84.66049616469004,88.1953784980813,2.5673881530062443,1.5849059451459562,0.9824822078602882,368.1259460449219
3611,50.07470850193093,36.7285954344239,1.1664388801268917,-2.574698089363337,2.542048337689358,442.9229736328125
3612,45.89109544689176,59.17813498231844,-2.5940853083253006,0.21106176015370837,2.805147068479009,307.3313903808594
3613,54.59592973640629,72.8219335794611,-3.0485790935540464,1.5979019799764949,1.6367042336490452,384.7409362792969
3614,35.01340637964571,50.79008767261835,-2.4387370921927705,-1.4086801957654187,1.0300568964273518,404.52947998046875
3615,56.0806324143129,95.04090733331634,-2.9277499792968302,1.764322068916977,1.5911132589657788,316.2544860839844
3616,46.52235149511537,85.177743161955,1.5058379666504536,-1.7525750098563446,3.0247723306727887,342.6161193847656
3617,97.13883791989244,88.35261948936224,-2.280498497341347,-2.94143384422731,0.6609353468859629,230.05809020996094
3618,38.816076277967014,60.0975595562349,-1.2137340058455912,-1.6668940169152988,0.4531600110697076,358.3843078613281
3619,50.52484428461922,65.4848235161561,1.819598589362883,-1.5292135564252485,2.934373161391455,442.2342529296875
3620,98.05224757166695,58.42256845623953,0.40412017672503575,2.2295819235633347,1.825461746838299,250.7882843017578
3621,48.85280963053257,70.17465750263884,1.0261584536031636,-2.757338626058696,2.499688227517727,331.0963439941406
3622,93.66420662187625,60.557515467014326,2.364932978832716,-1.1193872892448273,2.7988650391020435,301.2070617675781
3623,57.04983388739872,63.38786732253578,-2.3708914762872872,-3.043895380943234,0.6730039046559466,194.31121826171875
3624,45.297246110263174,57.48348656898612,-1.3190071564123924,-0.48499909669766605,0.8340080597147264,294.66949462890625
3625,52.99431044191263,36.02563295582621,1.1983593964099795,0.41434756441202225,0.7840118319979572,369.4811706542969
3626,93.47445207970702,37.776407192825616,-1.6325734399409206,-0.389621683818274,1.2429517561226466,446.9755554199219
3627,45.969637422568795,84.765484556486,2.5799410189320264,-0.6727684824846389,3.0304758057629213,253.94578552246094
3628,80.15420220818694,95.16869645295189,-2.5202163400504016,0.9150674962327194,2.847901470896465,254.36631774902344
3629,44.89957595983318,62.815336144348436,-1.0578091613663392,0.5510950810700539,1.608904242436393,319.96051025390625
3630,41.4110820455972,79.927938746943,-2.2312433229560202,1.9991679478200952,2.0527740364034712,278.92779541015625
3631,84.77385214581105,69.75356550848431,2.2647550215516903,-2.5910705540306447,1.4273597315972515,266.8661804199219
3632,40.21773384089204,52.9242325613463,2.769273353379975,2.772294110558491,0.0030207571785156873,27.323747634887695
3633,72.57319632169478,65.85553094853452,-2.288116124308166,-0.1654092766815971,2.122706847626569,277.4424743652344
3634,40.69501661145073,51.333190748829864,-1.882983649043934,0.9949398340498208,2.877923483093755,295.7472229003906
3635,54.03143086943698,50.126489386385515,0.17473381761863083,-1.7872829544130036,1.9620167720316344,360.2330322265625
3636,83.15873509365018,69.16119863187122,-2.1808566807297387,-0.759176634390557,1.4216800463391817,283.51129150390625
3637,64.08781230087173,93.14309615739532,1.9303266425700345,-1.791873970068863,2.560984694540689,395.2880859375
3638,88.18672893580545,101.99668874580345,1.9100419312235122,0.44344856519780373,1.4665933660257084,284.2825927734375
3639,74.37256130234212,50.54105502809061,-3.0955613608308084,1.3579852730159558,1.8296386733328218,290.9512634277344
3640,35.30419735516867,85.3822963715059,2.1219371906840054,2.974484132598654,0.8525469419146487,365.3837585449219
3641,100.91190967247483,61.82000945442057,-2.5993910953644916,2.7772159209913525,0.9065782908237419,353.6178894042969
3642,45.99265890638691,72.95597319096548,0.21923108673500202,-0.1177560362436898,0.3369871229786918,172.98355102539062
3643,37.36302342948038,96.13165774655334,-2.7322845024708022,-2.258105776692645,0.47417872577815734,350.40509033203125
3644,35.421277234225684,36.0503557699952,-3.1258950711798237,-2.0308518736933907,1.095043197486433,366.663330078125
3645,90.24990056388845,47.534523626878986,2.1487286981157814,0.7813857897715306,1.3673429083442508,216.57351684570312
3646,40.96485734836107,61.841052283445755,-2.9845179375726465,-1.3102479268137495,1.674270010758897,401.0383605957031
3647,74.41022167739071,98.88499796909244,2.8695239583969503,1.7923464899004165,1.0771774684965338,273.2944030761719
3648,64.48718289578835,74.69151258245317,0.03171629129601916,0.9939636906871527,0.9622473993911336,258.7189025878906
3649,38.50578437180904,73.45126680560756,1.9294399156512716,0.09197179406772182,1.8374681215835498,314.40228271484375
3650,41.87788999690868,90.71907967602573,-1.0997882417613307,-3.006917533819359,1.9071292920580283,450.0808410644531
3651,38.23525946921646,77.34866825685226,-1.637878955952579,0.8290936879101394,2.4669726438627184,437.5420227050781
3652,81.28073760532044,60.48601196524315,-0.6003544153586211,1.8423795767389368,2.442733992097558,325.9602966308594
3653,97.69965267744928,51.05413406573075,-2.6541176623084066,2.7661917849379725,0.8628758599332074,257.7052001953125
3654,47.95655022958971,67.85856561237449,-0.3502958962543037,-2.5079178168674154,2.1576219206131118,338.0856628417969
3655,71.08417161181646,95.19579404193283,1.7983706621622675,-1.3989017791777725,3.0859128658395467,322.74627685546875
3656,69.07028724147416,36.585060209674445,-3.0014413410406147,0.24256055611578153,3.0391834100231905,219.1645965576172
3657,76.9049613378481,69.43368202025478,-1.186977883101453,-3.1260758154570674,1.9390979323556143,364.0902099609375
3658,86.19810583857026,92.60266965492426,-2.898403294280963,2.9776879169570014,0.4070940959416218,153.15896606445312
3659,71.55676746750933,61.09459045545191,0.04546859610844445,2.339735599234557,2.2942670031261128,266.2503662109375
3660,67.37764167892857,93.10716132521533,1.3258131037825738,-0.4197838202271238,1.7455969240096976,311.23358154296875
3661,74.56579666467582,39.88457424903933,0.5044076778332971,-2.890188671927557,2.8885889574187327,267.9880065917969
3662,71.73482896155744,59.062248408052,-1.125535536290521,-2.4821985081522184,1.3566629718616974,330.27117919921875
3663,101.19026517471546,38.635780824122385,-1.8768024675118313,2.2899371240439317,2.1164457156238234,361.8793640136719
3664,95.469760171485,67.6066877753142,-2.7411147241348437,-0.07887188586466243,2.6622428382701813,297.8064880371094
3665,89.41881553838479,61.7689543571138,-1.09958770362777,1.9319038776177182,3.031491581245488,339.20257568359375
3666,73.67865922031402,76.97797255967927,-2.2359807025452563,-0.035146776081443676,2.2008339264638126,269.3843688964844
3667,35.15189450661617,35.68143376311222,0.23239549817225535,0.12670106631072064,0.10569443186153471,100.88487243652344
3668,69.53571554123195,39.911559627793096,-0.8810097177998539,-2.582280034013471,1.7012703162136171,307.8614501953125
3669,62.97158274245001,82.82927736395533,0.41722221794915537,2.5624197400820634,2.145197522132908,256.015625
3670,86.60970802309,95.31174414085166,1.3424397144742901,1.0319325968149862,0.31050711765930394,178.78134155273438
3671,99.23946653238353,48.6852494684667,1.1364502715170834,-2.9200587952972707,2.2266762403652325,297.9330749511719
3672,56.54013554211239,99.70313519295095,1.278428465977786,-1.830633255047285,3.1090617210250713,329.40545654296875
3673,59.98344920509378,81.73424767697989,2.1225263208684817,-2.2447721636652522,1.9158868226458525,255.30567932128906
3674,68.85608893944854,101.56439081951322,-3.042746287917822,-2.5444076162674745,0.4983386716503478,207.50611877441406
3675,66.10478092533147,95.00501002963125,-2.357187280519165,2.692277789396627,1.2337202372637945,259.8852233886719
3676,72.50661242974377,52.65902856063286,2.081231525355748,-0.9595449635449089,3.040776488900657,268.06854248046875
3677,77.58249683212296,63.60856812091898,2.0516701831457373,-2.135319820283865,2.0961953037499845,300.2076110839844
3678,98.20832739173962,52.88761874467193,-2.5897217000266632,0.3337483851548071,2.9234700851814703,327.72882080078125
3679,88.10426498679794,60.46359277835638,0.39495954773773834,0.8809300895904855,0.48597054185274713,223.70330810546875
3680,40.73058049778933,84.99191520028103,1.7734403182495013,0.9690832933070173,0.8043570249424841,202.47860717773438
3681,80.97397628787358,66.51105334815725,-1.5134793974875917,2.3129150335932236,2.4567908760987716,403.1454772949219
3682,50.24538418801485,40.174579816510544,-2.532797987641073,0.5621471557291828,3.0949451433702557,295.65948486328125
3683,36.98979536744986,43.69112257295148,-2.4742043760015187,-0.39348034549735855,2.08072403050416,369.4989013671875
3684,46.21020635853005,95.21634541889898,-2.439751440009948,-3.056435036088208,0.6166835960782602,208.2210693359375
3685,85.41182426674408,74.56004584783963,1.9505129003456059,0.9693416931087677,0.9811712072368381,267.74066162109375
3686,69.87112337493159,72.05536753446789,0.806220425782167,-2.95473022604427,2.522234655353149,261.6527404785156
3687,40.07810418429311,54.85931012143692,-0.9309030766278643,1.9306603316382631,2.8615634082661274,288.020751953125
3688,98.41080729030634,37.91748688871393,1.6986095532335872,1.8809822457127376,0.18237269247915044,179.13064575195312
3689,49.23325800245037,101.1719551479366,-2.2852120473124193,2.1140791350215835,1.8838941248455836,285.1691589355469
3690,51.66405458498477,71.93021173411019,-0.6840255844068515,0.09679036730222323,0.7808159517090748,280.9998779296875
3691,100.4662200695027,69.17665450410405,0.1906427667265973,0.6044935775880709,0.4138508108614736,222.32095336914062
3692,89.29232261717644,98.6938742141759,1.2510068423365768,2.886707049083676,1.6357002067470994,339.6477966308594
3693,59.893557491922536,49.23860114555663,2.5395075520367243,1.4390789243127715,1.1004286277239528,288.01373291015625
3694,82.13007623115234,82.44052922294355,-0.057678599258284,-2.071702158222479,2.014023558964195,316.1142883300781
3695,94.26927274255945,90.14059957174989,-0.3048885407013717,2.0582299490308467,2.3631184897322184,300.64593505859375
3696,100.35822344026867,43.807268608480086,1.3683359947068343,2.460667059795795,1.0923310650889606,282.2210388183594
3697,90.71560051981734,85.88951921546416,-2.631884806505992,-0.3345431608208802,2.297341645685112,318.2574157714844
3698,40.84196806245927,70.0468450859616,-3.042187738123558,0.7128088899722633,2.5281886790837653,360.2923583984375
3699,39.13210147919092,48.228103045182856,-2.9408784476708036,0.11904638479891139,3.059924832469715,378.9064025878906
3700,39.9238908064209,85.92512010399754,-2.2272339518177358,0.9329110746976648,3.123040280664186,247.3859100341797
3701,68.76772334505384,84.3710516503975,0.6190280563135677,0.9960648305622302,0.37703677424866244,158.7457275390625
3702,38.446554629441145,58.760717969624636,1.886491079110475,2.8873181707786824,1.0008270916682074,391.1225891113281
3703,49.721440945812354,85.36501166987097,-0.91816751511996,-2.895860996138591,1.977693481018631,312.6297607421875
3704,69.8866693939174,90.38792627596919,0.7753097920280467,0.6320150803973812,0.14329471163066554,87.01422119140625
3705,61.312061070281935,66.87089310883158,-3.017991580326769,-1.0782033246412714,1.9397882556854977,295.9167785644531
3706,82.47878356313933,96.32164116417957,1.5793986193055192,-0.39071053139016865,1.9701091506956878,424.2644958496094
3707,71.81898563474938,56.01319916029641,1.1548017561262842,-1.7690830725480542,2.923884828674338,306.91229248046875
3708,82.3686111431839,64.0362940181106,-1.1606798121050508,-1.7476572269503563,0.5869774148453055,252.5707550048828
3709,72.92859812910388,54.99162520141124,-1.3268195709633008,1.2413112538953461,2.568130824858647,352.6611633300781
3710,78.4846730055632,95.84537933824403,2.568353062500467,1.5557228136268684,1.0126302488735988,336.2763671875
3711,36.846589308202425,63.88971558384121,2.9720546583667513,1.77353983071594,1.1985148276508113,365.3904724121094
3712,40.480633020824136,40.060546442390645,2.481213476377614,1.8200451941161768,0.6611682822614373,211.59786987304688
3713,92.4896768426623,47.24593358822018,-3.0598286928710947,-2.178446060357959,0.8813826325131355,269.4865417480469
3714,78.49767707511441,35.59865596260673,-0.4740755831868624,-3.0657985746788956,2.5917229914920332,288.33056640625
3715,49.093893072205,51.13869077740401,-2.4805559046532144,1.283132190803551,2.5194972117228214,321.5008850097656
3716,89.04611725819407,79.02646921284682,2.11600294263875,-0.691206201659746,2.807209144298496,268.2497863769531
3717,81.71101585338619,74.4348054881755,1.3879229164223315,1.3750433735204455,0.012879542901885976,33.98044967651367
3718,91.70466854722883,54.73053647146068,0.06361069728803326,-2.6020226927400194,2.6656333900280527,259.6825256347656
3719,55.26883867861061,69.44121950099945,-1.3532850054108916,-3.0254647933742422,1.6721797879633507,350.2608337402344
3720,99.78103282228633,94.0871882022597,-1.0218365250685508,-2.5638194927976183,1.5419829677290675,311.6150207519531
3721,61.91668802447992,40.96174326191005,-1.0801558541456187,1.565997457826895,2.6461533119725136,385.2110900878906
3722,54.52898499736553,79.7960152438192,1.2713797851742674,-2.2355452159102107,2.7762603060951085,366.5404052734375
3723,54.806583575598935,56.37276985195339,-1.8199232017220788,-2.5415521110786026,0.7216289093565239,299.34716796875
3724,65.84403297097677,90.22771372431404,0.9715809223572851,-0.17435817323104885,1.145939095588334,277.9924621582031
3725,80.83754187422608,80.48223241917569,0.4969363233194968,-1.6711750682921516,2.1681113916116486,395.4228515625
3726,51.481900799270505,41.135399900672375,1.1564293306501243,2.988781156664057,1.8323518260139329,311.03924560546875
3727,49.38535747989237,43.98041418491597,-1.6312149328713568,-2.1838429355059006,0.5526280026345438,326.6037902832031
3728,97.25838839938018,56.47668158812637,-1.142509832481683,-0.647468908409234,0.49504092407244893,248.0310821533203
3729,94.55234652805109,101.43532424172753,0.7357460002528757,1.6980561667586924,0.9623101665058167,298.72705078125
3730,37.14043625058219,88.87872190402945,-1.6867144651930066,-1.1605248127699208,0.5261896524230858,278.03271484375
3731,88.41854743530774,36.78581924135588,0.7744419960277029,-1.3261399890438257,2.1005819850715284,367.0152282714844
3732,96.1103358770956,55.736011572158844,-1.8374602115301297,-0.8585000899982651,0.9789601215318646,329.6480712890625
3733,73.01635247061566,77.61782087084805,-2.48253436086673,1.6473073812635217,2.153343565049335,374.4030456542969
3734,65.45288637745367,45.98125797378272,0.0853062800961637,0.2887228752718318,0.20341659517566812,152.26063537597656
3735,79.1486982577312,76.13532115369824,-0.260769388520941,-1.494376795485234,1.233607406964293,401.5357360839844
3736,53.004380613578704,43.65367494320202,2.4010824086147586,2.2099961721561945,0.19108623645856415,92.04684448242188
3737,68.64354643774483,47.44710389231868,1.251132537555514,-2.5570594288747315,2.474993340749341,380.0677490234375
3738,99.20408227510913,37.011713867862284,2.1451942815344474,-0.5262467360063705,2.671441017540818,400.6496887207031
3739,80.19785754124757,80.30975291212037,3.000451893423313,-2.1878423514096026,1.0948910623466708,282.6416320800781
3740,65.3304674758954,83.33360406922986,-2.1382581988566898,2.767849136707782,1.3770779716151147,280.8777770996094
3741,44.148107393496915,96.97136132212579,0.06421314834748637,0.04791193788603065,0.016301210461455714,45.31495666503906
3742,96.98763298135856,35.69888263973917,-0.6358845359759009,-2.3889724205369216,1.7530878845610207,301.4363098144531
3743,87.2520638968526,47.76620323312352,-0.6610811579287752,-2.9280399384557305,2.2669587805269553,285.4734191894531
3744,59.59992887148634,46.9903606584848,2.979207434868714,-1.019393864301673,2.2845840080091993,310.31890869140625
3745,37.992097618349305,45.260052659886455,-3.052858701963498,0.4797769177818654,2.7505496874342232,384.5545654296875
3746,64.45046016116149,64.27523684752691,-1.7987657297107689,-0.6638824728546053,1.1348832568561635,323.4327392578125
3747,71.58236009117827,48.71934734716052,-0.7964666759093149,-0.47063776136561364,0.3258289145437012,225.97743225097656
3748,69.5365435960656,64.1976037834928,0.4130567755774339,2.3703994650658275,1.9573426894883936,253.39254760742188
3749,86.8731614565739,71.43608485423852,2.649122559363713,-1.7809145280030945,1.8531482198127789,360.220458984375
3750,100.66255239560773,70.64137330939522,-2.1363975649037297,0.3909813744234252,2.527378939327155,290.5970764160156
3751,100.35371012648268,78.3327678904221,0.6792510623410704,-2.9741627402994006,2.6297715045391157,258.7947692871094
3752,66.26505894253248,69.32567366901458,-2.539912545122484,-2.5331810446535297,0.006731500468954543,13.741004943847656
3753,38.42344045359302,85.36106296284764,1.1375989502067148,-0.5441876490325988,1.6817865992393135,276.51129150390625
3754,67.4240621851119,66.84357511889478,2.521397039516663,-1.9285848038780438,1.8332034637848793,364.9788513183594
3755,56.78840751936363,93.75137789591957,-0.1577722379925608,1.4721973916256745,1.6299696296182353,409.9876708984375
3756,80.11967867630207,35.31275215863332,2.2853451888338547,0.9883002749557761,1.2970449138780786,185.77903747558594
3757,36.076019549857435,44.497436047073194,1.1174499079716957,0.06371711061554475,1.053732797356151,307.276123046875
3758,52.90183224743001,86.06130442650075,1.7305121915528563,-0.48365372593496536,2.2141659174878217,331.3511047363281
3759,86.54759565213394,36.26128209923248,1.9820810651394805,-0.318130984376257,2.3002120495157374,516.5955200195312
3760,37.836035489367035,56.805677976359036,0.9712708127977825,3.034693063661673,2.0634222508638906,376.8731689453125
3761,97.62697627918504,89.45829867246769,-2.325068372261957,2.6569372071415085,1.3011797277761208,295.21063232421875
3762,97.02148431580076,47.806200894434284,0.35519564022484884,-2.8434754392724266,3.084514227682311,226.93927001953125
3763,42.195283522506294,61.23271097053792,-1.7197131681997928,-1.4012611312038528,0.31845203699594005,215.9099884033203
3764,66.9443927693031,35.84768983995353,1.7396012888526382,0.4471568888231858,1.2924444000294524,418.52294921875
3765,43.21777019853925,86.78414430006022,1.6395991376192969,-0.3872442202334532,2.02684335785275,371.98541259765625
3766,47.312557804386216,47.69001292595899,-1.5734645239341576,-0.4844350920556293,1.0890294318785283,422.06640625
3767,87.21405566354306,37.666567827096166,3.0497622702713345,-1.4735650949005188,1.7598579420077327,377.7903137207031
3768,85.60800548737473,57.97089326274626,0.9438005956622488,-1.7080799518929182,2.651880547555167,398.55865478515625
3769,63.54266612330919,92.62640297914419,-2.358949881229301,-0.3952073640362732,1.9637425171930278,268.61322021484375
3770,84.6237561933477,80.39158728685993,3.108818223834235,-0.48772351719099527,2.6866435661543564,276.3030090332031
3771,79.75471692934553,69.96428485320033,3.121110494489341,-3.0342078035309457,0.1278670091592995,78.59977722167969
3772,75.91756122956795,80.33275451202486,1.2207773140036915,-3.012226752141425,2.0501812410344695,327.4619140625
3773,70.64667306824481,53.68850337244156,2.326150883573013,-0.6733130366065385,2.9994639201795517,250.37741088867188
3774,46.895267412666186,70.0677710062115,2.741490640372219,0.2819915689473893,2.4594990714248297,242.8806610107422
3775,87.60254226953948,42.729956004947084,-0.2393236670514134,0.6911014379872613,0.9304251050386747,284.79486083984375
3776,58.23311009457528,50.734726224791586,-0.03549473828844496,-0.2702725554405876,0.23477781715214263,237.45790100097656
3777,94.42353262098692,49.49552167920753,2.566731077219435,-0.6339112913323315,3.08254293862782,257.7152404785156
3778,63.72920455496663,71.13552356843687,-1.3607775880792712,-2.8236415489015068,1.4628639608222356,366.3736877441406
3779,51.617052481437064,48.818367770737815,1.7004282598967722,-0.35223354695183007,2.052661806848602,330.0980224609375
3780,92.44138618529539,93.7223024646248,-2.417418674422361,-2.438112152410184,0.020693477987822728,55.28833770751953
3781,46.23918551452172,72.0870064240238,-0.901235740192543,-2.4569170722870837,1.5556813320945406,281.7370910644531
3782,52.58950553654694,89.36524409094487,-2.919155074516886,1.12711767994095,2.236912552721751,291.1074523925781
3783,42.097128573779536,54.638235655468584,-1.5002063744866325,2.498505605765593,2.284473326927361,378.6451721191406
3784,63.2910284763438,59.22458131870338,-3.056786131483477,1.6824092862244369,1.5439898894716724,350.39892578125
3785,54.533643957536334,83.46590809962507,-0.7096919382979725,0.5407720921994992,1.2504640304974717,281.5769348144531
3786,78.70521181070558,77.97762850137329,-2.5293731828356942,-0.07170128802636277,2.4576718948093315,269.3756408691406
3787,98.64409326868258,47.30867819835921,-2.7813461496275793,-0.7689250613079657,2.0124210883196136,302.3403625488281
3788,41.107954498073674,55.50269221885289,1.8696013530127136,-2.273335932528448,2.140248021638424,361.8063659667969
3789,87.71188494494264,36.60237768764033,2.9470199248144286,-1.9533899532804637,1.3827754290846939,292.8033752441406
3790,87.25152433149104,98.26426857256126,0.9763261281188838,-0.9199058466754146,1.8962319747942984,302.9653015136719
3791,59.11465380791246,38.41338466984173,1.982502512916752,1.4859347705014496,0.4965677424153023,275.8443908691406
3792,46.161518941493455,45.45264537936657,-0.5434958500235529,2.1062367708250473,2.6497326208486003,260.136474609375
3793,84.1441382990296,36.7273577798875,-0.45238835814353395,-0.18412800832264598,0.268260349820888,207.1319122314453
3794,72.28411933435692,80.52022458040233,0.18065701526753175,-1.6925701521693157,1.8732271674368475,400.11236572265625
3795,59.64605812221302,90.42091842255378,-2.1770503038498523,1.1738749035939318,2.9322600997358026,289.0795593261719
3796,64.00870894229337,55.762502088654614,0.7079273306733951,-0.8064125263762993,1.5143398570496944,268.9303894042969
3797,82.51274034003089,37.23096722398321,-2.7793304178096885,-2.4644925512183926,0.31483786659129587,176.07302856445312
3798,64.95874879491072,54.8677320201901,-0.4578508256626157,-1.8797386703260646,1.4218878446634489,358.6729736328125
3799,95.8566287589575,67.61761918157828,-1.5479487364909985,0.5191183755649051,2.067067112055904,440.2110290527344
3800,87.22251237358178,40.287396227332124,-1.4302247950046183,2.141530447647223,2.7114300645277454,368.9000549316406
3801,78.0161884941291,60.71172189824776,1.3435920112862245,1.1728230130444182,0.17076899824180636,176.40048217773438
3802,42.74776342999343,41.68405373724087,2.8633389259595603,0.6708399883723426,2.1924989375872177,306.1708068847656
3803,94.0340948507658,77.67350113678275,0.16559457568717928,-1.134037039376424,1.2996316150636034,326.4759826660156
3804,57.80736855232899,44.31573597400385,1.702281796000337,-3.043839606432355,1.5370639047468944,318.26666259765625
3805,59.385882204603895,66.99778982063229,2.684729285566596,2.762853328783753,0.07812404321715682,82.76557922363281
3806,86.69901149825493,73.49386104034247,2.5306775290901884,-1.6621530807485538,2.0903546973408442,403.32373046875
3807,56.83531395025527,83.22236157249814,-0.07057518552995967,-2.709940201988392,2.639365016458432,267.1272277832031
3808,49.59195087365707,81.7953313149633,-2.345417737592351,2.9032911851478023,1.0344763844394331,265.0986328125
3809,78.44164399359764,36.14032691945262,-1.6358718351444541,0.19271023091813522,1.8285820660625893,399.3277282714844
3810,35.71149837620894,94.8298626597996,1.029806978336251,0.885615762179933,0.14419121615631791,85.89008331298828
3811,90.55312645411325,39.69608383221239,-2.4548144910569,1.524065359824636,2.3043054562980507,429.4831237792969
3812,96.64888672830622,66.62461800377274,2.842167689292003,-0.42070040317660773,3.020317214710976,301.0868835449219
3813,42.408006562964786,55.410721043498754,3.034832967014542,-1.330413080516721,1.9179392596483231,409.6142883300781
3814,78.12697875640035,88.36029994799799,0.6193041916855311,1.3358318734512524,0.7165276817657213,269.4438171386719
3815,90.98282977131277,82.99490837214827,2.7245070460858845,-2.570921188762201,0.9877570723315012,268.4806823730469
3816,55.089182370074944,52.16849697711862,-2.2129526281510303,-0.16094765562077873,2.0520049725302516,274.2675476074219
3817,87.20486343461315,86.60912709163102,2.452972376945289,0.9472411574691284,1.5057312194761607,225.80918884277344
3818,81.48728271537735,74.40170732058104,3.0190306387412216,2.2153922953324825,0.8036383434087391,227.5417022705078
3819,42.24991449003129,56.25774721229963,0.608668871415686,-0.27949180621649417,0.8881606776321802,267.5094909667969
3820,66.31016386084218,68.71703957039827,1.1930525045890397,-1.8996177430295735,3.092670247618613,350.3305969238281
3821,72.95214766921232,63.29730908089121,-2.3135601570588067,0.7731399627450424,3.086700119803849,273.3672790527344
3822,78.45421322331903,56.62185273294777,-1.7215874952654617,2.4108773619824424,2.1507204499316823,361.6811828613281
3823,81.57717892244031,63.501143028665524,0.5577647157839762,0.5874845065033751,0.0297197907193989,37.65522003173828
3824,89.64423749301025,71.09888979813579,1.9806739116942698,-2.9251500090752414,1.3773613864100753,309.5707702636719
3825,51.5953387684755,61.74689405871346,-2.60709187821319,-2.0913407541844062,0.515751124028784,213.02882385253906
3826,99.6847762312969,79.06119885891913,-0.6560872638402064,0.03845028355386715,0.6945375473940736,251.683349609375
3827,48.22891616869363,61.27816294497768,-1.2605795523704373,1.748409198988008,3.0089887513584452,347.3020324707031
3828,56.16743115809789,60.40248641666915,-0.5179860951577799,-2.996857838677382,2.478871743519602,252.2025909423828
3829,100.3046953417163,57.40018094470093,-2.261412766124576,2.7920424859604385,1.2297300550945718,263.1871032714844
3830,65.22454867117864,84.8626676193995,-2.468519086416178,-2.058594353265453,0.40992473315072475,217.23977661132812
3831,67.0521456778232,38.95774365511687,1.8505102906277404,2.598291949016266,0.7477816583885257,333.8049621582031
3832,65.83944650235827,96.60324641864457,2.690650636338715,2.5702911071468737,0.12035952919184112,86.99732971191406
3833,82.39830107840288,100.53401358573518,-2.876085417691355,-2.6885711231177205,0.18751429457363455,151.6253662109375
3834,44.88574478850015,72.18647947039221,-2.0405046507774234,3.0869139823268803,1.1557666740752828,341.8943176269531
3835,87.13358643036494,49.88902148445818,2.3413501487435964,0.026015698959351408,2.315334449784245,252.52967834472656
3836,63.89622092656063,44.68393332460424,2.4263997543957236,1.8729614263750998,0.5534383280206239,245.1206512451172
3837,56.50556495190608,85.30389648277877,0.13973870545273526,1.2444155419045257,1.1046768364517905,359.0417175292969
3838,68.95888174904191,75.3154461202275,-2.487838495185502,1.5071451619528045,2.28820165004128,396.20751953125
3839,96.74262240886193,78.98785337584069,1.4077800785912835,1.0097331571225734,0.3980469214687102,228.91622924804688
3840,64.23233316510508,70.27830490525858,-1.4661791016074148,1.0300653709968195,2.4962444726042343,389.2473449707031
3841,59.63679489584922,62.23455838309523,2.675966672754363,-0.023436788982568846,2.699403461736932,260.30712890625
3842,71.8052955556083,93.61540984736176,-3.0211718307283393,-2.7129100994000614,0.30826173132827783,150.35073852539062
3843,65.8071283326117,69.87991173368508,0.1025752864045848,-0.4782403886132842,0.580815675017869,224.36813354492188
3844,83.4966073955685,99.17132944314645,0.9391210631749596,1.9641019831738822,1.0249809199989226,294.01617431640625
3845,100.47369304569132,98.56689130719143,2.7961331300558587,2.918659551657327,0.1225264216014681,260.0684509277344
3846,45.57277732520747,42.72236771702417,0.6217841287170081,-0.6046225027437218,1.2264066314607298,253.8349151611328
3847,53.20630421699235,78.32766165658015,1.7015576989439634,1.4587336615717952,0.24282403737216818,120.8060302734375
3848,64.5510159748533,71.77490042614275,-2.296952006353714,-0.715163829868033,1.5817881764856812,297.0106201171875
3849,68.9338408422577,66.8674711741003,2.805608983707325,-2.418658253332989,1.0589180701392726,358.1038818359375
3850,53.897839489924266,64.12891960893003,3.115141164778958,-1.004177043732367,2.1638670986682613,318.056884765625
3851,62.88818917696445,55.11735037712933,0.10319806135405596,-1.697294188234683,1.800492249588739,395.484619140625
3852,74.70333530859247,53.01107215644419,-2.3299598427240555,-1.0056854910053277,1.3242743517187279,281.73895263671875
3853,47.42797136606207,71.56384815011576,-1.505004311790122,-2.582725637962377,1.0777213261722551,415.2644348144531
3854,76.30156307719402,70.32345877274008,2.3523299194099643,2.422312151749754,0.06998223233978962,73.87548828125
3855,90.59013837411149,93.47904861397708,0.09868576380768879,-1.092660465677798,1.1913462294854869,339.3677673339844
3856,37.43594133405435,85.12795900312688,2.57137814429651,-2.720880593607356,0.9909265692757201,260.2684020996094
3857,59.45623346398208,90.93519357226344,-2.325629012160105,-0.6453313282429232,1.680297683917182,247.1753387451172
3858,70.03501487184894,48.41150794934766,-2.5287917890128018,3.0411317023371476,0.7132618158296371,225.62277221679688
3859,50.1817379510623,86.99041868755923,-1.7592439780475246,-1.0594007108729806,0.699843267174544,245.92318725585938
3860,80.14638764363802,77.3282239402748,0.36797817373664676,-3.1364384375982506,2.778768695844689,268.2562255859375
3861,95.27180015048887,77.74317308082215,2.638717552155625,1.8098998515213864,0.8288177006342385,289.0741882324219
3862,41.12526232264911,101.54762832831878,-1.6518741016234082,-0.49462280668590264,1.1572512949375056,396.6305236816406
3863,91.3525435911453,51.04747310884683,2.862505933299996,0.8920218989044661,1.9704840343955299,269.9647521972656
3864,97.95262674034004,46.87514348596275,0.8414549655789738,-2.464922818164508,2.9768075234361047,272.0048828125
3865,51.02425384103421,87.84665804276149,2.941279242905985,-2.363347927539285,0.9785581367343161,253.56271362304688
3866,70.97322986804421,37.923405048748315,-0.08668517251592123,-1.1899649511340584,1.1032797786181372,300.3401184082031
3867,79.61411515959323,50.70733823721204,1.6777180051415712,2.2662479788090266,0.5885299736674554,234.37997436523438
3868,67.85264297132832,96.80558415481389,2.425026908171156,0.9127458558099439,1.512281052361212,228.00619506835938
3869,79.66034465492913,52.902565050398664,1.30627075973071,-2.8685551956114113,2.1083593518374655,300.9564208984375
3870,95.77237794060801,93.82407449205691,-2.7252684757635595,1.2625992611561294,2.295317570259898,367.23394775390625
3871,93.54374777814735,73.90759862531274,1.9845747239911686,1.4476751911360077,0.5368995328551609,237.21144104003906
3872,72.37104435545439,47.087521738266105,-0.24334944360744437,-2.412454422446205,2.1691049788387606,283.1503601074219
3873,47.008150542756084,90.29628831359801,1.5754450160614395,1.4646953342196065,0.11074968184183298,115.62301635742188
3874,85.59954053941588,43.1867123831139,1.90596434817469,0.05107393492953527,1.8548904132451547,341.10968017578125
3875,82.8670778211864,77.18713478188928,-0.7366916417014324,-2.8438709702003346,2.107179328498902,285.6930847167969
3876,61.8015966779493,65.1865564064982,-1.8500526552369176,-0.6825755969142553,1.1674770583226624,321.0105285644531
3877,52.462750066377026,82.36809688123938,0.34047369460852295,-0.33664637240422035,0.6771200670127433,245.66204833984375
3878,57.50284244249978,52.20863487473774,-0.22041171799904813,1.5671813465840074,1.7875930645830556,465.2308044433594
3879,94.56733271012666,36.49320550681142,-0.7672056547828863,-1.2555607115420797,0.48835505675919344,310.7460632324219
3880,101.96740180019339,41.12320673686901,-2.535927217820873,2.512262622582356,1.2349954667763579,271.2050476074219
3881,92.57687048520137,101.91332496879353,2.4474598479724037,2.278647626360579,0.16881222161182485,87.10694122314453
3882,99.01157485727212,85.9551884426559,-2.582116274107349,-1.0316334877703413,1.5504827863370076,335.0446472167969
3883,73.52572976289454,44.972540959194696,-2.857417010893167,0.0353653191932124,2.8927823300863795,265.26165771484375
3884,87.16108742618675,58.855493242420046,-2.866745350706534,0.8278244849579308,2.588615471515122,313.71875
3885,101.06401447732568,36.34100576281623,-2.3685706226780585,-0.7255538580872742,1.6430167645907843,316.3054504394531
3886,70.67093874871736,101.23307207305376,1.2800224979299122,2.763485936524927,1.483463438595015,286.0714416503906
3887,49.19517277194172,63.85972795879465,-2.684923164061017,-2.018468382590613,0.6664547814704043,311.6434631347656
3888,79.45396082589329,100.97073258188058,-1.0979578378842545,-3.0405469792616757,1.9425891413774212,311.38714599609375
3889,80.46090392980658,67.62353818769385,2.81378325799412,1.1596666258739834,1.6541166321201368,348.4338684082031
3890,78.06561134706092,55.92360632509958,1.9298208476070684,-1.6321137860695,2.721250673503018,418.6944274902344
3891,100.74422701439484,96.44834815909762,0.7584984629032792,-2.976675298460219,2.5480115458160886,259.3821105957031
3892,68.80584288126626,82.31250709138939,1.8836160667706157,-2.8222559181885867,1.5773133222203841,347.0454406738281
3893,50.86879891123681,77.80265982668968,-1.9810961174016437,2.172726110769026,2.129363079008917,306.3563537597656
3894,44.93273086831939,44.44458921829286,1.1494997321147489,-1.0136046271327257,2.1631043592474746,343.45233154296875
3895,36.57656205146582,65.76222304822934,-0.6399799039046896,2.5141172742815616,3.1290881289933354,422.78973388671875
3896,78.23416083782978,46.135580715107174,-1.1524377767468672,0.16243087809740775,1.314868654844275,332.1509094238281
3897,62.578677197122396,40.43735357715721,-2.591908155995623,1.2030832483956875,2.4881939027882756,358.0710144042969
3898,55.22964177041305,71.08277292878478,-2.4051763196912432,0.12430371170886945,2.5294800314001127,255.6848907470703
3899,58.406933443553235,41.849130369889984,-2.9491163666892657,1.7053594723934982,1.6287094680968226,367.2446594238281
3900,99.61040326538806,60.377858331820605,-1.2963316393538065,-1.0893279949458927,0.20700364440791374,216.3853759765625
3901,86.36904090973161,61.080525983255946,3.05851869696549,-0.6192643037605698,2.6054023064535268,284.9267883300781
3902,64.50314319430964,58.108983395677,-1.7011970666106244,2.213530049624591,2.3684581909443714,367.8149108886719
3903,75.45821246884547,83.23837246954737,-2.6350329243938275,2.602004158634304,1.0461482241514555,244.7130584716797
3904,40.12640800459986,63.76784954492963,0.31196677392179906,-1.8864230560981134,2.1983898300199125,295.92352294921875
3905,37.262041851655454,64.63963684495452,-2.601342712198666,-1.7918286270031272,0.8095140851955389,357.9675598144531
3906,60.28065364522831,69.9284515564671,-1.9234247592478688,-0.8608956134645358,1.062529145783333,272.826904296875
3907,39.17658148428222,82.62047429757263,2.311605744581337,-1.7621369884920286,2.209442574106221,373.9056701660156
3908,63.45139474306314,101.3823701918522,-2.44905086184023,-2.4819226913318317,0.03287182949160172,77.3183364868164
3909,94.06902428449402,49.304837252062114,1.1804230373011801,-1.1577906912927785,2.3382137285939586,310.1274108886719
3910,66.73437420128835,81.3105306100101,1.4186801282911166,2.3082337534268307,0.8895536251357141,256.95135498046875
3911,45.38035782311721,41.26935466240673,1.580196344880986,2.079337322674367,0.49914097779338107,262.18646240234375
3912,67.96218420952128,53.46487473064597,1.419422660868836,1.0930253261298564,0.3263973347389797,288.5298156738281
3913,87.72563901306421,65.45759885128689,2.9751246651711565,0.7076318146070744,2.267492850564082,247.79029846191406
3914,35.978552045305456,46.030452164761385,2.056880064832452,2.3073904944977537,0.2505104296653018,121.12812042236328
3915,92.10138483582661,73.32283083479743,-0.8880817092453865,0.8391005260561464,1.727182235301533,299.1876220703125
3916,78.31819840869187,94.3661779796831,2.9300530533565823,-2.6386680591495586,0.7144641946734451,219.7191619873047
3917,99.7001113805441,77.32260638405833,1.2467747048482742,-2.2129430958582423,2.8234675064730697,332.9263916015625
3918,41.15740732967273,51.43216016457986,1.6395546461316197,-1.1682736803807092,2.807828326512329,401.9686279296875
3919,44.13896306850289,78.96605135974175,2.664692894385329,-2.365849426645175,1.2526429861490824,268.9093933105469
3920,76.43479657697725,93.69210143302121,2.66705913832497,-0.39941224835453637,3.0664713866795066,269.9300537109375
3921,49.461364351612225,54.78757957595245,2.2310748247919605,2.5970077269599896,0.3659329021680291,178.36776733398438
3922,60.62847261886951,74.3252669423672,-2.0058300503661695,-0.5531140834620656,1.4527159669041039,369.5821533203125
3923,57.53618803563031,48.266231866462775,-3.1022894963309193,1.6668895213031174,1.5140062895455497,294.1624450683594
3924,53.351422616478345,46.70917205826936,0.4718059981905851,1.932538982646033,1.460732984455448,310.19293212890625
3925,75.5117555399682,87.47171577878353,0.2623742802949356,1.0581520454603925,0.795777765165457,245.52088928222656
3926,87.58416718888033,70.18116550144236,1.813402062601856,2.0426396168204892,0.22923755421863312,170.5434112548828
3927,58.24784156905776,83.33777488105338,-2.283128315965855,1.8062867771401372,2.1937702140735946,298.00067138671875
3928,78.96459248810848,43.32639203649072,-3.1045481279218983,-2.3224793217780153,0.782068806143883,223.6999969482422
3929,52.914086806573515,62.914100710825856,1.0839291398073945,-1.3075890372715433,2.3915181770789378,388.08099365234375
3930,54.87863622312136,99.71788943248447,-2.8798670544160596,-2.5237499046120204,0.3561171498040392,207.85293579101562
3931,56.28340659490095,55.76111837582579,-0.9288175084744883,2.9373948575975586,2.41697294110754,304.72393798828125
3932,67.64263928075087,48.03246528105264,-2.8513845499389943,1.9464350555603378,1.4853657016802544,296.644287109375
3933,46.763573917357355,55.6647679050143,-2.9038036548728092,-0.02553302964429216,2.878270625228517,327.6524353027344
3934,78.69241184336447,62.86413153455215,0.15422158386831786,0.9996260904700778,0.8454045066017599,239.63768005371094
3935,55.80846651450567,92.43311217294396,2.898552669663574,0.4133531265442696,2.4851995431193044,273.5675964355469
3936,99.92480947463645,97.93051815356303,1.307122589251489,2.0682755458156645,0.7611529565641755,221.5548858642578
3937,65.72335549950034,88.95578875903844,-2.538739455352233,0.365069603724701,2.903809059076934,294.6802673339844
3938,38.87299106738236,53.11334454849116,-2.518404686860673,-2.5533879090150893,0.03498322215441618,37.13990020751953
3939,60.93055996776209,57.38602062861274,-0.8622684458215821,-2.2265748429112007,1.3643063970896185,247.74774169921875
3940,91.0375798416182,44.39598710349634,2.643008723846715,-2.3999023792542404,1.240274204078631,252.98544311523438
3941,60.1646389597866,92.84495845498512,-1.3616044686955733,-1.7916322549968775,0.4300277863013042,168.77273559570312
3942,42.08772259134966,41.21668870075146,-1.6395470816673274,-1.6270757828377171,0.012471298829610289,41.946136474609375
3943,82.32422196950544,81.9519274307429,1.001839473220973,0.15541291576132688,0.8464265574596461,288.3341369628906
3944,57.29665913940394,68.52188222634179,-1.8222435910797954,1.385712526825741,3.0752291892740504,331.3326416015625
3945,73.61723743619191,67.2932414582569,1.9476580804778862,2.4883069211717723,0.5406488406938861,226.7770233154297
3946,60.01565853320104,79.65710909560934,-1.0300240823478477,2.97500646693046,2.278154757901279,273.1780090332031
3947,36.11898573441588,67.6322850182939,-2.742441034241704,-1.4300572833931664,1.3123837508485376,464.7850036621094
3948,99.02594755310719,92.76290801031794,-3.0347624146968943,0.2895791075870995,2.958843784895593,239.5404815673828
3949,75.3324146437063,59.01691388669116,0.1238414026542296,-2.335508496280692,2.4593498989349216,262.229736328125
3950,84.30131500465171,45.03985000736166,-2.0893493380676995,0.8583269937348468,2.9476763318025463,274.45379638671875
3951,73.76598877149321,98.09701819324948,1.8987223880854023,1.393342161872103,0.5053802262132994,252.35382080078125
3952,96.5666028800218,46.63307485086421,-3.107557760671166,-1.7722340496622184,1.3353237110089475,322.1552429199219
3953,44.284214937022334,100.05397681188202,2.704090233342556,-0.8298050294301755,2.7492900444068553,322.9180908203125
3954,66.3880498947976,69.43575150746535,0.6019140755009933,-0.2567764990558712,0.8586905745568645,292.454345703125
3955,101.31603831161861,59.14462001193432,-1.4854350288999458,1.8409227376125408,2.9568275406671,370.1534118652344
3956,90.73356219348291,45.33670397332793,-2.3318181957685664,0.5836863214961832,2.9155045172647496,254.552490234375
3957,98.08990848875987,71.7287219808989,0.6520105164703254,-2.9973859093530844,2.633788881356177,263.6976013183594
3958,50.14155225765441,100.4431895927592,-1.901196869277337,2.516256392602471,1.8657320452997788,411.1866760253906
3959,92.54281854316488,74.78400389492253,-1.0568994988130695,0.1294288737390068,1.1863283725520763,324.0514221191406
3960,96.29030090329746,56.041856578735626,-2.6183493825009534,2.6090648758621153,1.0557710488165173,240.0019073486328
3961,54.06124766083954,100.79444766355704,1.653621282865342,1.8900975712382841,0.2364762883729421,300.4044494628906
3962,62.392110597657876,90.17748479292308,-1.8376789415872292,-1.0649163078581876,0.7727626337290416,243.5203094482422
3963,94.05853735149995,40.61219421919649,-2.8891513451533077,-1.8758661485732435,1.0132851965800642,391.3844909667969
3964,60.36924111449844,75.40047848575972,-0.7191539424079609,2.3710131909275693,3.0901671333355303,262.09222412109375
3965,55.625123124274324,101.91243162720514,-2.178895896223508,2.8210568575065453,1.2832325534495335,380.36138916015625
3966,88.65550651206772,98.67011388671818,0.6090096823274918,-2.1405763862797347,2.7495860686072264,286.3431091308594
3967,35.84744133254398,92.65050004342609,-2.3563507307651883,2.751493625602258,1.1753409508121406,322.6240539550781
3968,38.691539185750344,61.16176069674798,0.09819451256962886,-1.322347575193361,1.42054208776299,386.3144836425781
3969,85.07842270135103,82.92656468656864,-0.7641850815556852,-2.898404191630944,2.134219110075259,296.2285461425781
3970,80.33658433295851,63.12601408981095,-0.24650318879615796,-0.2743146131791021,0.02781142438294415,71.7768325805664
3971,87.22701037509057,67.52659564221439,0.5516253695092228,-2.422435145971798,2.9740605154810207,263.85687255859375
3972,72.39017448143647,40.22694141812117,-2.986730318046374,0.7452877187534277,2.5511672703797847,259.2821044921875
3973,59.18061492299134,36.65711844438914,1.490727874150469,-1.7187041240453251,3.0737533089837927,396.6465759277344
3974,43.927347967443865,49.28261453374155,3.089607332857727,2.8446697900133087,0.24493754284441846,198.87522888183594
3975,55.91732410035871,73.022171425629,1.201750206476202,-2.518220540959572,2.5632145597438125,289.64312744140625
3976,78.64061501377029,39.82548627449872,-0.128345648981933,3.0244406751771313,3.1303989830205223,224.8384246826172
3977,100.72699749981415,99.43139867038755,-1.6796243423662924,1.7111866259910142,2.8923743388222802,334.1358642578125
3978,44.59098171853564,76.01367201155051,-2.1396650586372994,2.2162772292786075,1.9272430192636796,272.2760314941406
3979,98.88612127385636,63.90310731904762,2.242278097304757,1.5850977236215984,0.6571803736831585,339.863037109375
3980,90.18888955192585,42.147596166863416,-0.5190495520886911,-0.51081263753639,0.008236914552301133,22.093276977539062
3981,63.93126973846962,35.547859460077824,-2.3144778543125524,1.6292101507505663,2.3394973021164676,447.4369812011719
3982,65.38374179488402,57.60178507676513,-0.3364093169085507,-2.310137184353428,1.9737278674448775,300.5295104980469
3983,93.03801139367324,45.549144940130915,2.069717595552783,-0.7783326297528079,2.848050225305591,258.5799255371094
3984,53.20829741371806,88.34767620395272,1.7944379407237596,0.30267649272925645,1.4917614479945032,315.50018310546875
3985,91.55699925118515,49.293101177968104,-1.0430373929567907,2.5912062051916944,2.648941709031101,307.0715637207031
3986,65.7636643562967,68.5189735788322,2.9851658948603204,-2.206448154531422,1.0915712577878447,269.0909729003906
3987,74.59245096705556,96.73613399873697,-2.8449747096730436,3.11005675684698,0.328153840659563,183.5553741455078
3988,36.30625214897304,77.9626328165172,-0.9562851631830598,-0.7430724669108808,0.21321269627217898,124.0104751586914
3989,63.465390518852445,65.72372872241725,1.2144575176605814,-0.02433278980828879,1.2387903074688702,313.7251281738281
3990,65.98439298491178,52.131844769419956,1.6226828831068536,2.766529338804383,1.1438464556975294,369.4961242675781
3991,53.610093221344215,48.09531379068102,0.74759017184169,0.028266225549756996,0.7193239462919331,221.0591583251953
3992,63.7239682047205,70.11410547108653,-1.3124429921896823,2.5384848128155264,2.4322575021743775,374.0037536621094
3993,63.27505287781906,62.73257257644683,-2.7665657567082382,0.3852966877290118,3.1313228627423366,293.59405517578125
3994,38.05717529518392,66.74519829598717,2.2801946570506093,2.872504663293449,0.5923100062428395,295.8888244628906
3995,53.06056116599322,46.50073337867411,-2.8077574479253085,-1.6880161771993516,1.1197412707259569,425.5421142578125
3996,92.74163897315461,57.37770555474292,-0.20949969607174035,-0.883549753968051,0.6740500578963106,269.4413757324219
3997,82.19889463222212,75.82201587691443,-1.9962383420402368,-1.1873477950320381,0.8088905470081986,220.36880493164062
3998,55.64896069721552,46.91117537239131,-0.9635240557216025,2.7226514322997115,2.5970098191582722,306.3096618652344
3999,42.08366478456336,77.90030358066454,-2.7166043699672318,-0.13952145593978615,2.5770829140274456,334.0975646972656
4000,98.65735962559664,100.8341278369206,0.3976889950218778,0.19910645762787516,0.19858253739400267,149.79055786132812
4001,91.98043983483365,53.77525003619745,0.9295832976052161,0.3501606794652803,0.5794226181399358,251.8466796875
4002,85.12356390793028,84.74677025791439,2.834518227428542,0.3964997238556416,2.4380185035729003,303.13818359375
4003,41.80111227758035,57.45602897915405,-0.6793842501036615,-0.952981889324739,0.27359763922107755,158.8386688232422
4004,90.61126775496422,55.546417341331264,-2.9973234743924695,2.346600139049184,0.9392616937379332,238.05628967285156
4005,99.76411979261351,79.15535712024854,-0.04821794991672501,-0.13227267388687514,0.08405472397015012,69.27352142333984
4006,82.30629563094172,41.385328069309665,2.9442994981008717,-0.47562710381103823,2.863258705267677,256.21728515625
4007,69.7972655051222,37.30671649196977,1.9326516516557577,1.8937523384152701,0.038899313240487565,238.23873901367188
4008,41.90571803902073,101.15997831770503,-1.1237421325218584,1.659249986127434,2.7829921186492923,383.655517578125
4009,70.67986302239285,62.33525097965693,-1.856003664274641,0.4195566486187525,2.2755603128933934,354.9244079589844
4010,70.01035656000553,41.28216101445291,-2.8580501951446546,-3.0555233743820502,0.1974731792373956,131.10025024414062
4011,89.96076643657537,53.88465438990401,-2.9370707752268195,0.26693976261333363,3.0791747693394336,241.40419006347656
4012,98.96473045947877,67.40565311548963,2.6672873797233905,2.3984271044576477,0.26886027526574274,146.83267211914062
4013,60.8750232518307,54.48470339956323,1.789075828300846,2.76795896335617,0.978883135055324,273.40399169921875
4014,92.94530831998284,44.53021996313539,0.12195775227416084,-2.0708303327375432,2.192788085011704,301.96588134765625
4015,92.05617045413622,59.387230166562674,-1.307393788248787,-0.15187492957984672,1.1555188586689402,334.9064025878906
4016,92.01395416733885,100.07650969746949,1.5332863292950503,-1.570906780902764,3.104193110197814,375.5935974121094
4017,41.78737745263245,74.19720504623163,0.5460008814456647,-1.6946718001349426,2.240672681580607,363.90155029296875
4018,72.95073909028278,73.14876789633902,2.9087188221906475,1.7542720291888028,1.1544467930018447,299.6615295410156
4019,85.0735353030124,35.74668842216217,-2.547149949712673,1.5383530712777969,2.1976822861891168,427.1556091308594
4020,73.64987149642346,48.02118604982506,0.6843748885634633,-1.306855945347559,1.9912308339110223,359.2511291503906
4021,88.39014508121434,79.97186545789785,1.6409843161456212,-2.1980096810672767,2.4441913099666888,360.8096618652344
4022,56.7779902401225,87.22747364632558,-2.290232112753222,-2.6470391816267544,0.35680706887353253,170.69912719726562
4023,69.53081098055021,40.27350137600373,0.8821514097065908,1.8645917255818585,0.9824403158752677,325.9697570800781
4024,65.31021771968756,65.67669406880545,1.3977215252818205,1.588784070220222,0.19106254493840158,208.83346557617188
4025,67.09693927642564,96.97499672263353,-0.47066013058551315,-1.169987751668484,0.6993276210829709,261.7043151855469
4026,65.0039788970146,47.88148403082765,1.2740131347062,2.451589876691598,1.1775767419853977,297.2997131347656
4027,38.98676663083389,80.32092132438417,-1.0484063441227502,-0.6888636101928034,0.35954273392994684,210.1113739013672
4028,81.06544981242462,91.98244189427189,-1.732360345581972,-1.3337776571979372,0.3985826883840349,195.837890625
4029,36.564178456104614,76.04838023273459,-0.2622757111753713,1.7320603711404,1.9943360823157712,365.72540283203125
4030,86.03513588184495,83.209135521474,2.4098444192098887,0.10254985966327546,2.307294559546613,265.98760986328125
4031,92.69557751795969,96.46005800233897,0.06173293720748774,0.5501292711482053,0.4883963339407176,224.40428161621094
4032,54.72790570936162,68.50177935248495,-2.942723042204827,2.299342668660599,1.0411195963141602,247.11990356445312
4033,95.74827795856223,100.89861379702624,2.3608625069333966,2.888616661974851,0.5277541550414542,230.35317993164062
4034,42.15102710720113,59.38549845556889,-1.731247437091994,0.274363906942531,2.005611344034525,365.3774719238281
4035,95.81261740314815,87.29511512903369,0.2713517150690854,-2.309743287548405,2.5810950026174906,311.5149841308594
4036,38.48260744760413,88.15198586801475,0.15393475997673622,-2.2165576027699077,2.370492362746644,324.2932434082031
4037,80.19864872844887,65.7148199436685,1.0887809698385151,1.63944403241101,0.5506630625724949,319.6860656738281
4038,43.88318358365753,69.23915536562671,2.918989703859057,-2.568651878923992,0.795543724396538,233.72010803222656
4039,82.31040364795209,94.91054693187297,1.4080182017530252,1.4985633730102261,0.09054517125720096,154.80328369140625
4040,64.79984383998001,68.40711675497501,1.8821461117517426,0.29697943468554744,1.5851666770661952,329.50823974609375
4041,49.60612874786644,38.91369426477001,0.10364098155034007,0.26291699034756055,0.15927600879722048,121.74313354492188
4042,47.294321539630396,95.78837731250502,-2.970676175061893,0.6136782183113634,2.6988309138063302,268.5767517089844
4043,92.30117713018696,91.96955983461822,-1.07557984583419,-2.6425660041581893,1.5669861583239992,337.6541748046875
4044,80.0733698820622,40.14208622376029,-2.228968562715922,1.9439738707312841,2.11024287373238,393.7473449707031
4045,58.34114240813794,78.10162945245628,2.028543899543492,-2.0685646448584074,2.1860767627776867,265.45361328125
4046,46.70314746591731,88.57001022405721,-0.3155931650709496,0.8863145932512415,1.201907758322191,368.0130920410156
4047,69.02658784378538,46.390448193088496,1.3491757253129206,-0.5139906474814167,1.8631663727943373,340.8202819824219
4048,58.850489850814924,76.62966117831479,1.6121085832612172,0.6685930924714909,0.9435154907897263,344.5946350097656
4049,71.54361580547777,77.76270664938767,-0.4821371453454302,-2.640888981828131,2.158751836482701,266.3583679199219
4050,96.67817297826765,38.06836560900635,0.775254434163283,1.4399691586500616,0.6647147244867786,305.9198303222656
4051,36.77156999737332,76.05096094305564,-0.6456698358533206,0.8062115489101198,1.4518813847634404,269.9227600097656
4052,47.17443950460917,94.48531471116907,1.6938396031815204,-2.008835435088333,2.5805102689097335,335.26043701171875
4053,77.90419258635409,57.49766859906728,2.640215668657623,-2.821367592185003,0.8216020463369599,345.3484802246094
4054,66.59837129964001,99.5717121133605,2.3097683257800163,-2.3545783882766838,1.6188385931228864,262.60687255859375
4055,37.68787980200126,54.32192738120921,2.3287168456173264,-1.2240864945364869,2.730381967025773,312.9716796875
4056,81.54191957017454,64.08849051729375,2.2670738141355162,-0.6882836200556244,2.9553574341911406,252.10914611816406
4057,40.890770255767364,77.03977009993108,-2.907413856628427,-1.7743228553697747,1.1330910012586521,382.32196044921875
4058,55.913662441693745,64.32368580644885,0.5668503420535131,3.096757927467829,2.529907585414316,237.00682067871094
4059,78.4973136911554,43.99253604429173,2.283048705873364,2.953101228412577,0.6700525225392129,233.36239624023438
4060,45.325432835315205,91.00435362371601,0.8910569559453316,-2.5187379040486713,2.873390447185584,297.31573486328125
4061,55.92396163809438,56.19924700511212,-0.4835507449276504,-1.9701506972209204,1.48659995229327,290.2388000488281
4062,52.54663953492171,96.26935429749781,1.9738075230624696,-2.6678116034992865,1.6415661806178303,314.4329833984375
4063,57.4492639413029,71.84203083844933,-2.661383977242301,1.1714693865110624,2.450331943426223,264.48272705078125
4064,67.0438653827207,46.44657945355,0.8218918638139447,-1.9327196161777187,2.7546114799916634,311.8726806640625
4065,52.38375041279831,45.082544685767644,-0.07259940392583797,-0.5214845404481054,0.44888513652226747,222.8699188232422
4066,79.79602840057268,57.078575155252025,1.1383847777238687,-1.1760753408601683,2.314460118584037,332.02294921875
4067,47.538985820340024,49.029525773002,0.2630114661792655,-0.19907338879061642,0.462084854969882,192.87847900390625
4068,58.630680926512184,76.89571299516776,2.959138611810765,2.698334576622856,0.26080403518790884,162.19290161132812
4069,36.60001371514304,37.90626473744178,-3.084088357192089,0.0024724892589267355,3.086560846451016,407.41363525390625
4070,88.17068006189619,49.03220008635459,-0.6955588082752837,-2.5369011993246295,1.8413423910493458,298.3873596191406
4071,56.4731066032156,95.41245778708256,-0.8285423767147693,2.3638207910746827,3.0908221393901347,272.0263977050781
4072,101.53995927762611,72.66720686484194,0.35089027801622485,-2.2840172071661486,2.6349074851823735,343.2962341308594
4073,69.5171709212907,97.5620626322905,-1.981078021604674,-1.068040868035458,0.9130371535692159,253.19610595703125
4074,98.78081631196866,66.9315810243341,-1.2040868601260972,-0.9714297610169038,0.2326570991091934,207.9169464111328
4075,84.77400070698187,80.58147354712983,1.7674473293481787,0.2568829793252747,1.510564350022904,314.5242919921875
4076,72.61347916087058,101.64980625965711,1.2582364924073008,-1.5341754148098583,2.792411907217159,442.5087585449219
4077,73.90160658490584,62.44992352521632,0.11659861069065336,0.19520697347318317,0.0786083627825298,67.52491760253906
4078,94.71277825988273,81.95793515525367,2.247439324043661,-0.6914236358276229,2.938862959871284,243.47335815429688
4079,50.118033235567964,69.6299992004026,1.118995098534123,2.846278924370689,1.7272838258365661,307.8157043457031
4080,79.20363202537416,58.105653586650504,-1.530816103890691,-0.021802839615922665,1.5090132642747682,422.3155212402344
4081,87.00624786667626,40.208164616024106,1.4253457762852877,2.556727384090837,1.1313816078055492,313.9893798828125
4082,60.6678141195835,49.84949591965139,-2.851845408463865,-2.591763826705398,0.26008158175846674,199.3096923828125
4083,79.68602538923456,48.638825674081815,0.34025920951153,1.400353836227021,1.060094626715491,359.7616882324219
4084,62.710302556401665,38.693079185860135,0.9044158325671132,0.07980081565798613,0.8246150169091271,296.22845458984375
4085,85.60070873371367,86.735982610841,2.394933950324031,-0.6016414457724175,2.9965753960964485,274.74237060546875
4086,90.99617150950101,84.41459469148161,1.8350072247627036,-2.824440669413866,1.623737413003017,351.0438232421875
4087,72.6815962630632,89.37109377802743,1.1054663544688195,1.387983397308914,0.2825170428400945,215.1929931640625
4088,74.14814324073146,96.76512409198985,-0.4640861491239541,-1.644605486850819,1.180519337726865,428.6081237792969
4089,63.87546132965268,88.2167970200459,-1.0429815121537072,-2.2061550084371775,1.1631734962834703,274.0988464355469
4090,76.74104825304133,56.54671133563551,-0.556361845586197,2.4552133940259226,3.0115752396121196,235.7960205078125
4091,47.97574653799426,75.50845803957606,-2.6881321836683094,-1.5563057186751987,1.1318264649931107,441.76318359375
4092,90.5178305750154,72.44926077181024,-1.8739829448733036,-2.247851812064724,0.37386886719142054,269.0257263183594
4093,69.201507092853,40.838672852057854,1.1750681724222325,0.018436814623871367,1.1566313577983611,343.5009460449219
4094,92.52136854362467,85.87964830358698,-1.2425295493635997,-0.4420585496495604,0.8004709997140393,423.5342712402344
4095,97.62404429239028,95.70178113044896,3.0573405160380442,1.4042634582074163,1.653077057830628,314.5205078125
4096,90.87370997434623,67.53224522592535,-0.749526430147375,-1.4313914866929922,0.6818650565456172,372.31353759765625
4097,55.79023432042278,72.5628562723013,-2.2992206166335527,0.30667260277421127,2.605893219407764,367.89697265625
4098,82.34500128884281,35.55646462056382,1.3067766238833878,-0.965241400622566,2.272018024505954,500.4731750488281
4099,80.62335251696743,80.85853843255796,-0.3039631120477413,0.7543216136596289,1.0582847257073702,303.42095947265625
4100,73.16386926938198,85.19369666016888,0.9425846434474963,-2.6136530127699515,2.726947650962139,249.939453125
4101,35.941365040784206,62.279766524512304,-2.517558841703578,2.3732299406888844,1.392396524787124,301.8277587890625
4102,87.01000838428189,50.856315752479695,-0.08455809820076299,-0.2103153184656703,0.12575722026490732,123.08968353271484
4103,77.0127051112456,57.159141453522196,2.9466549771891772,-0.9528315197838544,2.383698810206555,299.21881103515625
4104,69.24352294294123,96.32180936574912,2.899008084165801,-0.05155420918401399,2.950562293349815,236.77838134765625
4105,50.91907497870008,42.948914935965455,-2.039771946717225,2.9340760325998057,1.3093373278625562,276.6727600097656
4106,37.65216262616411,91.38994929336835,2.596292182301169,-2.5814814055961524,1.1054117192822652,258.38739013671875
4107,84.04126480081814,43.195185669038565,0.509824302659486,-1.1900249074917186,1.6998492101512046,344.9310607910156
4108,78.89165636885733,91.33414892933766,-2.339675619673407,2.6474445998705347,1.2960650876356452,274.401611328125
4109,55.12391395353446,87.14246142079892,-2.0033172793050547,2.8062449457070286,1.4736230821675032,346.5198669433594
4110,81.80364096234771,97.05031334539669,2.851370350275407,-1.0070985032477395,2.42471645365644,316.329833984375
4111,39.57852083028642,89.30383214160983,0.6757284458332511,0.80243325109931,0.12670480526605887,89.12104797363281
4112,55.486734019636174,95.55612876569408,-0.23744916703616736,-0.8083720871362412,0.5709229201000738,234.1394805908203
4113,70.99150200440238,36.51140089743756,0.573423842497454,3.026162013838804,2.45273817134135,238.21766662597656
4114,58.426485050514216,91.2445940687927,1.0724855145794328,1.4585619646067913,0.3860764500273586,314.3629150390625
4115,61.33853729845477,87.20698536203649,2.06981366208446,-1.2742877212654984,2.9390839238296285,319.1847839355469
4116,86.87546371762767,53.847167106362804,0.11279871791316065,-1.8785842793390395,1.9913829972522001,363.5897216796875
4117,70.02018710026329,66.12775707465573,-1.9094614674014667,-2.1673539781688818,0.25789251076741504,267.52880859375
4118,97.5107334373295,65.83057803219465,0.9796252700133605,0.2529483283579461,0.7266769416554144,229.6240234375
4119,60.267194658912956,68.93203345922876,0.9741096239018043,2.863962851994378,1.8898532280925737,300.16888427734375
4120,71.19172379295594,83.27615848498047,-2.175519131071908,3.114365151428748,0.99330102467893,267.6846618652344
4121,74.85087460517498,35.27304019020929,2.509192980939643,-0.9702955259117156,2.8036968003282277,310.02154541015625
4122,57.95034329323197,69.27259594143513,2.1179628936570216,0.08756242135721237,2.0304004722998092,309.095947265625
4123,59.94133665399961,94.50225228654023,-2.1713402901339744,-1.4155896265241112,0.7557506636098632,259.29156494140625
4124,90.924540579942,37.257055173543726,-1.9666952053134539,1.462499526834713,2.85399057503142,432.1275329589844
4125,60.912155089236336,62.36396060558706,-0.17183587805571143,-2.7452319617581424,2.573396083702431,289.33087158203125
4126,93.49639609885548,37.511846990663166,-0.2258445281060837,1.5378391967090543,1.763683724815138,468.4064025878906
4127,68.5074413094058,48.937267254976675,1.7082847979599949,-2.7297533530585145,1.845147156161077,321.3995056152344
4128,87.54269990506802,55.20283828809001,-1.6691322837395366,2.6444746260940235,1.9695783973460268,404.9336242675781
4129,94.08056967229709,51.09384447767905,-1.008486923355064,-1.287055851571012,0.27856892821594803,256.1959533691406
4130,66.22351806971207,88.31095635109173,-0.732378156049081,0.06667296599056804,0.799051122039649,265.05767822265625
4131,39.48146006225391,47.119930464188315,2.0670577684600673,1.2869105578013142,0.7801472106587529,195.20477294921875
4132,72.23475352115105,66.75517043838315,-1.1331271665249245,-2.14747122540054,1.0143440588756154,254.51939392089844
4133,64.20249955699568,89.92064665573695,-3.111737376287953,1.3621593831276861,1.8092885477639469,270.1011657714844
4134,70.92441420778829,64.99171365455484,2.401949870666214,1.705437362232093,0.6965125084341208,318.3388366699219
4135,98.25843272557252,96.3595548776394,-2.109854805120002,1.6288626135306465,2.544467888528938,375.896728515625
4136,67.6649024960452,70.25848470545918,-0.025935750898816945,-0.1656821525467711,0.13974640164795415,138.6120147705078
4137,99.51244406856019,55.29448592875943,-0.10576545026255113,0.8284652219583841,0.9342306722209354,239.98585510253906
4138,89.26141065268189,50.51632023022927,-1.2555838942926876,-1.2631264175413996,0.007542523248712073,63.11753463745117
4139,68.34756215129082,65.42439786543088,1.2504547185882586,-1.9382581521435256,3.0944724364478025,402.38671875
4140,73.8609711253545,53.1392198021888,2.5143333816038007,1.5980466896433656,0.9162866919604351,345.8686218261719
4141,88.42987100548649,58.42809147581166,-2.4381736677872903,-1.8612772368992943,0.576896430887996,308.4068908691406
4142,42.35806671065958,101.04288853277703,1.1742842109107174,0.9564912806590851,0.21779293025163235,142.7115020751953
4143,42.74776649255336,40.71515830348136,-2.2360401607919362,1.0054634704928356,3.041681675894815,295.9988098144531
4144,75.86463776049847,86.39349599530472,0.9546569547620614,2.6127990686350033,1.658142113872942,247.2722625732422
4145,56.26284702520901,72.21162599975165,1.2022915585291285,-3.0501230248154863,2.0307707238349715,308.16436767578125
4146,43.30699947565372,72.41119553711043,2.7141285140411,-0.8666446314215639,2.702412161716923,326.73846435546875
4147,39.14863099889906,99.3602369814775,-1.1063799741431608,2.3283219539506588,2.848483379085767,310.0673828125
4148,91.16412437974708,87.13804923649732,2.959195788862801,2.802652623017856,0.156543165844945,265.56854248046875
4149,67.12872605517293,55.86672502821213,2.168168631962393,-2.3786221472304576,1.736394527986736,267.5777587890625
4150,83.55727790425424,68.9484926618372,-2.98634969605888,-2.2931833169834417,0.6931663790754383,207.9664764404297
4151,96.34049357075082,45.406289020004756,-1.0987143666057086,1.7578733170555854,2.856587683661294,336.1850280761719
4152,35.656517650469056,65.81553860404239,-2.975154889669217,-0.21084215256779348,2.7643127371014233,404.7062072753906
4153,56.547241375100825,64.48672771457852,-0.06466894437662019,-2.6239656400291467,2.5592966956525265,283.42474365234375
4154,82.249317435004,77.6826210459601,-1.5556638600631885,1.9354074823741545,2.7921139647422435,416.1024475097656
4155,55.74573918735382,40.100894844832354,3.011578175431592,-0.18611150500937335,3.0854956267386213,255.14971923828125
4156,100.40132729954553,46.660331272135124,1.5801919503658555,-0.2029639390186122,1.7831558893844677,401.38726806640625
4157,92.5572655663429,40.952102091974695,-1.187320900272632,1.6356016006949181,2.8229225009675503,474.77691650390625
4158,49.32510005894828,48.712520451640614,0.511805289951027,2.4289373782269186,1.9171320882758915,257.8770751953125
4159,46.25089891686613,53.96864351356525,-3.0695670911716264,2.1800419177567676,1.033576298251193,297.2594909667969
4160,82.15242688278795,101.86977571813901,0.685310069749252,2.2240529329376306,1.5387428631883786,229.56402587890625
4161,95.04301175836373,71.78837913809565,-0.37389996701623085,-1.875746785861456,1.5018468188452252,347.01751708984375
4162,49.870956313114085,79.02584985482626,2.113110845105237,-1.5758419360291174,2.5942325260452317,473.2634582519531
4163,81.28161376760875,87.389346346823,0.7210644516650291,2.2286163924762183,1.5075519408111893,225.4915771484375
4164,58.23603244150357,61.74047498178227,2.9790446522250686,0.6731325240204731,2.3059121282045956,273.3941955566406
4165,36.445518658384245,81.65104082082317,1.3443041636413158,-2.6910639921668187,2.247817151371452,400.7789001464844
4166,82.2012719196171,70.41674874977774,1.6060895686887795,-3.062766004180621,1.614329734310186,366.1896057128906
4167,57.52250636746943,68.86810436061421,2.471576421036575,2.050771219741609,0.42080520129496607,180.58993530273438
4168,84.85961247127216,44.45592419851472,-1.7964214198710726,2.738445508010904,1.7483183792976098,327.05987548828125
4169,40.73787076848665,76.74851693742946,-0.44994538198171696,-2.639320399992442,2.189375018010725,351.141845703125
4170,53.141722329598146,73.03615345067163,1.6150702035712179,1.2666799982596393,0.3483902053115786,308.74615478515625
4171,80.06733907911476,99.88374870778884,0.6162219952081944,0.45848752263933035,0.1577344725688641,108.02719116210938
4172,92.82352021325906,50.69825861541135,-2.3260550744055193,1.9058932290148123,2.051237003759255,337.00518798828125
4173,55.22433689476774,61.03107825454855,0.3368662260572508,2.844542561637631,2.5076763355803804,254.9878692626953
4174,71.50202985209833,44.624166316903086,3.0602167960868956,-1.893271923489116,1.3296965876035751,357.85302734375
4175,64.84333366034255,38.425801643127514,-1.8515620344071362,-0.13548452532820532,1.7160775090789309,304.0350646972656
4176,69.1146207769849,38.351479128924325,0.44960485316182597,1.7657153459200252,1.3161104927581992,408.34661865234375
4177,35.4124914862434,43.73136399708318,0.8927968980890446,0.8974365218966813,0.004639623807636717,8.087760925292969
4178,86.60151766973482,86.46312987985672,-0.621530839425255,-1.9574441814929284,1.3359133420676734,325.6258544921875
4179,91.63875207243407,71.70676252082559,2.995459536673649,-1.0550956857075247,2.232630084798412,312.9223937988281
4180,94.75220294184132,60.53767345914191,1.2086873503071907,-1.1358071665191916,2.344494516826382,295.4422912597656
4181,91.13606888060838,37.912129302352625,-2.6776173836089683,-1.8447083444326267,0.8329090391763416,330.6630554199219
4182,42.15846631060231,58.91761646654631,1.9744544828009039,0.05453222625278764,1.9199222565481162,289.849609375
4183,66.57990765316455,48.088374016608995,-2.2609692606795044,-1.3251129118069738,0.9358563488725307,343.34320068359375
4184,92.21120103941543,42.81042253910415,-1.0365949824446719,1.1637300296841921,2.200325012128864,420.6495056152344
4185,72.57459433348039,80.05794547913177,-1.9135262852570158,0.888477780795303,2.802004066052319,343.2317810058594
4186,57.990118336024054,93.50699735399934,-0.5146809834871919,0.8713581371128116,1.3860391206000036,260.3952941894531
4187,35.58597474244464,87.49280167951162,2.5712796819916663,-2.0455661308206743,1.6663394943672458,388.7822265625
4188,75.93329703937897,76.54799865314209,0.11164256542533524,1.5801516368981563,1.468509071472821,386.8592224121094
4189,36.916536751290664,85.24009000509761,-0.1787973298576202,-1.4221176033367988,1.2433202734791786,365.02935791015625
4190,42.75966486262277,57.05201664356029,1.1169261857594162,-3.12800761733884,2.0382515040813307,380.3753662109375
4191,52.49098345112873,76.4268368273359,0.45422454519426436,2.6789152522752735,2.224690707081009,253.38328552246094
4192,82.9645038906451,68.34748292737481,-1.4101749956777334,2.782742792073302,2.090267519428551,345.2521667480469
4193,40.95493644861715,99.76316267242368,-1.596794022394287,-0.03450064247952511,1.5622933799147618,431.3908386230469
4194,65.58046368250248,40.48060264660536,1.870284187045261,-1.7825223941439141,2.6303787259904117,356.31573486328125
4195,42.608579965760825,64.24763856413105,1.3663531816795134,2.717182149842923,1.3508289681634098,364.77008056640625
4196,72.06173049644866,91.10331447752023,-1.89281230511107,-0.7228634921337416,1.1699488129773283,375.3327331542969
4197,73.11522892048876,55.02207505188009,0.3536199478468385,-2.8879896862871903,3.041575673045558,284.7191467285156
4198,85.2355371212115,84.83307911146638,2.5577357622074395,2.001480890245783,0.5562548719616567,258.70098876953125
4199,37.445199779411155,49.43929086363435,-1.3331784045846962,0.9353056290425581,2.2684840336272543,308.9656066894531
4200,84.24820790033725,67.33427977733352,3.10722630297837,3.062637700570895,0.044588602407475086,52.197208404541016
4201,85.07437445476941,36.57193147378469,2.1221588280724877,-0.4923939300040492,2.614552758076537,439.1794128417969
4202,71.0970913589653,75.59870163450188,-0.6798513502289709,2.3087621622203827,2.9886135124493536,252.90643310546875
4203,92.19297140939013,76.25795393034929,-2.316910781860747,1.506285103289196,2.459989422029644,377.7397155761719
4204,89.22840977294544,55.4050431990491,0.034825394770595874,1.8940318262341806,1.8592064314635848,347.2717590332031
4205,61.61144694293206,63.23974533665147,1.1609433468287866,-1.7782284517674678,2.9391717985962544,334.8681335449219
4206,65.8616763214989,62.95655121127061,-2.800773367497211,2.6876671624684647,0.7947447772139109,295.8873596191406
4207,50.545670988235216,98.40856304982108,0.670477599361754,-2.2077742930024975,2.8782518923642515,287.4542541503906
4208,72.53760883119517,70.32055944848767,1.0696173848075015,-2.757565920140968,2.4560020022311173,286.9868469238281
4209,96.79869681651331,71.45037719811383,0.9791298453107071,2.7259777724544714,1.7468479271437642,253.51670837402344
4210,89.75845201710841,77.73657161970834,2.3845334853825957,2.0065328614036284,0.3780006239789673,203.87033081054688
4211,45.76393554437408,62.98174485538753,-2.9366912766737068,-0.5339345232491359,2.402756753424571,292.83978271484375
4212,57.975367490767944,48.49157398549059,2.8297432872984594,-2.493513780463422,0.9599282394177051,345.7294921875
4213,42.02530305832194,81.26755282777248,0.5034040207516415,-1.8539790543471044,2.357383075098746,370.0675048828125
4214,55.137466774853465,101.36427155089832,-2.7694046985110634,-3.0234766236719803,0.2540719251609169,186.99609375
4215,95.81717694018589,39.06930629833633,-2.7931462160394256,1.5817978673673565,1.9082412237728044,458.3296813964844
4216,43.84840364663139,96.60557393291587,-0.08097311299838283,-0.48858566784901525,0.4076125548506324,181.45362854003906
4217,68.78782413544883,44.62852944248721,-2.350372421515826,-1.2649928790626932,1.0853795424531327,352.78399658203125
4218,69.67514402739035,98.53790919254863,-2.149404509551424,-1.5842916916244854,0.5651128179269385,355.88140869140625
4219,79.21592393652921,50.934942799325,1.8273091591483794,-0.5622973217470637,2.389606480895443,301.1082763671875
4220,81.26962179201185,70.50568988392877,1.9037206159028246,2.569181102719692,0.6654604868168672,330.7738952636719
4221,61.39394019766959,71.27767289316674,2.2180078575122524,-2.35811537367334,1.707062075993994,262.1510314941406
4222,92.61174408015714,64.73198605429046,2.5832516408428665,2.6800672918918043,0.09681565104893775,105.72233581542969
4223,86.90071201929732,40.228997446908394,0.18198346088270556,2.606397328020785,2.4244138671380795,242.99163818359375
4224,62.152991230322655,45.715890432935,0.6631259759213917,-2.8869170907740083,2.7331422404841867,270.3689270019531
4225,37.77204018618001,72.13097825764531,2.4983503215891263,-0.9242661577295315,2.860568827860929,414.09100341796875
4226,68.194148892952,94.03326499404096,-2.1310915955923457,-2.1820641040058835,0.05097250841353773,60.665348052978516
4227,95.66891319279638,80.49887374004055,1.1888175553303828,-2.3651603755604937,2.7292073762887097,308.31170654296875
4228,72.83445310848529,79.6847197548999,0.9682323976482019,-0.11407989719540312,1.082312294843605,252.8076171875
4229,79.73576262775346,85.67768813366216,2.8854933875847637,2.6194746955484236,0.2660186920363401,168.9429168701172
4230,51.54903501109841,58.53956700426511,-1.0695716459510654,1.1811604576422194,2.250732103593285,311.2317199707031
4231,96.47602977558932,35.805864495328116,-0.8029289879596782,2.9846702870521797,2.4955860321677283,272.6889343261719
4232,72.83990659291143,98.9788422388711,-2.7892882410060795,-2.772503216480393,0.01678502452568642,48.761844635009766
4233,67.28482515209367,91.23667496753046,0.44117161917059367,-2.564361034052293,3.0055326532228865,284.70306396484375
4234,88.22255199808868,66.62579698801683,-2.263971684176206,0.33187497239696473,2.595846656573171,346.0175476074219
4235,71.95577557060247,49.21976625379503,2.8660151745270657,0.6195475835797417,2.246467590947324,264.8213806152344
4236,65.25215876545147,51.97514529482583,-0.5576483274292343,1.5552404230506047,2.112888750479839,370.30364990234375
4237,100.20793483673613,89.57267418558189,1.4593541484188783,0.38892066240453316,1.0704334860143452,329.8170166015625
4238,74.16563627818914,68.07415180435628,-1.2809610326089476,-3.112047607336973,1.8310865747280256,363.5155944824219
4239,44.95913159121498,69.33920112523826,-2.9068489899489522,-2.802057350019795,0.1047916399291573,309.9433898925781
4240,98.64501148342887,43.88254597588631,-2.7975867310728404,1.7244383364247087,1.7611602396820374,395.7040710449219
4241,65.92725516080876,98.26770800522573,-2.269453301676866,2.7583593590637143,1.255372646439006,248.08726501464844
4242,47.32784195586669,94.32189534973608,-1.3701697323708224,-1.281892904981806,0.08827682738901643,149.1789093017578
4243,87.4197105719023,70.1370568521388,1.795669863610689,0.4994253680650824,1.2962444955456065,317.3260498046875
4244,62.208783089404776,41.56961385451372,2.9178062299706244,-1.7966730951820145,1.5687059820269476,308.3824157714844
4245,95.06253196978585,44.9926613121899,-1.6987344484587024,-2.499477608106414,0.8007431596477115,348.9913024902344
4246,35.791329132155866,97.22776090160417,-2.9651178705481374,1.0919702046290087,2.2260972320024397,403.53662109375
4247,66.1133365195674,50.08402723943985,2.268927163659016,2.2647402940838264,0.0041868695751894345,16.841510772705078
4248,84.3670311478624,58.01998419876058,1.6548164001562444,1.8155264751851803,0.16071007502893586,244.2484893798828
4249,82.84714442596554,89.15706403636283,2.8937664174437545,1.2647897704557698,1.6289766469879847,310.5072326660156
4250,47.084603338934144,85.97513070849499,-1.5969330425148565,-1.7718746675294352,0.17494162501457877,176.815185546875
4251,68.70386552899816,57.88475682714245,-1.7813195981205043,-3.115588653290329,1.3342690551698249,316.3506774902344
4252,45.82197668663045,75.97465353512479,-2.5280451489121027,1.4867747400877551,2.268365418179729,378.7262268066406
4253,78.50660915801184,76.26949681358306,-1.9976807769722444,0.5061344860951298,2.5038152630673745,318.43359375
4254,77.15509352479512,94.22325515374314,-0.918616583144761,0.5366363501125169,1.455252933257278,310.9311218261719
4255,67.71111402353267,54.00885258419517,1.7964148004018714,2.368660208903437,0.5722454085015656,251.49050903320312
4256,42.59029575391814,41.474823246299565,1.8726301858378855,1.9720268303892778,0.09939664455139231,126.60511779785156
4257,76.83134951278439,95.74758674227445,-3.122711862924789,-2.492624126867991,0.6300877360567984,236.2628173828125
4258,67.61920509609774,93.38054420748728,0.28256866595619723,-1.589869105719293,1.8724377716754903,441.7510681152344
4259,37.15204909467423,55.329049866336774,1.8676113697504473,-0.7363412685423696,2.603952638292817,291.352783203125
4260,57.354970608841,98.84141747799629,0.1457343104706439,-0.6449871103094926,0.7907214207801366,284.5406188964844
4261,59.86217236502249,83.45322891620158,2.88209402478721,-2.126481939030077,1.2746093433622996,291.5394287109375
4262,91.26718056272158,49.94984095615149,-0.5370914075488251,-3.0930341014718215,2.5559426939229963,279.41741943359375
4263,47.73163556103764,68.9771930152976,0.4505455354684589,-2.1932952529601493,2.643840788428608,306.8957824707031
4264,71.53917192461869,78.62885703336615,0.4164597644695984,-0.8278901059676484,1.2443498704372469,281.2494812011719
4265,81.64225956449081,79.42925811493797,-0.2808335121969807,-0.9425511358061165,0.6617176236091357,275.1270446777344
4266,92.56197960896856,38.87234334913053,0.754629628387081,-3.1391403243775726,2.389415354414933,250.85520935058594
4267,98.9397666997025,84.98095411371685,-1.807796754486201,2.380115792547624,2.0952727601457615,331.80224609375
4268,58.73609479728108,63.235340245876586,-0.9033218060714026,2.2904878467507643,3.08937565435742,272.4288024902344
4269,94.93435836112175,64.45177204924586,-2.5233143384852887,-2.427916134514916,0.09539820397037291,55.18370056152344
4270,99.84208854222838,70.03733519284953,0.6706349376617227,-1.463880020311634,2.134514957973357,420.7022705078125
4271,73.02860516881037,60.73553539088053,2.6189827553693563,0.3291086932362366,2.2898740621331197,362.2704162597656
4272,51.48998915652565,80.88781681334433,-1.5177019651600765,-3.067899199720391,1.5501972345603146,445.873046875
4273,67.3464797121745,38.927125516678906,-3.0502043703849036,-2.7596198949456934,0.2905844754392102,183.28366088867188
4274,58.734167765060135,65.36251590293229,-2.54996656673699,1.0237391375341334,2.709479602908463,263.51953125
4275,88.21829009784798,66.82069359983694,-2.624380924639518,0.9241887594026661,2.7346156231374024,287.4541931152344
4276,43.67363896598235,97.52213725178225,-1.8227975163418997,1.5987695594503304,2.861618231387357,374.27899169921875
4277,38.89074206078987,47.43662390726645,-0.7715064357700334,1.186548961620442,1.9580553973904755,308.6344299316406
4278,51.95183456859398,35.72432711863409,0.2610908594707628,1.62812160347573,1.3670307440049672,381.7216491699219
4279,60.13657041194318,67.94276256519487,2.7015523851112935,0.05335384831098677,2.6481985368003067,239.4073944091797
4280,60.250849501360506,60.95941577125838,1.6005056280722254,-0.26875584700246113,1.8692614750746865,375.916748046875
4281,86.54462804048597,82.99600161723487,-1.4238648711149837,1.6634702701476094,3.087335141262593,370.5887451171875
4282,49.339324301399344,79.10819954490961,2.7189280593741048,-0.29119154209472464,3.0101196014688294,297.6086730957031
4283,52.10401283135582,72.13655941403077,-1.2454965153730255,2.287347070434529,2.7503417213720325,372.4244689941406
4284,65.30268466317801,71.57675953686982,-2.4515813601573533,1.4365999685415307,2.3950039784807027,316.9701232910156
4285,66.3726904802243,62.888310570525846,-2.7049845446076737,-1.0577278169479212,1.6472567276597525,315.8036193847656
4286,99.7433146343589,95.83662212238127,-2.528964298109173,3.0542983225373606,0.6999226865330529,223.9936981201172
4287,77.03382218396003,81.05921132673552,3.0763321840192326,-1.8078580483219944,1.398995074838359,359.9847412109375
4288,57.03273760255803,38.840647151317256,0.946867202976291,-0.5284667343054492,1.4753339372817402,322.34417724609375
4289,86.03019847567151,85.35121573523638,0.03769091482733522,-1.3083960554622673,1.3460869702896026,357.91094970703125
4290,83.99441074843247,42.131533379268596,1.876206148082236,-2.3379171536361847,2.0690620054611655,437.35003662109375
4291,49.54775162081084,95.83071113408124,-0.6539914067831036,-0.8913257895577829,0.23733438277467922,140.9372100830078
4292,81.96389312489146,35.34517802494057,-0.00786122577796533,-0.7840554971944402,0.7761942714164749,278.5333251953125
4293,70.11946511764242,36.38774967199784,1.397428995885499,-0.19636217484337237,1.5937911707288714,397.9226989746094
4294,79.33028383653038,94.87242029466613,-1.2611817911812846,-3.090966161308947,1.8297843701276624,375.2120056152344
4295,95.09302589246639,55.95074780425273,1.846841516238725,1.362969326126409,0.48387219011231597,191.1370849609375
4296,79.72491845083013,79.53827648331074,0.4020983166433574,2.3808674927460345,1.978769176102677,256.000732421875
4297,42.96168435034181,66.0956773166738,0.5668353305026654,-1.6692704244660799,2.2361057549687455,396.1118469238281
4298,96.29709085365486,50.975753473260426,-2.283556722582142,-3.0923447453740325,0.8087880227918904,251.96400451660156
4299,100.2202533342091,51.16094944079617,-1.0458093095766872,3.1266742138611896,2.11070178374171,338.3082275390625
4300,41.40009822026371,41.025110862769196,-1.2808162579952609,1.4918588623183249,2.7726751203135858,489.5936584472656
4301,80.34125197204993,80.7031998399101,-0.22268927221355916,-2.5679633142673928,2.3452740420538336,277.8082580566406
4302,71.20974003546522,85.51779712662142,-1.4914432615754158,-0.6582241241556734,0.8332191374197424,397.69573974609375
4303,76.63953613898111,69.67723187801214,-0.3335369342343184,-1.084660490857761,0.7511235566234427,286.0514831542969
4304,90.04293066267255,36.19437822779755,0.00033359568316182475,0.0843616922035122,0.08402809652035037,78.79692077636719
4305,45.29706639884063,82.73620875708951,2.7833543644615384,-2.8483275477657273,0.6515033949523208,219.21156311035156
4306,62.149395945158616,35.78616923489394,1.804650254094934,-2.851618617566866,1.626916435517787,466.49884033203125
4307,81.47949804816128,54.50194722568687,1.5456310229817296,0.9525687397460709,0.5930622832356587,306.8876647949219
4308,88.45052801346608,73.34675667123835,-2.4444643920668665,-0.380090154338538,2.0643742377283285,323.9835510253906
4309,82.80639200473888,66.90723398187627,-2.8048942733154583,-1.5992490858918496,1.2056451874236087,431.7563781738281
4310,51.455296582134395,77.86709838317734,0.7882941269175134,0.9080365959389987,0.1197424690214852,92.61959838867188
4311,58.44744153726903,65.41437094694776,1.7649829326723454,1.4246328454338135,0.3403500872385319,173.7913055419922
4312,67.92991203820318,95.69972537797358,-1.373377203423884,-1.7414490846380386,0.3680718812141546,168.75344848632812
4313,59.46562625775115,89.91268222576144,-0.5176979847906722,-1.6062519113661897,1.0885539265755175,411.78619384765625
4314,90.28688842951208,53.66165429001036,0.6572545807463595,-1.885457150649693,2.5427117313960528,394.56341552734375
4315,75.89069365781819,98.42845919101565,0.467314875213233,2.8868036465654887,2.4194887713522557,220.73231506347656
4316,35.07791930043506,57.185893655108856,-1.2998054157353116,1.3959984925852247,2.6958039083205363,313.2323303222656
4317,37.963899801562505,63.785427179509014,-2.9064326192143706,-0.24041470544235866,2.666017913772012,355.4544372558594
4318,67.25477655556122,57.58478924166572,-1.2331383779008669,-1.1775137888452458,0.05562458905562107,251.6177215576172
4319,95.39867466323948,78.5922621002935,0.10376367611697157,-1.8128537408084193,1.916617416925391,386.47259521484375
4320,90.16777375283488,89.50998727545156,-2.9063568729429416,-2.01657411178892,0.8897827611540213,267.12274169921875
4321,90.78155262557104,55.62978029876611,2.144165556388847,1.9006632081752937,0.24350234821355343,298.220703125
4322,74.53895853931272,36.11853344936821,-2.271870814793566,0.8665442199100974,3.1384150347036632,415.6423034667969
4323,60.21869638598157,35.51933332545323,1.9784732040817126,0.9322025020039018,1.0462707020778108,246.5969696044922
4324,84.41403007387876,68.79921158639024,-1.0938282942617152,-2.6589650472042896,1.5651367529425744,297.9674987792969
4325,41.4822886358694,73.89063011133626,-1.298948556707699,-1.812651389782161,0.513702833074462,261.7937316894531
4326,65.07970543027405,80.8002613817,-3.0566859230714916,-2.9585258403158843,0.09816008275560728,68.76272583007812
4327,64.07443324308149,101.0798842621598,1.2848333378199293,2.8022699416237833,1.517436603803854,271.7517395019531
4328,40.40991684409913,87.27516803011875,2.1757110913236,1.770532062205226,0.4051790291183739,172.9467315673828
4329,87.48019945104805,48.12011114750094,1.403375020126429,-2.154581193142557,2.7252290939106003,339.0846252441406
4330,64.57490959114531,44.097199344465494,-0.9320118011382328,-1.995348280541928,1.0633364794036952,313.5707092285156
4331,81.32501084005065,42.5076515584383,0.023011386360566544,-3.1380589057374713,3.122115015081549,228.67343139648438
4332,91.90754757180973,77.91900559144437,-2.8287996000256266,2.1139919768360595,1.3403937303179003,342.5235290527344
4333,60.05879660251658,67.70294748183497,0.7903258319391275,-1.5459604559400866,2.336286287879214,429.13812255859375
4334,85.36537582244566,66.65689326340355,-0.07123166453527041,-1.9856481558955767,1.9144164913603063,333.908203125
4335,62.02568974081028,75.49682523453586,-1.3126126460058274,-1.7511893838100356,0.43857673780420825,222.3835906982422
4336,43.757984952981474,90.25176632660671,-1.6365722831926712,-0.18350217942812064,1.4530701037645506,418.9010314941406
4337,49.754896031234935,97.40139450181019,-0.05805529310973023,2.3584012933043734,2.4164565864141037,272.3001403808594
4338,99.48238007558385,63.739055379245144,-1.0325038245319837,0.11653239163400242,1.1490362161659862,329.958251953125
4339,87.7363246121352,40.05010872833713,0.04029401915639941,2.012215584218443,1.9719215650620434,383.61541748046875
4340,57.4056920674724,75.30726749473561,0.344493737368345,-2.6870556925555262,3.031549429923871,328.0276184082031
4341,76.5442937316243,94.60127844254411,1.2532205829799956,-1.8236111998447382,3.076831782824734,360.5774841308594
4342,79.79059526229128,50.67562683463378,-2.6477214219636225,0.1290286578375861,2.7767500798012086,265.89935302734375
4343,82.77922825823033,69.36976879711384,-2.0033372906012197,-1.7829886422923857,0.22034864830883394,169.74420166015625
4344,36.44070210169691,63.513527271431045,-2.3448919926773355,3.094787370733571,0.8435059437686799,285.848876953125
4345,45.05154652396635,82.01958017598182,1.8126069720557485,-3.0353124211295053,1.4352659139943322,332.39080810546875
4346,79.91042154888292,50.2936539907611,-2.105306792216145,2.2180048387525524,1.9598736762108893,250.2974395751953
4347,87.53183092993059,35.568240176483265,1.1163893810550833,-1.8953500929818519,3.0117394740369354,545.4508056640625
4348,77.3045736527962,91.25770932502343,0.025725760887965965,2.922840571252869,2.897114810364903,231.3282012939453
4349,72.67120226523346,83.76916924580587,-1.5654017174012964,0.21383245083296787,1.7792341682342643,437.9177551269531
4350,70.84929313977096,54.729588347112326,1.5520319436577958,-3.0382541392222104,1.6928992242995806,414.6429443359375
4351,89.94795652526804,47.4430127404653,6.081527563495115e-05,-1.4359314051301797,1.4359922204058146,387.25579833984375
4352,98.66415324921512,63.57021289876247,2.3987501977815855,1.7664917027933278,0.6322584949882577,247.73228454589844
4353,80.7808270851531,93.75615510649527,2.6767998465187954,-2.168510338123522,1.4378751225372695,264.78253173828125
4354,79.42116559493756,77.76915292922655,-0.07443143671673402,-0.05908870942374733,0.015342727292986691,24.57141876220703
4355,41.53150836788903,78.72653777040952,-0.5274652029148252,0.4508865914398994,0.9783517943547246,272.4858093261719
4356,64.36834773185362,70.9643846611954,-1.0975091887287105,-2.3472261544462056,1.2497169657174951,274.7172546386719
4357,40.278102509054015,53.893032596465915,1.4504984867405728,0.4244441480108305,1.0260543387297423,324.60205078125
4358,100.79970885831791,47.61785072904617,1.2876372939006453,1.8338375432421739,0.5462002493415286,157.61239624023438
4359,67.24564106896577,37.47770885399826,2.670117691956875,-1.5964134676350399,2.0166541475876714,416.9635925292969
4360,59.0545433746298,61.074838165560536,2.0291156845162375,0.049673910557627377,1.97944177395861,277.13409423828125
4361,36.965866168291846,67.29985016269657,0.14687572049924036,2.4366992042725455,2.289823483773305,306.83013916015625
4362,56.001280224285594,41.02386400049621,-3.0502225736131106,1.8576935836943829,1.375269149872093,322.70391845703125
4363,59.111261611611624,89.04915963038903,0.6692895227453826,-2.425910392667584,3.0951999154129664,261.0932312011719
4364,62.581049086538975,84.31530527368832,-2.056326577042774,-1.3608869540602888,0.6954396229824851,265.01690673828125
4365,90.40046525213307,100.22320811134843,0.4475009491267379,-1.0478513621435566,1.4953523112702944,313.4397277832031
4366,62.6373340595011,51.90884105074437,-1.5264037718990549,1.615585946018765,3.1411955892617667,347.09747314453125
4367,44.74681996082233,76.75025035483415,-0.828714681374231,0.043947968304082874,0.8726626496783139,287.2277526855469
4368,88.421614293808,47.98637304840745,0.592431553817621,-2.4733160360977338,3.065747589915355,271.9625549316406
4369,65.60742309681676,36.53635680946248,2.084149860279031,-1.0185364690199221,3.1026863292989533,375.57147216796875
4370,47.13488470796571,95.7589701323572,0.4220058207916262,1.8700959624047933,1.448090141613167,310.3682556152344
4371,80.8307430581199,86.48004678553684,-2.192216632033201,2.505035816745508,1.5859328584008774,275.45831298828125
4372,62.367937449465174,68.56421985834095,-1.2008530499487617,2.397295281829277,2.6850369754015477,355.87255859375
4373,62.551268636940954,63.286039620210964,2.7244366905018156,0.11388222523293479,2.610554465268881,228.46669006347656
4374,67.79561246843791,51.13294021954098,-2.518822846950791,-2.961724187154688,0.44290134020389704,204.6348114013672
4375,99.56797608829216,50.21419516214136,-0.10319965312167234,-2.091110607932709,1.9879109548110367,295.7342224121094
4376,63.91242927147623,46.94659434416211,-1.0624670818840385,-0.5765911849630991,0.48587589692093935,239.596923828125
4377,90.6561931111612,76.10799851837021,-1.2558303856039317,-0.731811322830008,0.5240190627739236,340.7749328613281
4378,95.7026149581134,96.00541466835386,1.4093884433992878,1.8569260439395743,0.4475376005402864,286.1236572265625
4379,91.12112316100072,62.442401893336665,2.499383647448864,-0.019382928412688294,2.5187665758615525,243.72718811035156
4380,47.166171467891104,37.29887117003583,-1.93412228667005,0.9011701232560414,2.835292409926091,354.9596252441406
4381,69.81992958638698,78.63132039698169,1.2129620548624764,3.057911911797027,1.8449498569345506,307.9361572265625
4382,77.72567334258689,91.79883252822279,2.825229296610213,2.4162896517724723,0.4089396448377407,259.6139831542969
4383,60.316172818047335,61.89865842011983,-1.1729773844513403,-2.6782493507039296,1.5052719662525893,358.2026062011719
4384,74.95016772729682,37.159179284646086,-0.38967253726935125,-2.1725746746891015,1.7829021374197502,336.5145568847656
4385,69.63216463202366,73.12621009697222,1.6017251587976018,-2.5818251225836732,2.0996350257983116,404.4764099121094
4386,35.89474684715779,90.08546275854678,0.8705760631346742,-1.8688334233859192,2.7394094865205934,359.877197265625
4387,86.2726761957849,68.27286109335974,0.8220393923099092,2.4666712350678512,1.644631842757942,192.25973510742188
4388,52.17542139653189,40.71495382939834,-2.00463514772872,0.45387288928055014,2.45850803700927,272.396240234375
4389,45.70638443117656,59.270964401899136,0.1876276436344959,-1.2004562905770366,1.3880839342115325,372.0528259277344
4390,88.26522541837922,78.6843537151094,-0.11996631127758839,0.5848884928084561,0.7048548040860445,229.9766845703125
4391,85.1536587633873,83.14124377097711,-2.903453313398351,2.3679497652241386,1.0117822285570972,298.2172546386719
4392,56.9016863321374,96.82643504148531,-0.5969071549397427,2.1951976503142117,2.7921048052539543,234.5408172607422
4393,74.74235133411673,45.230615534098206,1.6797423614226696,0.9037683823145128,0.7759739791081568,264.1541442871094
4394,71.59357656952608,90.74284995943466,2.537137516825709,2.131018680717956,0.406118836107753,170.193359375
4395,42.49873397513891,97.64269311089589,2.422459707400157,-0.7309324322403121,3.1297931675391175,259.4838562011719
4396,40.951081190978314,37.28557044497481,-1.0589753772337476,0.9432500084204323,2.00222538565418,356.6199645996094
4397,94.5816909838615,72.2199063301495,0.6241303174504673,2.7785004708565575,2.15437015340609,263.0324401855469
4398,51.684445180388025,63.808559700379085,0.7188283162667783,0.19013076054364264,0.5286975557231357,202.59786987304688
4399,52.100185835378625,74.67577430563068,-2.4955996863504244,-2.5648380525038106,0.06923836615338619,53.13136291503906
4400,58.16942416554298,63.118525919420364,1.9224271091532614,0.40379685342516014,1.5186302557281013,313.9286193847656
4401,42.50772508643333,58.25111753821294,-0.45862953162822473,-0.574914650357162,0.1162851187289373,84.98597717285156
4402,45.42742977346854,54.75223891325638,2.2608024628286287,2.230466973916246,0.03033548891238258,79.19486236572266
4403,42.255183970107176,94.84261562624982,3.0056605400473284,-1.8654882290890578,1.4120365380432,418.1092834472656
4404,39.92269994609506,75.09335905552341,2.990190697233875,-3.093423676116538,0.19957093382917382,100.42596435546875
4405,84.01895182508434,80.97177895419154,1.6297943145890903,0.5028730782120037,1.1269212363770866,374.5157470703125
4406,64.4170313891583,96.26208431580194,-1.5287463802320786,1.5963192355684361,3.125065615800515,350.22955322265625
4407,74.318838451313,68.24123729406128,-2.78239954544076,3.036578051031353,0.4642077107074736,218.43780517578125
4408,64.49887214162231,97.25133794465098,-3.026994878199418,-1.4556692713425308,1.571325606856887,385.5000305175781
4409,58.88569473733152,39.228370381724154,-0.30789399120699956,0.02154933633993128,0.32944332754693084,233.9272918701172
4410,99.25045466230361,46.14319743596247,2.7028494989176544,2.5490726374371064,0.15377686148054792,109.95384979248047
4411,74.33476164274617,44.09562930181083,-1.2443292315147594,-1.6914266972106269,0.4470974656958675,378.69720458984375
4412,88.07345018051214,95.41217734617281,2.533325172800377,0.9822356382936244,1.5510895345067528,235.8035430908203
4413,91.69202970267017,80.96341969674671,-0.07586186431047937,0.10080411581556481,0.17666598012604418,115.54220581054688
4414,78.71642169455512,44.63069236827101,-0.7671346952663867,-2.361123540964145,1.5939888456977584,268.9972229003906
4415,90.15076301508026,62.427895903093344,-0.4075546137989239,-1.4993608719122524,1.0918062581133285,425.32611083984375
4416,40.42913113731293,85.92712207478529,-1.0557196246884044,-2.361385340362319,1.3056657156739147,291.1530456542969
4417,95.7081954886444,76.90717896982571,-0.6361605544069535,-1.1996640612118348,0.5635035068048813,288.49957275390625
4418,53.295875008902755,66.3525012584546,-3.1260801217816474,0.887599921639457,2.2695052637584823,299.0610046386719
4419,62.155195220213464,85.2331148654097,0.4904556819756758,2.061444162038983,1.5709884800633072,285.3138732910156
4420,99.35189747007661,67.0633418942877,3.0444771469423264,2.4710610904082744,0.573416056534052,210.3240203857422
4421,96.55976224169282,74.37327607818892,-0.767992511469934,2.1743102123217577,2.9423027237916917,250.69357299804688
4422,59.36933285975897,88.65984151403006,-0.9388018860682386,1.2043888335081387,2.1431907195763773,317.03680419921875
4423,82.89510704246302,36.69115315242474,-0.3063234600241431,-1.9841742079797995,1.6778507479556564,343.79302978515625
4424,94.14917061654444,98.57110161434989,-0.10786693039297157,-1.6952774912188884,1.5874105608259168,409.5697326660156
4425,40.43094935292829,83.08690756769852,1.1074598706446777,1.9761099998822527,0.868650129237575,218.545654296875
4426,41.90427163514665,66.56409546001882,-2.677246170538381,2.495738578000058,1.1102005586411476,266.4526672363281
4427,63.943840913740345,97.35177242931223,-1.746148441378495,2.0084976278642124,2.5285392379368794,347.99169921875
4428,91.98177899450829,51.50995297126917,0.5888892991618668,2.04865287901867,1.4597635798568032,257.2082824707031
4429,64.90057770267893,94.21727162127932,-2.3718199917390788,2.2250218116105875,1.6863435038299202,274.0367736816406
4430,56.91201057463362,67.30399964405655,-2.3590644461924617,2.6764531061876573,1.2476677547994675,235.00291442871094
4431,70.0049990167411,70.7802169411722,-1.0491975524128567,-1.173735567014007,0.12453801460115033,206.1968231201172
4432,100.51817711894697,43.67826051989626,0.7368851393810587,2.980856415762714,2.2439712763816555,234.3848876953125
4433,93.029786768634,86.39514288697714,1.0202959275305803,-1.9288171164785393,2.9491130440091196,311.16680908203125
4434,49.7799865029787,83.70813083422624,-2.0597962142674295,1.9911299562883782,2.2322591366237785,275.04803466796875
4435,87.41769797937222,38.6886607942044,-1.8843610434249491,-2.8776107190867597,0.9932496756618105,339.5145568847656
4436,79.39730396647815,65.94165364180692,-2.4475208850310604,2.294110928610128,1.5415534935383983,284.5798034667969
4437,66.65799329608589,73.47196039761889,-1.361790100627073,-1.7074848536331202,0.34569475300604724,252.7569580078125
4438,54.97369227840941,42.76345687103228,0.26732318991841053,-1.7942593604830483,2.061582550401459,343.5360412597656
4439,44.11164796112824,85.89273490788628,-2.523749151296858,-2.2084652820698976,0.3152838692269606,154.7904510498047
4440,69.53013613255465,68.3792576171007,-2.194693776893752,-2.953149189616215,0.758455412722463,233.84060668945312
4441,68.62669182704789,64.56779550552999,3.059548784840313,1.6077155359688842,1.451833248871429,393.1977844238281
4442,41.35765173125716,97.20979794959268,-1.4496007276992007,2.169753811212379,2.663830768268007,380.7373046875
4443,39.35345406834315,63.59258245987791,-0.5981522120911893,0.06867373005623278,0.6668259421474221,249.51808166503906
4444,78.73602797693528,40.27561715606445,1.899154949111832,-2.8474795273339555,1.5365508307337985,351.012451171875
4445,41.65058739982211,89.26372752318225,2.3322882295943907,-1.0787646749934208,2.8721324025917747,311.73150634765625
4446,86.4961499272361,60.35632504094639,-0.09144661848692115,-2.1386229867600495,2.0471763682731283,319.3168640136719
4447,41.77971575416834,45.06805654995924,-1.8259407604670794,2.34067806116209,2.1165664855504165,353.64471435546875
4448,36.57011965500523,47.41295064653454,-1.1099177966304623,-0.5553131162330085,0.5546046803974538,257.4369812011719
4449,61.603919019219326,90.25492350984867,-1.0037097177637713,-0.7595163627501265,0.24419335501364484,139.9010772705078
4450,37.70973757296214,91.45389179488143,0.4598506720514606,1.8666392982387823,1.4067886261873217,300.8888244628906
4451,52.92220373797865,47.347281651819564,-2.972209540783253,0.8658780929475762,2.4450976734487573,260.75689697265625
4452,68.64865756405578,56.521337253697446,-2.7386793626956267,1.61011180543177,1.9343941390521897,446.17608642578125
4453,60.605231937536075,61.75988044226867,-2.2041899470374626,2.407957555328502,1.6710378048136223,264.1554870605469
4454,49.83525552474728,40.47710258084398,2.4959756620878704,-0.7224617728855285,3.064747872206188,325.55548095703125
4455,63.701336738880556,85.05732527092147,-1.722276515093342,1.2394004329829924,2.9616769480763345,380.6077575683594
4456,36.26578514970844,38.793984911737454,-1.202882063295554,2.355032677763095,2.7252705661209378,360.9366455078125
4457,62.61614561046357,79.26624523967392,-0.764149790436659,-1.1693642163285218,0.40521442589186285,244.21734619140625
4458,95.68818026819851,96.40298025035369,-2.0882589633951394,0.3750700562770355,2.463329019672175,300.1122131347656
4459,95.13267373170672,48.671893096772294,-0.7119304935099207,1.3144104667096208,2.0263409602195415,327.4175720214844
4460,69.91903791475403,83.13804813172015,-2.627401694328677,1.72100951292685,1.9347740999240595,308.2291259765625
4461,72.90581710460805,81.78020749422214,2.413447273296015,-2.4122813112602906,1.457456722623281,288.8946228027344
4462,47.17975717886144,99.06648170000595,-1.3739535190315302,-1.7924938991885337,0.41854038015700357,146.8416748046875
4463,69.26196746558873,42.643000917937236,2.9416294327805064,-0.17662675004604056,3.118256182826547,210.43853759765625
4464,89.82162886881218,95.79381858626505,-0.8584377451777665,-2.6474416727597134,1.789003927581947,288.09063720703125
4465,43.46723516840548,73.7444176090664,1.2398602856061451,-1.3824584077417221,2.622318693347867,346.3075256347656
4466,56.38448836758441,37.90405030231605,2.1753637355148934,0.9475511137923114,1.227812621722582,175.57205200195312
4467,85.40016048568934,64.97632828648457,2.969763287519795,0.1954418348502669,2.774321452669528,191.85411071777344
4468,58.76037548494051,74.81739714050957,-0.06096783184172683,-1.1991898278429343,1.1382219960012074,328.60858154296875
4469,56.065239997443314,101.73703861251106,1.4618851565794788,2.576678997823379,1.1147938412439,322.8316955566406
4470,35.49434981254026,88.6978828248013,1.267170118229279,-2.0937609123904584,2.9222542765598494,344.0636901855469
4471,88.36027119437107,85.85813998720522,1.555263091566454,0.28538524560659706,1.269877845959857,361.2248229980469
4472,48.17903663246905,69.17758248102918,0.20937148492231739,0.1741767256788398,0.03519475924347759,67.75149536132812
4473,87.88719495214596,91.99604516302742,-0.7024384762660336,2.9813754263071344,2.5993714046064182,281.9230651855469
4474,37.988367753758375,71.8466575863299,-0.061902907614435954,0.17363156411605196,0.23553447173048792,113.89667510986328
4475,46.68643427546263,78.49232869609577,-0.547808296083633,1.3622202727570842,1.9100285688407173,293.8560791015625
4476,93.04688316360264,58.097319454171945,-2.6804065095333476,-0.4328168487831081,2.2475896607502395,269.8923034667969
4477,68.59287160193784,57.275882531273055,1.1854946844799255,-0.18507905599342855,1.370573740473354,288.2535705566406
4478,46.724522799536274,55.07479761187912,0.5241312725221339,-2.335974793195776,2.86010606571791,289.81024169921875
4479,69.21552274602739,39.19816835080791,1.212294442613798,1.2753969752816818,0.06310253266788379,100.71758270263672
4480,38.435843778725015,69.16675990123733,1.8786587812284026,1.5026852749221362,0.37597350630626636,245.26065063476562
4481,79.94828568531173,61.532987877479805,-1.1715433160851452,2.834093298820889,2.277548692273552,325.6619567871094
4482,58.313214738896065,41.43576831175802,1.8338088859587423,2.570141710841619,0.7363328248828767,326.8146667480469
4483,59.47098002714846,36.06377606963532,1.549571363963084,0.9871824890268819,0.562388874936202,302.5639343261719
4484,46.82725392340352,56.99283926466532,-0.10703992683465158,-0.7350809249115335,0.628040998076882,209.59812927246094
4485,64.73337264950264,96.36715219529529,1.4601584070482057,-0.5534049936282184,2.013563400676424,364.8995666503906
4486,72.93885838370258,99.58806905326969,3.036890550443979,0.39319782390073055,2.6436927265432484,297.97088623046875
4487,68.88682802409869,93.9152452736183,-1.71799574459258,0.540691535342289,2.258687279934869,360.7255554199219
4488,75.01195788798213,96.131484119792,1.2518872160950192,-0.7353547065722505,1.9872419226672697,331.1989440917969
4489,75.63979998090446,66.24533952853379,-0.2019805971044608,1.4680376811281555,1.6700182782326163,360.9635009765625
4490,70.69522012961865,91.0691829439088,-0.35426794470609524,0.6910756082617855,1.0453435529678807,323.3522033691406
4491,54.981162708760934,80.13398896932463,-1.7574562574731556,0.865327503235445,2.6227837607086006,356.9228515625
4492,42.285785830267486,95.01297172856346,2.896932612476637,0.46713453963885776,2.4297980728377793,361.54827880859375
4493,77.31210185474117,87.32494099828995,-1.968934953046095,1.0531300966255719,3.022065049671667,265.7969665527344
4494,86.8331314826755,52.892339548233664,-1.400375337510553,-2.0013510052975034,0.6009756677869504,237.56761169433594
4495,35.518324362943794,101.85261416813383,2.056014828710646,-2.8649426590740132,1.362227819394927,362.88037109375
4496,91.76114225551727,38.61294601244012,2.1085086505307364,-1.9977093572124953,2.1769672994363543,370.7806701660156
4497,74.56551095334494,51.709045656056404,1.1860299790599251,-3.0523352842365994,2.0448200438830626,277.8773193359375
4498,54.626083819078104,81.94044603489847,-1.4965874357537639,1.2561009002555306,2.752688336009294,433.7275085449219
4499,45.15539717790612,47.5689781130331,0.6409383457473563,-1.3978290800554185,2.038767425802775,330.0361022949219
4500,84.34691308816468,41.20965961578637,1.2257398200616958,-2.0416281823766935,3.0158173047411974,404.44610595703125
4501,38.58078771184751,65.51332038163216,2.606326851295817,-1.0123237239876963,2.6645347318960733,378.87518310546875
4502,78.86174717896571,84.71508979301103,1.459017577847633,-0.07720571373970042,1.5362232915873335,326.0986633300781
4503,97.48266261205038,67.5736779426154,3.0140397779003125,-2.177335892372586,1.091809636906688,280.18145751953125
4504,90.15535711129641,72.94289571581963,0.9946366200040728,-2.0391339440300422,3.033770564034115,260.6839904785156
4505,61.44034361464337,62.44695811298999,-0.6307486205725317,1.298706825244123,1.9294554458166546,319.3809814453125
4506,40.42059342734876,77.33721024389962,0.1762047428914233,-1.8183103976313815,1.9945151405228048,364.7614440917969
4507,46.532969579695916,42.537081721177714,-1.6500591466031767,-1.8066866408816973,0.15662749427852063,249.7134552001953
4508,53.42437019605499,37.499374043283304,0.9271876638948209,3.131548346912516,2.204360683017695,279.1333923339844
4509,68.29665196224082,63.60531157663713,-1.3384882418712205,-0.5068123053740763,0.8316759364971442,321.093994140625
4510,65.36175746990234,46.20953622187336,2.5160517467567614,-1.1920497057877675,2.5750838546350576,334.046142578125
4511,37.62561971387938,40.57431546105888,0.05435650325354224,-0.2532455613499489,0.30760206460349115,226.61671447753906
4512,80.61973190201698,60.78326512829027,1.1880959197776102,2.548779835209885,1.3606839154322747,274.52838134765625
4513,70.68774521531401,35.48090346827866,-2.3160840857382774,-1.697940727771902,0.6181433579663753,368.8410949707031
4514,44.04136010074198,97.05162228769917,-0.6393422456929789,2.353370490564995,2.9927127362579737,240.14288330078125
4515,79.5146241646394,41.4644999610262,0.4369837648352606,3.0576392410806923,2.6206554762454317,214.88223266601562
4516,77.05375511045497,96.1444881359031,2.2081893186462054,2.664851081602782,0.45666176295657657,182.68797302246094
4517,93.0118012921214,63.86867408034343,2.801762115965163,0.26524121790107946,2.5365208980640834,320.97100830078125
4518,49.85661958090892,78.86439806543532,-2.7457810784140984,-2.7603873918933313,0.014606313479232913,35.44568634033203
4519,58.86673508299002,81.57440748836606,-2.0949261850411145,1.2751262004610373,2.913132921677435,302.1534423828125
4520,87.70435151581242,43.33728129064218,1.1452236360811243,0.5513511120307637,0.5938725240503606,305.4540100097656
4521,55.891872199161746,74.2120444470984,-1.8392808836994297,2.590900878329859,1.8530035451502977,336.1437683105469
4522,100.44666193187338,91.59104158671575,-1.3477025009239654,2.4678081547638717,2.4676746514917496,403.1478271484375
4523,40.82476590783571,50.41046311384349,0.3412975010742709,0.15933065073995278,0.18196685033431814,340.11029052734375
4524,41.348168699616735,81.02245609325622,-2.5204278374729365,-2.745457592605366,0.22502975513242962,186.2484893798828
4525,98.65456545609275,98.35709065112923,2.2674887058392983,-0.8503267823138732,3.1178154881531714,258.65264892578125
4526,57.1462916458959,40.117088850361796,-1.1615890665395439,-2.286439826859128,1.124850760319584,286.7672119140625
4527,88.10851148202971,98.89056399806418,-3.139932508038418,0.842099872749142,2.3011529263920267,268.6554870605469
4528,61.561951350417274,43.509076952280736,0.240845256042431,2.924906268316625,2.684061012274194,197.5409393310547
4529,95.68720407158763,95.56402529229494,1.9432474890560565,-1.5678037761191062,2.772134042004424,438.07037353515625
4530,38.46598801176041,83.2799620910038,-1.7193384096313458,-1.5206430840363363,0.19869532559500946,152.90306091308594
4531,57.62079227824893,82.29909233571445,-0.10162549618895333,1.2553521413113167,1.35697763750027,351.83563232421875
4532,45.90349270947034,66.2970988898936,1.0439265686908206,-1.3607907781865005,2.4047173468773213,319.3064880371094
4533,94.21025877049482,77.56610068895864,-2.6427162609038866,2.171981005577992,1.4684880406977074,316.3857421875
4534,66.95848059270918,63.47046227312963,3.140575724989371,-1.5589628064837302,1.5836467757064858,408.9832763671875
4535,35.02667799231837,95.83379263213766,2.6321596168526513,1.3601736309588848,1.2719859858937665,368.441650390625
4536,67.80306054090342,72.46764148596682,0.42093252398546577,-0.3536736957233515,0.7746062197088173,254.90191650390625
4537,40.97194727744693,48.395756382334135,-1.6226442596809332,0.10926429739365418,1.7319085570745874,436.96295166015625
4538,94.4114175073399,68.24140946702317,-1.1401907029487428,0.2855846556357493,1.4257753585844921,338.4400329589844
4539,60.41878028764548,39.42762889805837,0.1330950415859551,1.8538307510322491,1.720735709446294,400.4160461425781
4540,63.53213201043927,85.74417410249902,0.06370041172035235,-0.6193383056852952,0.6830387174056476,252.9054718017578
4541,66.82729712836348,36.58998561048659,2.934488181202938,0.25512355523909624,2.6793646259638417,208.69273376464844
4542,64.23219261978409,55.420855099088996,2.562409277851102,0.5087652758256307,2.053644002025471,206.83718872070312
4543,47.91123947857365,54.70997359361914,-0.5849934218777069,-3.041662400503135,2.4566689786254283,317.3484802246094
4544,65.12052229185551,65.43768310386528,1.4906938980050803,1.4651668553700778,0.025527042635002495,89.23562622070312
4545,56.46618221859714,91.18004837674607,-2.711332400781874,3.022456811756239,0.5493960946414734,194.91168212890625
4546,68.27113988281025,69.90165170064823,0.3887788243722725,0.7327106502304703,0.3439318258581978,212.76345825195312
4547,83.28542053531017,97.38851931535969,1.1152389450308648,2.2360882142667595,1.1208492692358947,228.32904052734375
4548,90.67691011092724,62.310610389951805,-2.8449141915628617,-0.2636072469668309,2.581306944596031,262.4399108886719
4549,38.737673226272086,46.67123536155681,-1.3185062532684377,1.236595897731398,2.5551021509998355,353.7470703125
4550,87.91797022550885,67.87745963869682,2.754657448285129,-0.24090309520415198,2.995560543489281,276.3877258300781
4551,54.221846219608565,53.388931187186536,-2.581307303142803,-2.6816644095109714,0.1003571063681683,103.52808380126953
4552,97.56660118047358,38.26658958096964,1.8774140904369823,-0.06792040115113895,1.9453344915881212,423.59490966796875
4553,44.99863498261291,72.92739353965746,1.7604775407640378,-1.990823279274488,2.531884487141061,265.5391540527344
4554,93.27057654110465,79.2055054858598,1.4435025791001532,-2.1482911817658104,2.691391546313623,385.9196472167969
4555,56.94227142135156,86.03858544490316,3.0696044382719805,-0.8656758938668796,2.3479049750407266,289.7285461425781
4556,44.01679759334182,96.62746467136978,-1.1193810740574888,2.2652676433597305,2.8985365897623674,290.2797546386719
4557,58.9241781694266,37.7797666068119,2.4757866258965935,0.5916149617049049,1.8841716641916886,206.67153930664062
4558,77.0664830933261,74.16426593653404,2.0691839058095454,-1.5224008227527832,2.691600578617258,400.4271240234375
4559,99.61008853803335,40.16043877406271,-1.996097892905182,2.0464121546264034,2.2406752596480004,413.7825012207031
4560,76.34652531576614,87.39528513898011,3.09417510470349,1.932361988065642,1.1618131166378483,296.91558837890625
4561,44.86190810045946,98.78952113737205,-2.818850827203152,-1.5230171171704177,1.2958337100327344,447.1127014160156
4562,92.035282182413,95.60297577826361,2.029149760565625,-2.0941391823363213,2.15989636427764,275.30389404296875
4563,46.84819677111898,64.83609861667247,-3.0318502640776748,1.9547322312328745,1.2966028118690371,265.53839111328125
4564,47.163206915021256,50.81693254618568,1.1039745355170094,1.5603538239108365,0.45637928839382713,317.5697021484375
4565,95.37965659902194,45.45695884751707,2.3428485457468957,0.13686312308541115,2.2059854226614846,242.79830932617188
4566,54.87829960008328,35.9471483227955,2.1157697503626514,-0.5646187667811429,2.6803885171437942,368.89874267578125
4567,95.4788008804376,67.1893314470168,2.303692771477161,0.23046872693727272,2.0732240445398884,266.4277038574219
4568,46.39119059820686,97.44016508236709,-2.834025506069149,0.41079213859069297,3.038367662519745,283.70611572265625
4569,92.19399328866828,70.1285432157894,0.07298216511036948,2.1380254816141946,2.065043316503825,284.5646057128906
4570,71.60469216971397,35.73972015152678,2.3817716210225015,1.3632299326733426,1.018541688349159,325.7269592285156
4571,97.32972521692423,59.0327668070746,2.6295658304900256,2.2818999712738464,0.3476658592161792,152.42025756835938
4572,89.86868399020975,71.9265901263785,-2.0380282915654124,-3.117599074346837,1.0795707827814245,301.4939880371094
4573,101.60613507996659,42.83175175973535,-2.5883972304703757,-0.5880401678280842,2.0003570626422915,285.5741271972656
4574,51.611049906054205,78.71120221598022,0.6530224040713013,0.7473276441527532,0.09430524008145191,90.8806381225586
4575,72.31731594682773,42.675476629210166,2.2930212148591327,-1.0286516250886675,2.9615124672317865,264.991455078125
4576,61.40619649340177,43.54412022590481,-1.1583764736251443,1.572284790390766,2.73066126401591,406.1253662109375
4577,79.75271779385758,38.954272075969314,1.9785466908798428,-1.5924235408929566,2.7122150754067875,475.4490661621094
4578,75.08970292345037,40.83166718119705,1.3641493720615685,-1.4304796517618679,2.794629023823436,416.52197265625
4579,78.16670079544133,58.49521041410342,2.6428234980496708,-2.8548479596512704,0.7855138494786458,254.3181915283203
4580,85.55032910971663,36.74850887014069,1.5152198080100527,2.3110393006331424,0.7958194926230897,302.3309326171875
4581,82.04227213205468,50.95305116223575,-2.7450680958733464,2.7072490939108613,0.8308681173953787,259.3126220703125
4582,89.30585228498873,60.864577970535066,0.37560596099368304,2.0711155219278137,1.6955095609341306,283.4378967285156
4583,61.52467117163673,90.34544626067324,2.7101256796756665,-0.3726343206597882,3.0827600003354547,290.3734436035156
4584,99.58533340508853,47.911712607101876,-2.653372202785452,1.1069481475635632,2.5228649568305714,310.33941650390625
4585,83.26343808333797,71.9261178379338,1.2041300798476895,0.6276089828134706,0.5765210970342189,296.21722412109375
4586,75.08586899152529,100.93070093980154,-2.4611116783459592,-2.701716880584948,0.24060520223898862,164.739501953125
4587,57.60866391748321,67.91110022981789,-2.83320425356566,1.5225044510685013,1.9274766025454257,439.2528991699219
4588,73.58628920320274,48.45903996560021,-0.10373994117198615,2.3978909539466198,2.501630895118606,251.50917053222656
4589,48.309800560368366,94.83930459773518,-2.9158536544185387,0.9670742571540467,2.4002573956070012,295.9852600097656
4590,37.10422159398472,85.11673930766119,1.4929764418699154,-1.2767112331682071,2.7696876750381225,377.9983825683594
4591,83.04633311994093,65.64804414442253,2.1472915894804414,2.695846452918982,0.5485548634385404,194.6835174560547
4592,50.2794462766165,49.040056649131806,2.519792987124328,1.4893939799825686,1.0303990071417592,297.81884765625
4593,101.68501285511827,48.941749395091485,1.3073717892302588,2.5863707000068334,1.2789989107765747,278.9524841308594
4594,61.014416102904605,72.16968805278253,0.47082891083459044,3.090733419198277,2.6199045083636867,239.97108459472656
4595,99.31158450693559,44.10924068870254,-2.3936506424076027,2.241100816346864,1.6484338484251195,283.1395568847656
4596,67.49511278570009,94.62920140574874,-1.5134249636210662,0.21249909839664483,1.725924062017711,426.9927673339844
4597,37.66409792108123,41.30176504683382,1.2254717904068242,0.31219974919893545,0.9132720412078887,375.6998596191406
4598,41.47292895964654,89.77820244870847,1.0401916050689657,1.7396836729366036,0.699492067867638,193.813720703125
4599,71.79596414126387,84.75874381010811,-2.6393908248985647,1.9380874290114942,1.705707053269528,330.6229553222656
4600,54.80528223857941,96.47462001052372,-1.5432146287651352,1.5140149794580484,3.0572296082231833,356.3220520019531
4601,97.98625972013042,45.24317729225957,-0.07407650481565131,-0.08724140935022984,0.013164904534578525,33.43657302856445
4602,53.5074471465351,66.77594920040652,0.38628383093909235,0.9536303927141541,0.5673465617750617,209.92445373535156
4603,84.7201981833054,75.67082398607522,-2.4184559330802595,-0.11499929237808715,2.3034566407021724,274.61700439453125
4604,94.44763246280266,86.96662028616478,-0.6878493637683243,-0.41728625801398156,0.2705631057543427,161.16250610351562
4605,85.25439195287733,64.07001417596572,0.40353074947060197,0.513938658938796,0.11040790946819401,138.3688201904297
4606,87.08566925032025,35.61413069902064,-2.776608082039428,0.09834469080701114,2.8749527728464392,285.3529052734375
4607,87.4569307978579,88.78770339332577,2.949766050925203,1.0086830437241305,1.9410830072010725,283.1875305175781
4608,95.46773522561392,37.55389822237759,2.219558770533161,0.5747493166049993,1.6448094539281617,267.6156005859375
4609,89.41300735223686,97.43215275051642,-0.20558706707122143,-2.4189315007966155,2.213344433725394,276.76165771484375
4610,77.50628882577712,65.23078947542815,2.9750931088427333,-1.7811704390915901,1.526921759245263,371.4917297363281
4611,45.500485694570465,75.54451044509968,-0.867320976772735,-1.4027024072699474,0.5353814304972125,273.2351379394531
4612,58.185321556232225,87.63453606905547,-2.3602909608798512,-2.3002066551353675,0.06008430574448376,57.322540283203125
4613,91.83042123237394,37.336137012794886,-0.40492911226522876,-1.1189699165328202,0.7140408042675914,282.40972900390625
4614,98.48340777723759,36.14882909229986,-1.610787269276397,-2.572645777788369,0.961858508511972,444.2347106933594
4615,49.73708815024236,41.51634294998991,-0.06591439985107339,-1.124364094057876,1.0584496942068027,360.0752258300781
4616,61.21035469152541,99.6075898751788,0.2931010098033813,1.995421026755678,1.7023200169522967,348.19146728515625
4617,68.31142971564586,64.698780909432,-2.466827511368367,0.7776780871951332,3.0386797086160864,258.5534973144531
4618,85.00623420454367,39.213908521508245,0.047433584110165405,-1.5074802037018886,1.554913787812054,415.3447265625
4619,97.3739021608279,85.34462693051337,0.238851342951659,-1.4064244630592846,1.6452758060109436,362.81768798828125
4620,59.3231619381332,82.09814634979,-1.8726104179160479,1.0260749629442483,2.898685380860296,342.83660888671875
4621,54.74305002654418,44.118684327974435,-0.9054404140596515,-1.7778477682608136,0.8724073542011621,292.8177795410156
4622,92.10087108251226,65.56675396511906,1.090930505012798,0.9867803673690076,0.10415013764379033,105.31997680664062
4623,48.06357541420792,97.20903579029223,0.813619686161656,0.8735893649343103,0.05996967877265425,54.54861068725586
4624,49.335721129471395,74.57390784994072,1.4727187363633805,-2.030708264556152,2.7797583062600544,328.60333251953125
4625,89.66027498687157,77.30713093067982,1.7781718084133962,2.141147213124275,0.36297540471087864,146.4251251220703
4626,61.656189473237546,98.7026137810881,2.2885033724705686,-2.5188557015567126,1.4758262331523053,294.9649658203125
4627,77.29760844459385,65.71597005795286,0.5593029887778767,-2.937263963372619,2.786618355029091,259.7460632324219
4628,100.35755688139852,69.92383958786807,-0.1237004763133207,-1.5359642656781418,1.412263789364821,423.2272644042969
4629,65.68674816424712,51.9359036094846,2.4153543808395996,-0.8073173554562558,3.060513570883731,292.6278381347656
4630,86.55254147962745,71.94135591047072,0.6449376992424369,-1.7702510844750785,2.4151887837175154,372.8226318359375
4631,98.61828954312438,100.9557251493346,-1.3034690455872617,-2.4093116708123166,1.1058426252250548,321.72930908203125
4632,57.541708011418145,43.06282524534959,2.741399303648535,-0.7268825266114889,2.8149034769195627,278.6936950683594
4633,65.22924088207122,40.56063974342419,1.7109518909545,0.1748377829624732,1.5361141079920269,372.0804138183594
4634,58.54811108285753,80.58740500198036,-0.1614988389223524,1.4912066518350517,1.6527054907574041,380.8619079589844
4635,49.71679390498957,96.4345933181005,3.1383108385033616,-1.9447777634087946,1.2000967052674307,281.8985290527344
4636,91.16293593335499,96.94011286932003,2.582912838911086,-0.20558691868951318,2.788499757600599,264.1318359375
4637,64.73608920976135,59.63423230578326,1.1767236062859547,0.3876646592087232,0.7890589470772316,270.7014465332031
4638,63.680375459456044,45.374842655219936,1.6690499795740532,1.9102546337655006,0.24120465419144743,293.0204772949219
4639,100.80154608227717,80.99207613706326,0.43754088396510227,-2.789119231244231,3.0565251919702536,298.05615234375
4640,54.63191823556319,52.45257126890528,1.7996767484245968,0.9444727551130372,0.8552039933115596,213.33567810058594
4641,38.854012884119946,39.160691348793776,1.682904618552346,-2.6089406190940747,1.9913400695331662,402.6213073730469
4642,85.95615102882738,91.07008751459165,-2.3872960000968595,-2.806553363454765,0.41925736335790553,278.0271301269531
4643,83.76579529042822,56.03394374208478,-0.8633227972537125,-1.2893978076011952,0.42607501034748263,288.71368408203125
4644,64.28424857319555,87.29598283752453,0.5588153592922724,-0.832091170744798,1.3909065300370704,296.7904968261719
4645,93.29829959228307,35.56610498904177,-0.6307204506107071,-0.40050043227546706,0.23022001833524008,187.31259155273438
4646,87.43658036556337,89.07894931771337,-1.139933660589818,0.8280064117773569,1.967940072367175,365.93121337890625
4647,47.34794626656961,48.339905454175074,-1.7364316924162295,2.6695581371133486,1.8771954776500082,344.36126708984375
4648,98.60997270210763,57.97755978228871,-0.8718713203226258,-2.44945818191607,1.5775868615934443,293.7712097167969
4649,48.61518943478143,70.38568344639995,-2.857261616149708,-3.007036761712028,0.14977514556231997,151.46421813964844
4650,88.7739439001561,79.12521888422175,-2.51956391535518,-2.7624313244653846,0.24286740911020477,173.94334411621094
4651,82.8347064850224,83.67089664539861,1.1762921906463308,-1.0495504614932036,2.2258426521395345,327.9870910644531
4652,87.70237301849198,69.26216591450145,2.6743353298711625,-2.7997810911568664,0.8090688861515576,336.1583251953125
4653,62.408689720949795,82.93967692351094,1.878250497556845,-2.2433305926312097,2.1616042169915315,360.2049255371094
4654,54.28249709794096,58.767667979079775,0.6540875763018055,-2.2611371568512033,2.915224733153009,237.55311584472656
4655,67.7899846487999,40.357517451503355,0.1299873754102836,1.7480192799210021,1.6180319045107185,376.36810302734375
4656,97.71233244035011,95.80307814359341,-2.5599943579556994,-2.839401659696725,0.27940730174102546,185.94334411621094
4657,73.70774225773349,44.98217366873183,0.7713738547815079,2.7345058711054886,1.9631320163239807,216.4367218017578
4658,58.143657028293134,59.34522772459988,2.799834681355305,-0.02841461436159376,2.828249295716899,317.19110107421875
4659,69.19883904911114,93.33072487849465,0.26847595156431936,-2.622723718729759,2.8911996702940783,275.34674072265625
4660,69.36779180983302,51.687221113991534,3.10918107753852,-0.9257908264797816,2.248213403161285,316.44207763671875
4661,99.34632109768107,47.03868199144905,0.6916258353854836,-2.2057560170736537,2.8973818524591373,289.1106872558594
4662,51.43161976403056,59.04741094877464,-1.2590473877368686,3.006961752891578,2.0171761665511405,398.6661376953125
4663,49.42721347849685,41.08054094800629,0.5901990635421024,2.886792213930824,2.2965931503887216,235.5673065185547
4664,77.75020833968532,59.12994238140089,3.1051556345456666,-1.5015451124243016,1.676484560209618,378.2528991699219
4665,56.56067855055333,68.08515474586022,0.9508654643544805,-1.9925089186986467,2.9433743830531274,279.5668640136719
4666,55.041354536875346,81.92233702062305,3.1192062541674295,0.8384393280274738,2.2807669261399557,292.5081481933594
4667,64.70845672793334,49.53164505542936,2.4406103085512516,-2.1730781734737965,1.6694968251545383,253.62513732910156
4668,81.75383111458129,70.44344841201433,1.6143746284762583,2.0262387711524132,0.4118641426761549,293.7200012207031
4669,36.84610572707461,35.221853425440834,-0.24378217319676354,-1.1657374058846264,0.9219552326878628,321.80694580078125
4670,58.639756708955076,39.84610989133204,1.595622670261565,1.385981496407708,0.20964117385385705,222.881591796875
4671,77.66917197483846,47.57003964634607,1.771623530975896,0.7482747947320099,1.0233487362438862,268.7325134277344
4672,61.01671916058454,54.62403397032631,2.8133481313177287,-1.3956155917170785,2.0742215841447798,464.9000244140625
4673,70.36540363155348,77.3314211115395,-1.6730274363772861,-1.544776175062378,0.12825126131490805,117.50020599365234
4674,76.97777363663337,55.271522339186305,0.014187631095634146,1.310122767553536,1.295935136457902,294.9577331542969
4675,84.8460263697813,41.98378630357889,-2.947098005314132,-1.7699359395687237,1.177162065745408,324.2502136230469
4676,65.38457468579821,73.46705367272966,2.558957849881362,-1.717248653650092,2.0069788036481326,369.5217590332031
4677,41.048046635516826,62.30773090073734,3.052096525912196,-0.7135380811510741,2.5175507001163164,393.44586181640625
4678,81.61006116783653,85.94463474980296,-0.5001315431539637,2.9443682814743557,2.8386854825512673,263.1037292480469
4679,77.49336310047816,69.75717241132233,-2.213800525525772,-2.6925949621120018,0.47879443658623,241.36526489257812
4680,61.13856159287555,59.556361324211736,0.8342691792755765,-0.3443012273809303,1.1785704066565068,295.3475341796875
4681,43.94639598703096,75.66856961333895,0.026166234823599144,-0.5296304345224381,0.5557966693460372,214.7801971435547
4682,73.09050957732154,40.430792722784204,2.047439815301801,-0.332330556313722,2.379770371615523,447.17535400390625
4683,82.36479147817391,96.10711148709339,2.9047715305243447,1.3165546262942787,1.588216904230066,283.96600341796875
4684,88.37655200898345,85.35010346432828,1.0249625317103312,-2.5563933903803857,2.7018293850888697,281.8631591796875
4685,42.90490908957603,69.885274501505,2.9993831086081384,-1.0057462575098803,2.278055941061568,410.5025634765625
4686,51.794745405431925,36.59726178528139,-2.1742487671186668,-0.9351237835419015,1.2391249835767653,281.48785400390625
4687,95.9115366400098,39.38839186484682,-0.8503333050282955,1.0048710857249574,1.855204390753253,354.06072998046875
4688,40.790666286080196,93.76998482578628,0.9703650555027981,0.6518014040920952,0.3185636514107028,126.81430053710938
4689,45.406917731699025,74.06899844132595,-1.5993271059046734,-2.2527242039598683,0.6533970980551949,394.6827392578125
4690,40.36625536605237,73.83837939016584,0.7904624813261636,2.245169137961443,1.4547066566352793,198.1385498046875
4691,76.44425217358358,47.76494571864115,-2.37163968736909,-1.6247322273111229,0.7469074600579673,376.9035949707031
4692,94.85141741742206,58.57587177021122,1.1088368821275996,-1.6229410132743405,2.7317778954019403,423.6315612792969
4693,92.1847042001053,87.27230462738885,0.3982258228651423,1.4173979923564444,1.019172169491302,326.14434814453125
4694,65.05006977308034,78.36275229080823,-2.4223828586551095,-0.34061705420477795,2.0817658044503315,355.0661926269531
4695,91.0895791127376,45.7222493529604,0.7446031201574561,0.5383606181316121,0.20624250202584402,117.43067169189453
4696,101.14434947939897,77.25980186161704,2.167307924393958,0.9247943622083845,1.2425135621855734,182.41970825195312
4697,35.53254442793139,88.46492552504937,1.1859959172124812,-2.036691274417425,3.0604981155496804,292.49371337890625
4698,60.68001855632001,36.54298585376117,2.9047203079212878,-0.4580292971578479,2.920435702100451,272.19476318359375
4699,41.778928145635,85.28157890857017,1.3066149127813844,-1.826676914221341,3.1332918270027257,391.57342529296875
4700,45.71658064026305,60.06113604613148,-1.9126528944988337,1.7414732793510748,2.629059133329678,367.89947509765625
4701,57.662892272223786,86.33604108203926,-2.9013391838203426,-0.8411850660769953,2.0601541177433473,270.5487060546875
4702,59.14061673163101,53.39036567890742,2.897792827768302,-1.7420781494588478,1.6433143299524373,340.62109375
4703,63.483279665791784,62.78007900013769,2.819356210595915,1.457384168848738,1.361972041747177,363.6571960449219
4704,40.21626254751697,81.25136085399811,-1.7722380469313197,-0.561706375576478,1.2105316713548417,375.78485107421875
4705,84.28032137059685,53.07022273978808,1.3494353936505359,2.5253790414556985,1.1759436478051626,272.5985107421875
4706,61.37207990638986,61.85701656181377,3.113081706483409,-1.6325163803535905,1.5375872203425873,409.7943420410156
4707,100.91152300680665,61.937475306103195,-1.2580501781002782,-2.3073168968247466,1.0492667187244684,338.92828369140625
4708,84.84182902611516,67.39999080616401,0.11761539469927262,-2.492818792809621,2.6104341875088934,278.96466064453125
4709,36.6403569477002,40.998801037604856,-2.087235585888793,-2.9116275554378097,0.8243919695490165,386.6782531738281
4710,76.58160434035761,61.30981230854629,2.9847558008950177,1.8290696709860352,1.1556861299089825,270.38092041015625
4711,65.79574407252028,61.31432749584178,3.050293709054258,-0.967530382918564,2.2653612152067653,307.35260009765625
4712,67.02504099695817,61.01058050244383,0.3168033894890634,-1.8247967574080224,2.141600146897086,391.83966064453125
4713,58.5069697850972,50.688914366623976,-0.49624231245472084,-0.7496528440154759,0.25341053156075516,134.2339324951172
4714,48.421638596654766,92.15888127220022,2.4259713126400255,-1.0028920707276785,2.8543219238118827,287.8861389160156
4715,96.66902971920896,60.99102643635127,0.747841688587449,-0.05354874861906467,0.8013904372065137,229.3509979248047
4716,94.33449559800223,61.881262438012826,2.1395302035277366,1.5992746425897257,0.5402555609380109,313.9632263183594
4717,88.54351300002398,57.23058006892316,-2.298966907420922,-2.9418923794761636,0.6429254720552415,220.44093322753906
4718,41.585429564053804,62.359737956285755,-1.1639850381190742,2.687192326231811,2.4320079428287014,385.20428466796875
4719,48.84063325380869,84.06842232022174,0.8582914086338693,1.7436154963246286,0.8853240876907593,235.0395965576172
4720,61.18414067543486,66.85682886023645,3.079764174173823,1.7343911411420585,1.3453730330317644,312.14306640625
4721,86.29335600742144,49.3254175007319,-0.974374815912237,-3.1008057445024586,2.1264309285902216,326.20220947265625
4722,75.11916484008648,69.36998872669905,0.9286332781316995,-2.2375118895328328,3.1170401395150544,237.41360473632812
4723,90.99618760206529,96.07362710937022,-2.168652580447796,-2.868496060822424,0.6998434803746281,271.4485778808594
4724,78.79753035756825,45.60250620920195,-0.5891110654992286,1.1253403903533012,1.71445145585253,323.86846923828125
4725,58.2898752914422,66.75709074343851,-1.495792362166813,-1.4929309741359484,0.002861388030864553,8.260246276855469
4726,96.2858987292596,90.51735058595719,-3.099750759779187,-1.7986531192810105,1.3010976404981764,339.4960021972656
4727,67.80158500313419,82.5561205054479,-3.0983145574434743,-1.5094075238700062,1.588907033573468,412.6605224609375
4728,67.24915439527453,62.19082102892148,0.2715685939877668,-0.06609687036985479,0.33766546435762157,161.87451171875
4729,42.9745238461051,60.72605567150282,-1.4706744124997848,-2.4562994684537536,0.9856250559539688,351.3411865234375
4730,81.1022451883889,55.27413745308787,1.3600175620962105,-2.482044186561531,2.4411235585218454,313.86859130859375
4731,54.52612361840314,74.15239424775913,-0.42977465647458013,-1.8807883734712076,1.4510137169966275,346.7648010253906
4732,39.64983338181963,83.48000129982816,-2.680679050421321,-2.5196261224541168,0.16105292796720416,187.90228271484375
4733,85.76188815598552,70.51332607759946,-0.45475854782636027,2.0425572771012934,2.4973158249276537,286.25714111328125
4734,43.51285357848819,88.32866657647668,1.57411096623001,-2.0709055472874303,2.638168793662146,394.94464111328125
4735,79.74040688841312,94.24646756591,-2.9291682581772305,2.1881683306222746,1.1658487183800814,273.243896484375
4736,84.71729628534983,69.96122971231958,-2.217204534239975,0.6589523525945093,2.8761568868344844,292.534912109375
4737,81.67628751252249,94.56632653465329,-2.7980312196788764,2.7485910433344447,0.736563044166266,265.5152282714844
4738,94.24707684806641,44.24872679232745,2.483683862088597,-2.663536804466472,1.1359646406245176,252.57846069335938
4739,82.04685644951806,52.25766557324964,0.34953971646780735,2.5852197713676084,2.235680054899801,267.26751708984375
4740,89.22236132504247,73.91458203411968,2.6633313565080314,-1.075162738304169,2.5446912123673857,311.5702819824219
4741,84.09422086569506,79.68157838437028,-2.871155368112747,2.8014491756988766,0.6105807633679635,354.4940185546875
4742,49.88955089966314,69.7544569641901,-2.74516133829852,1.234552940713023,2.303471028168044,391.767822265625
4743,40.860276768019325,63.22059927138447,-1.846352282621419,-1.9044935214616172,0.058141238840198284,99.5044937133789
4744,74.95694979578505,78.83092364567423,0.8920389957255468,-0.39803512623903314,1.29007412196458,305.176513671875
4745,69.17691969335124,49.941798405796575,-2.29725214336243,-2.403573076590111,0.10632093322768066,99.06161499023438
4746,99.04280594725999,56.41790237961266,0.4958179061613981,1.3277567271624608,0.8319388210010628,284.8998718261719
4747,66.0431309292878,42.50359420493194,1.2755341473416566,-2.3800781959371413,2.6275729639007888,443.3751525878906
4748,97.23654292301153,59.09111387878848,0.5568054003413181,-1.5534348068929462,2.1102402072342645,419.0960388183594
4749,75.84024541000386,60.136433616181876,2.863521150447183,-2.9463091620271005,0.47335499470530285,183.26930236816406
4750,95.1489527392894,38.33861394780256,0.22780024998581316,-1.908160868907375,2.135961118893188,388.2545166015625
4751,70.58603827965317,91.7971827447062,-2.054860580206695,0.05492491069158456,2.1097854908982794,342.8987731933594
4752,50.12138363290247,54.52780384162472,2.9902638507008747,2.618810284976141,0.37145356572473354,167.2886962890625
4753,46.17038363142099,66.29015693947265,0.4579363255354796,-2.8546693408508865,2.9705796407932206,337.43145751953125
4754,47.87692391024402,62.73575165731036,0.08794940420047048,-2.7850826937347817,2.873032097935252,301.0971374511719
4755,39.70003707523501,48.89018496124287,2.8236361326720365,-3.1001290581376493,0.3594201163699007,269.2916564941406
4756,74.80499130420043,91.12343249941472,2.6990916320249783,-1.6495071590939117,1.934586516060696,418.2413635253906
4757,75.32687605555043,97.98601013902586,-3.063375583864838,-0.5176496717466015,2.5457259121182365,274.47503662109375
4758,57.14500278448056,100.5677766022536,-0.047893532412565776,-2.6766260140576077,2.628732481645042,242.7457275390625
4759,63.61531757015088,78.9689385198578,-0.3123754027318677,1.1271315473092827,1.4395069500411504,321.81005859375
4760,56.85203677182999,97.31817097190728,0.5045310628691966,0.6647849399544716,0.16025387708527505,109.07508087158203
4761,101.9655582792232,54.28854400344491,-0.1567687466401697,2.1377108700050282,2.294479616645198,267.2965087890625
4762,40.051275945555965,49.28082660706757,-0.6837960470433195,-0.9064506795863747,0.22265463254305518,144.94764709472656
4763,35.87813644229519,98.2015130070856,0.6607817237783027,0.7941487817283761,0.13336705795007342,92.85267639160156
4764,75.72401701096837,47.28716423741727,-0.03303628810235093,1.6053528048721946,1.6383890929745455,394.2232666015625
4765,65.62689973159571,59.31074832686819,-2.4112462903638,-1.4205505139057213,0.9906957764580786,328.2899475097656
4766,84.63051775190408,36.436686433501315,-1.7418444809395928,-1.4470104146886908,0.29483406625090186,164.84832763671875
4767,63.31501324376826,92.7382243221677,3.0663779140181724,-0.8083948114553898,2.4084125817060245,287.2237243652344
4768,70.07687859633785,44.48505163582804,2.8491167407180367,-0.7050139514055305,2.7290546150560195,291.1319274902344
4769,91.28310490781786,44.04292514263669,0.41421550077461156,1.1419457891760816,0.7277302884014699,330.3598327636719
4770,79.9394937420351,66.28151998207235,1.1800833878737986,-0.42593337888960603,1.6060167667634047,333.9136047363281
4771,59.21249475471428,55.97883855496822,-0.9338141869872878,1.9413154092900138,2.8751295962773016,289.20721435546875
4772,46.1634199150618,62.66726338630398,2.3809757612200535,2.001371136479629,0.37960462474042433,188.12088012695312
4773,98.18459592357033,63.58193443290468,2.7354997219129302,-2.011664785486854,1.5360207997798023,304.0967102050781
4774,96.5729608593328,79.59185754026424,-2.9265833744299354,-1.5512920038742648,1.3752913705556706,433.4909973144531
4775,79.24092161265182,38.08612228123561,-0.27895823722790913,-2.6994404942840986,2.4204822570561895,291.31597900390625
4776,52.826596868414285,91.4071665142007,0.9858752413193228,3.0854954282777696,2.0996201869584468,278.50567626953125
4777,37.49672360496957,56.96224737794236,0.007961276710943821,-0.3749390393248655,0.3829003160358093,221.71832275390625
4778,52.212369839794164,54.03418666164639,0.329384712047299,-1.8857229746472115,2.2151076866945107,321.3935546875
4779,61.15462901423494,96.81870147260338,-0.1474764428624038,0.7663795792090848,0.9138560220714886,237.7765350341797
4780,53.9636151044744,95.76169650945039,2.886976601238449,-1.4827007060705302,1.913507999870607,395.5574951171875
4781,69.00360996769412,38.05046227304851,-1.3049913782736298,-2.00535977406203,0.7003683957884002,274.82940673828125
4782,65.80953934671918,68.32152237653943,-1.0055305952852613,-2.1146944788683824,1.109163883583121,269.068359375
4783,68.55874514190623,40.94884559424765,0.5930686540659407,1.2938060738361203,0.7007374197701797,356.2977294921875
4784,58.91964838508232,76.68071499424755,2.528666683943464,2.310632534948885,0.21803414899457874,115.82650756835938
4785,92.51268426833064,76.25555004789226,0.31022213952463007,2.3517557585672897,2.0415336190426596,331.0044860839844
4786,41.53295051534007,73.17106727813604,2.6595420247738746,-2.069603696569157,1.554039585836555,338.77105712890625
4787,49.76208595203052,101.9309018073288,-2.497757472516693,-1.454001410454716,1.0437560620619768,365.3760986328125
4788,59.843066056022145,91.93461054051656,-1.5326473313580988,-1.3851061513946064,0.14754117996349247,243.92147827148438
4789,61.04335169685766,65.4001974065688,-1.060612169686896,-1.2349590938023944,0.17434692411549846,271.78350830078125
4790,84.9814403750629,91.2677103024761,1.1855849886717111,-3.1233216191089515,1.9742786993989239,310.339599609375
4791,40.82868223054647,94.10615436109963,0.4313621003014405,2.184361505469262,1.7529994051678215,267.9650573730469
4792,93.1239255364279,60.48543010477579,1.0912907642925136,0.8643724898452723,0.2269182744472413,150.03689575195312
4793,39.07070563004292,75.08706856417078,1.1245532292785878,1.443650496451557,0.3190972671729692,241.1232452392578
4794,57.83572692981734,98.96202314094238,0.6404024604206868,-1.8566950836280631,2.49709754404875,411.77008056640625
4795,90.09877521908007,71.73999198566456,-2.539097595846087,0.6135147541647115,3.130572957168788,248.99237060546875
4796,97.00862604389903,51.154935431635394,1.5040975785360455,-0.8883324612533943,2.39243003978944,402.9923400878906
4797,38.04712318422591,55.09069636890706,-1.7716920427249705,2.1515839821679217,2.3599092822866945,362.4615783691406
4798,40.37147954665149,66.6765909914645,1.4653646228563435,-1.7693527106466511,3.048467973676592,401.09100341796875
4799,100.85372934851917,86.85509727813721,1.578353174819501,-0.3950734679585164,1.9734266427780174,445.4017028808594
4800,88.93992584454568,67.71245328769047,2.473032053039022,0.3601541125036012,2.1128779405354208,226.71343994140625
4801,53.27601929191525,44.92424344327106,-1.505060058343282,-3.1057206693249237,1.6006606109816417,388.76397705078125
4802,40.660229416607095,50.5337404916709,-0.6205129603920945,-2.2939900440386976,1.673477083646603,299.72100830078125
4803,77.13834073333163,96.16940138868412,0.4181439685806012,2.2663736036680273,1.848229635087426,265.1427001953125
4804,89.34737685433112,74.25329420584663,-1.6720001768303008,-0.07670287461421221,1.5952973022160886,405.8523864746094
4805,72.2952329301203,76.53363800963211,2.370809080462042,2.623248186705604,0.25243910624356225,136.18130493164062
4806,65.64678717395873,42.0593292905009,-2.3104789914675,0.3548431518302757,2.6653221432977756,305.4847106933594
4807,62.830840528130295,60.85255467152214,-1.8946519008651646,2.3441488943238182,2.044384511990604,389.8995056152344
4808,66.16862324649627,70.11679723340997,-1.6593117609401746,-1.5423178158435769,0.11699394509659777,108.95989227294922
4809,98.36117604912623,90.82191981914909,2.0325459779988,0.6782568546346446,1.3542891233641554,254.6120147705078
4810,55.76440034345018,99.22099860783938,1.0106395952085618,-2.065810677433921,3.0764502726424827,242.43272399902344
4811,88.21131516641961,43.31682452884241,0.8549072192621869,2.724174074209068,1.869266854946881,259.0928955078125
4812,67.24470855742493,91.95480385207205,-0.6787587096157419,-2.723590336911855,2.044831627296113,309.526611328125
4813,67.57370591050042,61.044923390183456,-0.862241755424551,2.4032960490234787,3.017647502731557,303.234375
4814,70.85178083644175,90.08353850049707,0.7789190513800555,-0.01788380481637697,0.7968028561964324,230.04994201660156
4815,48.00430081833977,56.25923453480809,0.3949335764311308,-0.6411561483163712,1.036089724747502,258.84381103515625
4816,39.319543460358844,94.03839555318864,2.2583367741470495,-0.027746959836197682,2.286083733983247,263.7201843261719
4817,74.77619142340185,69.31891310650718,2.386630922645864,1.4001300803795225,0.9865008422663415,287.53558349609375
4818,72.25310275009531,48.975793573263125,3.064085955779829,0.5735140320809031,2.490571923698926,251.52491760253906
4819,80.09696843845208,80.60115159895342,2.9671096500855407,2.7771523935152684,0.1899572565702723,174.574462890625
4820,89.04766162257022,39.487797455183426,-1.1761419412240535,-2.272042914351065,1.0959009731270115,334.369873046875
4821,59.73617785817423,41.99362105184379,-0.8000802525432271,2.513318038159176,2.9697870164771834,277.6578369140625
4822,69.0637893964435,45.72450372978001,-0.2324611476507723,-2.7426464590398636,2.5101853113890913,253.684326171875
4823,42.123270813014585,48.19938361003778,1.5040409980285778,-1.5914534363325727,3.0954944343611506,369.12396240234375
4824,86.40186739205265,95.285658633233,-1.3111508130852436,-0.34594371427668325,0.9652070988085604,391.2855529785156
4825,40.38601177304651,66.09408858227685,2.366354552822199,3.1108529924870183,0.7444984396648193,267.2765808105469
4826,85.5783499121492,50.93103841140599,-2.5761762118332774,-2.264821905666319,0.3113543061669586,156.77658081054688
4827,41.35654632316329,37.10133987964263,2.873297088715894,0.025653493394907745,2.8476435953209864,300.10565185546875
4828,48.08661220695103,48.13899939312522,1.4282513579422567,-2.797252998694502,2.0576809505428284,353.9146423339844
4829,58.630020099318536,43.0876170801859,-0.14446121635504872,2.8798204527526545,3.0242816691077032,229.16038513183594
4830,42.87004702235572,83.41026031041068,1.828376137316578,1.3883423838346651,0.440033753481913,189.91519165039062
4831,93.31190457633929,57.63027191963042,0.7249390133068303,-0.32395990994352264,1.048898923250353,318.44403076171875
4832,75.01602967251151,63.5361763985143,2.8898930130439497,-2.7725769838879915,0.6207153102476453,250.95681762695312
4833,87.54613258071419,95.06793727874083,-0.2639651661068183,-0.20535249260350463,0.05861267350331367,70.51384735107422
4834,73.34882778105745,76.67753644123158,-1.4655465352444743,-0.8515561053606655,0.6139904298838088,384.760498046875
4835,38.19218932055386,75.20606638441852,-1.5114858072462456,-1.2505599658870528,0.26092584135919283,340.3743896484375
4836,38.75215196322979,43.89525921953928,-2.471518348089755,1.8729331294446503,1.9387338296451813,338.5918884277344
4837,43.46173641215576,83.24102732392316,2.988086109500153,1.9502169798822182,1.0378691296179348,310.1902770996094
4838,85.98958359484331,63.87549577310003,-2.9395192926540084,-1.5271320063773552,1.412387286276653,453.13427734375
4839,76.72255402741396,46.28904546092193,-0.07523847649304694,-1.6045350843614323,1.5292966078683854,447.9629821777344
4840,71.78694569982639,64.31453174103588,-0.6422178424396581,-2.2925191282159343,1.6503012857762762,289.134033203125
4841,62.427868625896295,39.964666626274465,-1.55633330083759,-0.3400911129888726,1.2162421878487173,437.21917724609375
4842,86.19089563959417,72.9536199431654,-2.062839906234683,-2.042104280310479,0.020735625924204193,69.32176208496094
4843,57.31133670349578,90.17098961736792,0.97980465154623,2.9415203639239094,1.9617157123776794,294.1084899902344
4844,57.987261808168775,94.14521611388037,1.4356601546292609,-0.5039553470054692,1.93961550163473,328.205322265625
4845,59.34129164156242,64.50468552803117,0.006922446272350502,-0.41743863044666174,0.42436107671901224,195.5866241455078
4846,55.142493081959316,100.24456191614613,-0.8095074131363806,-3.0984648723665407,2.28895745923016,279.2891540527344
4847,67.18968625682461,61.14657745011186,-2.3882823216506535,-1.878340493724681,0.5099418279259724,338.2125549316406
4848,68.37321989982904,62.60581221001231,-0.6597733311356042,-0.08660829039795415,0.5731650407376501,208.61219787597656
4849,42.5751005728178,71.24700273459351,2.313055638376367,0.7380761550637365,1.5749794833126307,234.2176971435547
4850,89.7040392859304,49.55865352593449,-1.9026948073233447,1.0695865431133065,2.972281350436651,384.0770263671875
4851,91.42598050214463,72.75367080049783,0.6997701175533844,2.5683030773784754,1.868532959825091,225.9079132080078
4852,36.877021162635856,69.1799777695056,0.5723969958750201,0.2700632807336829,0.3023337151413372,209.25006103515625
4853,48.156529150925536,80.30934481762722,1.301208972939106,-2.047130807119517,2.9348455271209635,311.7486877441406
4854,40.459506196061845,90.78640352494739,-1.8391613670980889,-2.2755496827182116,0.4363883156201227,243.92660522460938
4855,44.38592393457961,71.74905595156301,1.5443151013343064,0.4221628448887609,1.1221522564455455,370.19879150390625
4856,44.66443668016548,39.54647500886095,2.221971897698765,-1.3660225137271,2.6951908957537216,341.2405700683594
4857,87.68803654061064,78.35441074324751,-1.204209808173588,-0.13386569466872755,1.0703441135048604,328.49456787109375
4858,90.07406840759786,97.36734184122,-1.548223380943163,1.9150827803764203,2.8198791458600034,417.9357604980469
4859,53.88213755111389,50.53314323933944,0.16172833778571727,-1.4776608930942248,1.639389230879942,385.3892517089844
4860,93.23957125117502,36.33081189066461,-1.9028045878812392,0.5752378150367186,2.478042402917958,363.4971923828125
4861,73.57061614811506,50.3960708705393,1.7299889814865166,-2.42744414792731,2.1257521777657598,355.47637939453125
4862,71.16587201708033,75.42464789953388,-0.9969422895161792,1.224148537872705,2.2210908273888843,352.8555908203125
4863,42.36510643310847,99.59563098945362,-2.0789113543076754,-1.3455081720754132,0.7334031822322622,267.6846618652344
4864,94.82404133716904,96.07434469178476,1.5557640366907588,-1.9214613864866628,2.805959884002165,431.0800476074219
4865,59.46401201924563,78.64814100992993,1.372611982732166,1.0125415804545206,0.3600704022776453,231.11953735351562
4866,69.04525624911429,75.19297445691018,2.1813714653722567,0.8863936001417212,1.2949778652305355,260.9961853027344
4867,36.48985835446108,44.260094681377296,0.06540363216145417,-0.15927425750254987,0.22467788966400404,151.63162231445312
4868,97.47355724917,92.64568174626899,-0.35740183312113194,2.4433997225155135,2.8008015556366455,291.7198486328125
4869,100.21177172741871,93.83071990857385,-2.048388783671711,1.3674821606110266,2.867314362896849,292.6437072753906
4870,45.75289187283482,74.9186563744782,2.223584316354973,-0.6266638981722816,2.8502482145272547,234.8523406982422
4871,81.40563531100887,82.67189060544858,0.8012736603690045,-3.0638297842126887,2.4180818625978935,272.7285461425781
4872,84.32748661946296,45.10597205322396,-1.1937790093346525,-0.3958310160153462,0.7979479933193063,298.3280334472656
4873,67.00286203910463,75.38927034282455,0.9790673476989227,-3.1152235030048345,2.1888944564758295,264.56585693359375
4874,41.35641361320269,91.9245849493998,-2.784022720442157,-0.9502322163866461,1.8337905040555107,374.4358215332031
4875,93.24852869304885,85.33313450013183,-2.827541070131944,0.658692818329349,2.796951418718294,325.4555969238281
4876,89.34475969785589,63.34944303611304,-0.6222738521750246,-2.778088234602483,2.1558143824274585,299.9448547363281
4877,95.6058844734988,57.89810294607446,1.3379784452850911,-0.9680030439843126,2.3059814892694037,280.801025390625
4878,85.26159663998125,86.23809111035548,1.1025433035318164,0.6991121990135536,0.40343110451826275,232.88734436035156
4879,66.09594276121382,46.7533402547505,1.190915880226206,0.4440735661614492,0.7468423140647569,331.7983703613281
4880,79.04414446948559,40.03942676203514,1.2671929489209193,-1.8949005710592801,3.1210917871993873,504.9950866699219
4881,75.48467372092303,73.96798733114557,-2.145590030232975,1.2153726501525792,2.9222226267940323,278.04864501953125
4882,87.18197085759343,86.86112537568337,-1.399812897151915,-1.7536053620391292,0.35379246488721416,176.95045471191406
4883,83.94844396872733,88.32233605385886,-3.074381468402485,-2.5798021212173543,0.49457934718513075,190.02088928222656
4884,78.16155588429632,55.16058987428107,-1.213545379711649,0.8411031948478547,2.054648574559504,399.4095764160156
4885,44.59497783330241,97.05306213684653,2.5659994755918376,-0.976611757908977,2.740574073678772,305.19683837890625
4886,49.13069786750542,81.70869282916212,2.7966899067824524,2.216984883467215,0.5797050233152374,232.0338134765625
4887,50.14126121508221,94.98568636859852,-0.9562542041223074,-1.3640354729402788,0.4077812688179714,258.3809509277344
4888,100.88754313578333,65.80831200967373,0.4571825352604937,0.6421414024320815,0.18495886717158783,109.57902526855469
4889,73.35815910948347,35.39408060669478,2.8713130738940302,1.9314309492345227,0.9398821246595075,387.6947937011719
4890,57.576607573746216,42.7307514700779,-2.0829788205083055,3.0526992090011875,1.1475072776700934,275.4034423828125
4891,86.65176006930915,39.36203284796786,-2.089044087492815,-1.46176011494406,0.6272839725487551,308.68115234375
4892,64.93705398167626,58.3663433837722,-0.24362667629636725,2.3133241013152093,2.5569507776115765,281.50390625
4893,40.17542694450279,39.433053386165746,-1.6973296227634964,1.4717074154092797,3.1141482690068103,375.2234191894531
4894,97.35763442265053,74.31341804074756,0.2658420499531253,2.52306308916088,2.2572210392077547,252.75582885742188
4895,41.46932631369137,96.00902573398182,1.6833005541004837,-0.7118632013245985,2.395163755425082,325.1213684082031
4896,85.34292205636791,90.62668775920505,-0.5905704869385429,1.5716115245122406,2.1621820114507835,378.61480712890625
4897,95.95424564358319,47.61834392484164,-2.2289092790897507,-1.478321882481989,0.7505873966077616,357.8966979980469
4898,43.921900155489695,46.91523245215096,-0.722160122689151,-1.8264243893314709,1.10426426664232,284.97857666015625
4899,101.25465023437475,79.27120186981405,2.795716146781131,1.111643239043823,1.684072907737308,307.7643127441406
4900,45.259804860928554,99.7696477925465,2.884975519401559,0.8189410487431341,2.066034470658425,398.6540222167969
4901,58.25155010192756,66.42077928399618,2.735360867153732,-2.299823381602162,1.2480010584236931,265.4207763671875
4902,98.72823903597629,74.40454343136699,-1.7870015471829788,-0.6913230593488793,1.0956784878340995,355.4400329589844
4903,92.710548921465,59.56124736358352,-2.723185846366972,-2.796673111760514,0.07348726539354189,175.80096435546875
4904,40.700777400131,47.83107647599969,2.002475341837669,-2.0274349989965836,2.253274966345334,282.655517578125
4905,78.07879864718257,71.5645096410307,-0.7688044594827601,-1.058953085851396,0.2901486263686359,179.6442413330078
4906,73.3526299407578,62.09850276396892,-2.2983051976112523,-0.7928665612195558,1.5054386363916965,291.66119384765625
4907,90.75374090111592,74.65989078576516,-2.3932516748025034,-2.7594150001742217,0.36616332537171825,219.53363037109375
4908,56.635625879001886,66.53077990701672,-0.10834330678769843,-3.0960014849244772,2.987658178136779,233.9412384033203
4909,72.184371130329,101.16021963690358,-2.317000444177544,1.2792490902633613,2.686935772738681,305.1953125
4910,44.021927028162935,65.69228007877247,0.687050126353117,0.5267592618819736,0.16029086447114338,149.91676330566406
4911,40.78230595232952,71.05075910119066,-1.554571483163967,-1.8540791713190508,0.2995076881550838,277.8100280761719
4912,88.56273273379531,58.93129141849406,-1.8038433037292805,0.05893930517226931,1.8627826089015498,350.6501159667969
4913,64.90500165529275,54.053095594608706,-1.2850511572264904,3.0092230400733984,1.9889111098796974,367.7808837890625
4914,67.95840735355748,37.871237398210944,1.8809145672521792,1.5011329894084717,0.3797815778437075,279.1709289550781
4915,64.17182839142893,70.88836237015406,2.384457522797211,-2.5589293712897954,1.33979841309258,241.20664978027344
4916,71.9450965164389,54.18371660015432,1.8400085857839548,0.7750597347164425,1.0649488510675122,303.1383972167969
4917,79.93232492177032,46.56664040440462,2.1685201984787126,1.1919479348633946,0.976572263615318,281.9341735839844
4918,81.38782729142743,35.79017316141067,2.470496721220668,2.008549897874695,0.4619468233459729,351.3202819824219
4919,37.1071585068014,92.17268261096112,2.008350789423818,1.1207501055187485,0.8876006839050694,221.6704559326172
4920,82.35254943756473,55.38050798191016,-1.8716652302742762,-2.3659945085975584,0.4943292783232822,316.6264343261719
4921,101.20783310854326,67.72755078390976,0.3381754021132162,2.7123004560382356,2.3741250539250194,267.1012878417969
4922,48.455286306667944,41.61180824670678,0.4863094337616394,1.5802989052405145,1.0939894714788752,375.09716796875
4923,51.31418249108035,78.31830463414158,-1.45768730349641,-1.7446600007374462,0.28697269724103625,151.88711547851562
4924,39.672080890403855,72.63574530824738,0.12291644720999573,-1.9292168316722365,2.0521332788822324,316.9189147949219
4925,51.79701285501401,75.7737657066655,-0.9200985231840142,2.30576232904862,3.0573244549469525,264.7631530761719
4926,45.54712164123268,37.06733505419921,1.2497414582075184,2.8716185940745396,1.6218771358670212,323.3896179199219
4927,58.27434910223533,96.49239925486022,-0.4044113444779378,0.8027441137699989,1.2071554582479367,336.2348327636719
4928,99.94105861226171,44.15754512049749,-2.76858771922217,1.3607138502220595,2.1538837377353572,349.4658508300781
4929,48.448092909884636,69.24385402797924,2.5480977070067876,1.1152100989963971,1.4328876080103905,249.88052368164062
4930,91.22907939679845,78.22829802254367,-1.069135631408952,-2.408847836277184,1.3397122048682322,311.4295959472656
4931,50.42061986192918,88.5679755259791,-0.7679196891916735,-2.069489447207406,1.3015697580157326,279.6438293457031
4932,43.794208167495974,95.91050278448381,0.45324556971992624,-2.590329535105637,3.043575104825563,284.82513427734375
4933,85.80950834928163,49.270796695079994,1.440703479877401,1.9655865012461184,0.5248830213687175,241.6708526611328
4934,78.24687980731545,90.09272156199698,1.7186791240260764,-0.6172363768733495,2.335915500899426,304.3116760253906
4935,55.331094867128634,76.56790733854632,-1.6084482421315829,-3.074583157932406,1.466134915800823,416.1687927246094
4936,54.00285066547225,41.177827802781735,2.2375912349990825,1.132975857483574,1.1046153775155085,264.15618896484375
4937,57.27902308128752,74.42857092167321,0.8338215620565048,-0.8827412507470545,1.7165628128035593,275.09722900390625
4938,50.87253018043779,101.99099480611862,2.830814522531605,-0.7821957648716249,2.670175019776357,348.2545166015625
4939,51.553130648922135,56.457134962477184,-2.8445233730118398,-1.414575659520526,1.4299477134913137,363.2340087890625
4940,54.52688688593235,45.24582449595718,-2.7748642020849217,1.008017881433446,2.500303223661219,299.66357421875
4941,48.47443412443595,100.75925265106393,0.6868342131349272,-0.5588427260369109,1.245676939171838,314.15911865234375
4942,72.08657848825071,57.000202497710134,1.9519176735693033,-3.1190294858221006,1.212238147788183,287.0530700683594
4943,73.71171802639033,92.3821644519162,2.6870720288279477,1.0182577091444207,1.668814319683527,259.9024963378906
4944,81.40704312133491,83.8866858068536,-2.2184810861785884,0.45658274952162925,2.6750638357002177,293.3935546875
4945,91.04628576790651,83.00085989552417,-2.6181681530905316,0.4329500740726493,3.051118227163181,268.71661376953125
4946,38.45317218465933,48.58593514979969,2.333326187572556,1.6295791664541817,0.7037470211183745,266.24700927734375
4947,39.233150320444445,70.92862560155291,1.6678624974585023,2.478464729576473,0.8106022321179704,315.0952453613281
4948,38.574104483302406,68.29732430686741,1.413622397942489,2.748118911825318,1.3344965138828293,357.8311462402344
4949,99.70785216553632,86.99425891076879,2.0383156307047914,1.581272388535739,0.4570432421690525,351.1271667480469
4950,81.63229979093933,69.61632664771446,-0.8916989771987924,0.9349583405606561,1.8266573177594485,291.1189270019531
4951,40.22934215803109,91.65451130307952,-0.2972344010563197,1.8104769603320943,2.107711361388414,329.6613464355469
4952,37.88979352131739,35.0683128781748,1.1955079028431115,2.5245810963230673,1.3290731934799558,348.4285583496094
4953,72.88901459831888,37.97635882678958,2.729694817966722,-1.9545390468099757,1.5989514424028883,282.2588806152344
4954,101.99787049635897,59.07956013360001,1.8539649944497052,-0.015938829665013365,1.8699038241147186,302.8116760253906
4955,53.11478159402288,72.96690107649596,2.8111438249039153,-0.2491483461230164,3.0602921710269317,416.6868896484375
4956,61.14720920101463,77.54602831476171,1.4090708951182922,-2.3327348240461676,2.541379588015127,317.3483581542969
4957,41.193425940695015,59.201474362365865,-0.8734194223001834,-1.4346219213223224,0.5612024990221389,270.76116943359375
4958,60.08375350365618,76.48741794507816,0.29250144244432397,2.7807722745240877,2.4882708320797637,231.3651885986328
4959,39.799735876867054,46.683021767117395,-1.2203587722767852,-0.11238028396313915,1.107978488313646,367.7663269042969
4960,56.13475707330045,95.86503345299097,1.0937407631468883,1.3828639578954087,0.28912319474852044,208.7203369140625
4961,79.90448623908193,67.93462180672455,-1.8342036608436416,2.6775093270448913,1.7714723192910535,344.6939392089844
4962,52.40733232559309,49.955267768335176,-2.1695379156078936,-2.8620158139248737,0.69247789831698,270.1597900390625
4963,75.51599667013733,53.22781496410177,2.3404409904779433,-2.790844962644833,1.15189935405681,297.720703125
4964,97.81640217045485,66.83822102274154,2.668111592599275,-0.47767124025405217,3.1374024743262594,257.0883483886719
4965,93.69703199856679,80.4951334132979,-0.16834982026624834,-0.33066017119787805,0.1623103509316297,290.7220458984375
4966,61.409366771945685,47.25354242372659,1.6668320952476057,2.371248222702941,0.7044161274553353,238.62217712402344
4967,67.11155722135874,63.82795089834632,1.6020781007043006,-2.5666399379310088,2.1144672685442774,413.09747314453125
4968,58.5753615631872,92.65416034568557,1.701905541685008,2.956932836018118,1.25502729433311,320.3227844238281
4969,42.5946372532415,99.1970210642342,0.5703055635173242,-2.40880118871348,2.979106752230804,283.01812744140625
4970,37.69358341985787,50.64319854025715,2.3894928915090867,-2.460583772178281,1.4331086434922187,262.32666015625
4971,48.13276082898282,54.74266949864122,1.9762351543331613,2.557635177247774,0.5814000229146128,196.92115783691406
4972,64.23335135830956,40.40432711199984,2.65627309422326,-1.5979318251981594,2.028980387758167,425.24237060546875
4973,39.734806536678164,78.50304393172327,-0.5857022711184894,-1.4521297731003522,0.8664275019818628,360.4702453613281
4974,37.49366863737416,37.531294267814715,-0.4385541886070574,-0.6530464633498849,0.2144922747428275,145.56614685058594
4975,46.62659273950245,101.61395219694482,-0.7086810057829442,-2.4473312437600474,1.7386502379771032,270.4382019042969
4976,72.47821641107365,72.13341158299684,-1.2428517801596297,2.6677760988654757,2.3725574281544812,364.1015625
4977,94.68688315842127,68.41283567258154,1.6736014883448078,-1.9197761906161208,2.689807628218658,451.2647399902344
4978,63.36246914080951,76.53797476848521,1.2073246395953703,0.021989547310288238,1.185335092285082,292.9059753417969
4979,42.641643990887886,35.07564509363359,-1.5341451935506447,1.9984398953221376,2.7506002183068046,495.3456726074219
4980,43.19245437384302,78.50713365866969,1.7555739128172556,-1.4311137157259364,3.096497678636395,359.0799560546875
4981,88.11589031806031,98.12956924872353,-0.8496778619214043,-0.4023194341469969,0.4473584277744074,237.0654296875
4982,58.44585094492495,90.83788585012923,1.664575682015152,-2.2276436077717534,2.3909660173926808,370.04498291015625
4983,46.83855762700863,66.78019929406446,-1.0418049743895148,-0.9122944071331158,0.12951056725639898,142.37841796875
4984,48.23596126139587,64.87969791590248,2.0360057872347497,-0.19207443563183224,2.228080222866582,288.2249755859375
4985,57.76119707337111,38.11621055673929,-1.642362370778192,1.496838402118322,3.139200772896514,427.055419921875
4986,39.32960380205632,60.57667503164727,2.1635837027106595,0.6273531170383042,1.5362305856723553,240.62684631347656
4987,53.19479958414388,58.333881758725994,2.542080635093374,-0.4285010932529696,2.9705817283463434,249.32325744628906
4988,89.23056592409196,61.63601523757745,1.9423196550624917,-2.949300550952604,1.3915651011644903,305.7660827636719
4989,89.35136795322119,64.93495491245524,0.2508565191451857,-1.4864738950308476,1.7373304141760333,418.22161865234375
4990,62.101256587588345,43.549350856725454,1.640371220816533,-1.157577414884204,2.7979486357007373,360.25390625
4991,86.69622500926819,68.99693256073232,-0.9561507219358596,-0.6170865676614876,0.339064154274372,211.6416473388672
4992,83.56106055186414,64.3241194418384,-0.020498851144870933,-1.031029425173276,1.010530574028405,333.31524658203125
4993,72.7276656141901,61.14006527177881,0.8065852301039032,-2.120758388490162,2.9273436185940653,271.5392150878906
4994,68.88051534843751,72.10009251648304,3.037601065420316,2.134212653113247,0.903388412307069,248.13882446289062
4995,74.73465002893666,35.55928156261925,-0.047611727580457064,-3.1285333168115845,3.0809215892311275,203.3829345703125
4996,63.25615545511509,56.750614369170464,-2.7231065941086294,0.36920399992898245,3.092310594037612,287.894775390625
4997,83.80393665771173,38.891002605236146,-3.126922673012728,2.2687551122449605,0.8875075219218973,239.98287963867188
4998,69.95765329415958,85.22984625816787,-0.5145473725177179,-1.2160225470075583,0.7014751744898404,334.4223327636719
4999,97.51021133116996,38.69234312838626,2.419681053865099,0.6766985532923657,1.742982500572733,193.3608856201172
